timestamp,scope,client_count
2026-08-03T01:50:01+09:00,all,0
2026-08-03T02:00:01+09:00,delta,5
2026-08-03T02:00:01+09:00,all,5
2026-08-03T02:10:01+09:00,delta,5
2026-08-03T02:10:01+09:00,all,5
2026-08-03T02:20:01+09:00,delta,5
2026-08-03T02:20:01+09:00,all,5
2026-08-03T02:30:01+09:00,delta,5
2026-08-03T02:30:01+09:00,all,5
2026-08-03T02:40:01+09:00,delta,4
2026-08-03T02:40:01+09:00,all,4
2026-08-03T02:50:01+09:00,delta,3
2026-08-03T02:50:01+09:00,all,3
2026-08-03T03:00:01+09:00,delta,3
2026-08-03T03:00:01+09:00,all,3
2026-08-03T03:10:01+09:00,delta,3
2026-08-03T03:10:01+09:00,all,3
2026-08-03T03:20:01+09:00,delta,3
2026-08-03T03:20:01+09:00,all,3
2026-08-03T03:30:01+09:00,delta,3
2026-08-03T03:30:01+09:00,all,3
2026-08-03T03:40:01+09:00,delta,3
2026-08-03T03:40:01+09:00,all,3
2026-08-03T03:50:01+09:00,delta,3
2026-08-03T03:50:01+09:00,all,3
2026-08-03T04:00:01+09:00,delta,3
2026-08-03T04:00:01+09:00,all,3
2026-08-03T04:10:01+09:00,delta,3
2026-08-03T04:10:01+09:00,all,3
2026-08-03T04:20:01+09:00,delta,3
2026-08-03T04:20:01+09:00,all,3
2026-08-03T04:30:01+09:00,delta,3
2026-08-03T04:30:01+09:00,all,3
2026-08-03T04:40:01+09:00,delta,3
2026-08-03T04:40:01+09:00,all,3
2026-08-03T04:50:01+09:00,delta,3
2026-08-03T04:50:01+09:00,all,3
2026-08-03T05:00:01+09:00,delta,3
2026-08-03T05:00:01+09:00,all,3
2026-08-03T05:10:01+09:00,delta,3
2026-08-03T05:10:01+09:00,all,3
2026-08-03T05:20:01+09:00,delta,3
2026-08-03T05:20:01+09:00,all,3
2026-08-03T05:30:01+09:00,delta,3
2026-08-03T05:30:01+09:00,all,3
2026-08-03T05:40:01+09:00,delta,3
2026-08-03T05:40:01+09:00,all,3
2026-08-03T05:50:01+09:00,delta,3
2026-08-03T05:50:01+09:00,all,3
2026-08-03T06:00:01+09:00,delta,3
2026-08-03T06:00:01+09:00,all,3
2026-08-03T06:10:01+09:00,delta,3
2026-08-03T06:10:01+09:00,all,3
2026-08-03T06:20:01+09:00,delta,3
2026-08-03T06:20:01+09:00,all,3
2026-08-03T06:30:01+09:00,delta,3
2026-08-03T06:30:01+09:00,all,3
2026-08-03T06:40:01+09:00,delta,3
2026-08-03T06:40:01+09:00,all,3
2026-08-03T06:50:01+09:00,delta,3
2026-08-03T06:50:01+09:00,all,3
2026-08-03T07:00:01+09:00,delta,3
2026-08-03T07:00:01+09:00,all,3
2026-08-03T07:10:01+09:00,delta,3
2026-08-03T07:10:01+09:00,all,3
2026-08-03T07:20:01+09:00,delta,3
2026-08-03T07:20:01+09:00,all,3
2026-08-03T07:30:01+09:00,delta,3
2026-08-03T07:30:01+09:00,all,3
2026-08-03T07:40:01+09:00,delta,3
2026-08-03T07:40:01+09:00,all,3
2026-08-03T07:50:01+09:00,delta,3
2026-08-03T07:50:01+09:00,all,3
2026-08-03T08:00:01+09:00,delta,3
2026-08-03T08:00:01+09:00,all,3
2026-08-03T08:10:01+09:00,delta,3
2026-08-03T08:10:01+09:00,all,3
2026-08-03T08:20:01+09:00,delta,3
2026-08-03T08:20:01+09:00,all,3
2026-08-03T08:30:01+09:00,delta,3
2026-08-03T08:30:01+09:00,all,3
2026-08-03T08:40:01+09:00,delta,3
2026-08-03T08:40:01+09:00,all,3
2026-08-03T08:50:01+09:00,delta,3
2026-08-03T08:50:01+09:00,all,3
2026-08-03T09:00:01+09:00,delta,3
2026-08-03T09:00:01+09:00,all,3
2026-08-03T09:10:01+09:00,delta,3
2026-08-03T09:10:01+09:00,all,3
2026-08-03T09:20:01+09:00,delta,5
2026-08-03T09:20:01+09:00,all,5
2026-08-03T09:30:01+09:00,delta,5
2026-08-03T09:30:01+09:00,all,5
2026-08-03T09:40:01+09:00,delta,5
2026-08-03T09:40:01+09:00,all,5
2026-08-03T09:50:01+09:00,delta,5
2026-08-03T09:50:01+09:00,all,5
2026-08-03T10:00:01+09:00,delta,6
2026-08-03T10:00:01+09:00,all,6
2026-08-03T10:10:01+09:00,delta,6
2026-08-03T10:10:01+09:00,all,6
2026-08-03T10:20:01+09:00,delta,6
2026-08-03T10:20:01+09:00,all,6
2026-08-03T10:30:01+09:00,delta,6
2026-08-03T10:30:01+09:00,all,6
2026-08-03T10:40:01+09:00,delta,7
2026-08-03T10:40:01+09:00,all,7
2026-08-03T10:50:01+09:00,delta,7
2026-08-03T10:50:01+09:00,all,7
2026-08-03T11:00:01+09:00,delta,7
2026-08-03T11:00:01+09:00,all,7
2026-08-03T11:10:01+09:00,delta,7
2026-08-03T11:10:01+09:00,all,7
2026-08-03T11:20:01+09:00,delta,7
2026-08-03T11:20:01+09:00,all,7
2026-08-03T11:30:01+09:00,delta,9
2026-08-03T11:30:01+09:00,all,9
2026-08-03T11:40:01+09:00,delta,10
2026-08-03T11:40:01+09:00,all,10
2026-08-03T11:50:01+09:00,delta,10
2026-08-03T11:50:01+09:00,all,10
2026-08-03T12:00:01+09:00,delta,11
2026-08-03T12:00:01+09:00,all,11
2026-08-03T12:10:01+09:00,delta,15
2026-08-03T12:10:01+09:00,all,15
2026-08-03T12:20:01+09:00,delta,15
2026-08-03T12:20:01+09:00,all,15
2026-08-03T12:30:01+09:00,delta,15
2026-08-03T12:30:01+09:00,all,15
2026-08-03T12:40:01+09:00,delta,15
2026-08-03T12:40:01+09:00,all,15
2026-08-03T12:50:01+09:00,delta,14
2026-08-03T12:50:01+09:00,all,14
2026-08-03T13:00:01+09:00,delta,15
2026-08-03T13:00:01+09:00,all,15
2026-08-03T13:10:01+09:00,delta,17
2026-08-03T13:10:01+09:00,all,17
2026-08-03T13:20:01+09:00,delta,17
2026-08-03T13:20:01+09:00,all,17
2026-08-03T13:30:01+09:00,delta,16
2026-08-03T13:30:01+09:00,all,16
2026-08-03T13:40:01+09:00,delta,14
2026-08-03T13:40:01+09:00,all,14
2026-08-03T13:50:01+09:00,delta,15
2026-08-03T13:50:01+09:00,all,15
2026-08-03T14:00:01+09:00,delta,15
2026-08-03T14:00:01+09:00,all,15
2026-08-03T14:10:01+09:00,delta,16
2026-08-03T14:10:01+09:00,all,16
2026-08-03T14:20:01+09:00,delta,18
2026-08-03T14:20:01+09:00,all,18
2026-08-03T14:30:01+09:00,delta,18
2026-08-03T14:30:01+09:00,all,18
2026-08-03T14:40:01+09:00,delta,16
2026-08-03T14:40:01+09:00,all,16
2026-08-03T14:50:01+09:00,delta,16
2026-08-03T14:50:01+09:00,all,16
2026-08-03T15:00:01+09:00,delta,17
2026-08-03T15:00:01+09:00,all,17
2026-08-03T15:10:01+09:00,delta,17
2026-08-03T15:10:01+09:00,all,17
2026-08-03T15:20:01+09:00,delta,19
2026-08-03T15:20:01+09:00,all,19
2026-08-03T15:30:01+09:00,delta,20
2026-08-03T15:30:01+09:00,all,20
2026-08-03T15:40:01+09:00,delta,19
2026-08-03T15:40:01+09:00,all,19
2026-08-03T15:50:01+09:00,delta,19
2026-08-03T15:50:01+09:00,all,19
2026-08-03T16:00:01+09:00,delta,17
2026-08-03T16:00:01+09:00,all,17
2026-08-03T16:10:01+09:00,delta,17
2026-08-03T16:10:01+09:00,all,17
2026-08-03T16:20:01+09:00,delta,18
2026-08-03T16:20:01+09:00,all,18
2026-08-03T16:30:01+09:00,delta,18
2026-08-03T16:30:01+09:00,all,18
2026-08-03T16:40:01+09:00,delta,18
2026-08-03T16:40:01+09:00,all,18
2026-08-03T16:50:01+09:00,delta,19
2026-08-03T16:50:01+09:00,all,19
2026-08-03T17:00:01+09:00,delta,18
2026-08-03T17:00:01+09:00,all,18
2026-08-03T17:10:01+09:00,delta,17
2026-08-03T17:10:01+09:00,all,17
2026-08-03T17:20:01+09:00,delta,15
2026-08-03T17:20:01+09:00,all,15
2026-08-03T17:30:01+09:00,delta,15
2026-08-03T17:30:01+09:00,all,15
2026-08-03T17:40:01+09:00,delta,18
2026-08-03T17:40:01+09:00,all,18
2026-08-03T17:50:01+09:00,delta,18
2026-08-03T17:50:01+09:00,all,18
2026-08-03T18:00:01+09:00,delta,19
2026-08-03T18:00:01+09:00,all,19
2026-08-03T18:10:01+09:00,delta,17
2026-08-03T18:10:01+09:00,all,17
2026-08-03T18:20:01+09:00,delta,17
2026-08-03T18:20:01+09:00,all,17
2026-08-03T18:30:01+09:00,delta,16
2026-08-03T18:30:01+09:00,all,16
2026-08-03T18:40:01+09:00,delta,15
2026-08-03T18:40:01+09:00,all,15
2026-08-03T18:50:01+09:00,delta,15
2026-08-03T18:50:01+09:00,all,15
2026-08-03T19:00:01+09:00,delta,14
2026-08-03T19:00:01+09:00,all,14
2026-08-03T19:10:01+09:00,delta,15
2026-08-03T19:10:01+09:00,all,15
2026-08-03T19:20:01+09:00,delta,13
2026-08-03T19:20:01+09:00,all,13
2026-08-03T19:30:01+09:00,delta,11
2026-08-03T19:30:01+09:00,all,11
2026-08-03T19:40:01+09:00,delta,9
2026-08-03T19:40:01+09:00,all,9
2026-08-03T19:50:01+09:00,delta,9
2026-08-03T19:50:01+09:00,all,9
2026-08-03T20:00:01+09:00,delta,9
2026-08-03T20:00:01+09:00,all,9
2026-08-03T20:10:01+09:00,delta,9
2026-08-03T20:10:01+09:00,all,9
2026-08-03T20:20:01+09:00,delta,9
2026-08-03T20:20:01+09:00,all,9
2026-08-03T20:30:01+09:00,delta,8
2026-08-03T20:30:01+09:00,all,8
2026-08-03T20:40:01+09:00,delta,5
2026-08-03T20:40:01+09:00,all,5
2026-08-03T20:50:01+09:00,delta,5
2026-08-03T20:50:01+09:00,all,5
2026-08-03T21:00:01+09:00,delta,5
2026-08-03T21:00:01+09:00,all,5
2026-08-03T21:10:01+09:00,delta,5
2026-08-03T21:10:01+09:00,all,5
2026-08-03T21:20:01+09:00,delta,5
2026-08-03T21:20:01+09:00,all,5
2026-08-03T21:30:01+09:00,delta,6
2026-08-03T21:30:01+09:00,all,6
2026-08-03T21:40:01+09:00,delta,6
2026-08-03T21:40:01+09:00,all,6
2026-08-03T21:50:01+09:00,delta,5
2026-08-03T21:50:01+09:00,all,5
2026-08-03T22:00:01+09:00,delta,5
2026-08-03T22:00:01+09:00,all,5
2026-08-03T22:10:01+09:00,delta,5
2026-08-03T22:10:01+09:00,all,5
2026-08-03T22:20:01+09:00,delta,5
2026-08-03T22:20:01+09:00,all,5
2026-08-03T22:30:01+09:00,delta,5
2026-08-03T22:30:01+09:00,all,5
2026-08-03T22:40:01+09:00,delta,5
2026-08-03T22:40:01+09:00,all,5
2026-08-03T22:50:01+09:00,delta,5
2026-08-03T22:50:01+09:00,all,5
2026-08-03T23:00:01+09:00,delta,5
2026-08-03T23:00:01+09:00,all,5
2026-08-03T23:10:01+09:00,delta,5
2026-08-03T23:10:01+09:00,all,5
2026-08-03T23:20:01+09:00,delta,5
2026-08-03T23:20:01+09:00,all,5
2026-08-03T23:30:01+09:00,delta,5
2026-08-03T23:30:01+09:00,all,5
2026-08-03T23:40:01+09:00,delta,5
2026-08-03T23:40:01+09:00,all,5
2026-08-03T23:50:01+09:00,delta,5
2026-08-03T23:50:01+09:00,all,5
2026-08-04T00:00:01+09:00,delta,5
2026-08-04T00:00:01+09:00,all,5
2026-08-04T00:10:01+09:00,delta,5
2026-08-04T00:10:01+09:00,all,5
2026-08-04T00:20:01+09:00,delta,5
2026-08-04T00:20:01+09:00,all,5
2026-08-04T00:30:01+09:00,delta,5
2026-08-04T00:30:01+09:00,all,5
2026-08-04T00:40:01+09:00,delta,5
2026-08-04T00:40:01+09:00,all,5
2026-08-04T00:50:01+09:00,delta,5
2026-08-04T00:50:01+09:00,all,5
2026-08-04T01:00:01+09:00,delta,5
2026-08-04T01:00:01+09:00,all,5
2026-08-04T01:10:01+09:00,delta,6
2026-08-04T01:10:01+09:00,all,6
2026-08-04T01:20:01+09:00,delta,5
2026-08-04T01:20:01+09:00,all,5
2026-08-04T01:30:01+09:00,delta,4
2026-08-04T01:30:01+09:00,all,4
2026-08-04T01:40:01+09:00,delta,4
2026-08-04T01:40:01+09:00,all,4
2026-08-04T01:50:01+09:00,delta,3
2026-08-04T01:50:01+09:00,all,3
2026-08-04T02:00:01+09:00,delta,3
2026-08-04T02:00:01+09:00,all,3
2026-08-04T02:10:01+09:00,delta,3
2026-08-04T02:10:01+09:00,all,3
2026-08-04T02:20:01+09:00,delta,3
2026-08-04T02:20:01+09:00,all,3
2026-08-04T02:30:01+09:00,delta,3
2026-08-04T02:30:01+09:00,all,3
2026-08-04T02:40:01+09:00,delta,3
2026-08-04T02:40:01+09:00,all,3
2026-08-04T02:50:01+09:00,delta,3
2026-08-04T02:50:01+09:00,all,3
2026-08-04T03:00:01+09:00,delta,3
2026-08-04T03:00:01+09:00,all,3
2026-08-04T03:10:01+09:00,delta,3
2026-08-04T03:10:01+09:00,all,3
2026-08-04T03:20:01+09:00,delta,3
2026-08-04T03:20:01+09:00,all,3
2026-08-04T03:30:01+09:00,delta,3
2026-08-04T03:30:01+09:00,all,3
2026-08-04T03:40:01+09:00,delta,3
2026-08-04T03:40:01+09:00,all,3
2026-08-04T03:50:01+09:00,delta,3
2026-08-04T03:50:01+09:00,all,3
2026-08-04T04:00:01+09:00,delta,3
2026-08-04T04:00:01+09:00,all,3
2026-08-04T04:10:01+09:00,delta,3
2026-08-04T04:10:01+09:00,all,3
2026-08-04T04:20:01+09:00,delta,3
2026-08-04T04:20:01+09:00,all,3
2026-08-04T04:30:01+09:00,delta,3
2026-08-04T04:30:01+09:00,all,3
2026-08-04T04:40:01+09:00,delta,3
2026-08-04T04:40:01+09:00,all,3
2026-08-04T04:50:01+09:00,delta,3
2026-08-04T04:50:01+09:00,all,3
2026-08-04T05:00:01+09:00,delta,3
2026-08-04T05:00:01+09:00,all,3
2026-08-04T05:10:01+09:00,delta,3
2026-08-04T05:10:01+09:00,all,3
2026-08-04T05:20:01+09:00,delta,3
2026-08-04T05:20:01+09:00,all,3
2026-08-04T05:30:01+09:00,delta,3
2026-08-04T05:30:01+09:00,all,3
2026-08-04T05:40:01+09:00,delta,3
2026-08-04T05:40:01+09:00,all,3
2026-08-04T05:50:01+09:00,delta,3
2026-08-04T05:50:01+09:00,all,3
2026-08-04T06:00:01+09:00,delta,3
2026-08-04T06:00:01+09:00,all,3
2026-08-04T06:10:01+09:00,delta,3
2026-08-04T06:10:01+09:00,all,3
2026-08-04T06:20:01+09:00,delta,3
2026-08-04T06:20:01+09:00,all,3
2026-08-04T06:30:01+09:00,delta,3
2026-08-04T06:30:01+09:00,all,3
2026-08-04T06:40:01+09:00,delta,3
2026-08-04T06:40:01+09:00,all,3
2026-08-04T06:50:01+09:00,delta,3
2026-08-04T06:50:01+09:00,all,3
2026-08-04T07:00:01+09:00,delta,3
2026-08-04T07:00:01+09:00,all,3
2026-08-04T07:10:01+09:00,delta,3
2026-08-04T07:10:01+09:00,all,3
2026-08-04T07:20:01+09:00,delta,3
2026-08-04T07:20:01+09:00,all,3
2026-08-04T07:30:01+09:00,delta,3
2026-08-04T07:30:01+09:00,all,3
2026-08-04T07:40:01+09:00,delta,3
2026-08-04T07:40:01+09:00,all,3
2026-08-04T07:50:01+09:00,delta,3
2026-08-04T07:50:01+09:00,all,3
2026-08-04T08:00:01+09:00,delta,3
2026-08-04T08:00:01+09:00,all,3
2026-08-04T08:10:01+09:00,delta,3
2026-08-04T08:10:01+09:00,all,3
2026-08-04T08:20:01+09:00,delta,3
2026-08-04T08:20:01+09:00,all,3
2026-08-04T08:30:01+09:00,delta,3
2026-08-04T08:30:01+09:00,all,3
2026-08-04T08:40:01+09:00,delta,3
2026-08-04T08:40:01+09:00,all,3
2026-08-04T08:50:01+09:00,delta,3
2026-08-04T08:50:01+09:00,all,3
2026-08-04T09:00:01+09:00,delta,3
2026-08-04T09:00:01+09:00,all,3
2026-08-04T09:10:01+09:00,delta,3
2026-08-04T09:10:01+09:00,all,3
2026-08-04T09:20:01+09:00,delta,3
2026-08-04T09:20:01+09:00,all,3
2026-08-04T09:30:01+09:00,delta,3
2026-08-04T09:30:01+09:00,all,3
2026-08-04T09:40:01+09:00,delta,3
2026-08-04T09:40:01+09:00,all,3
2026-08-04T09:50:01+09:00,delta,4
2026-08-04T09:50:01+09:00,all,4
2026-08-04T10:00:01+09:00,delta,4
2026-08-04T10:00:01+09:00,all,4
2026-08-04T10:10:01+09:00,delta,4
2026-08-04T10:10:01+09:00,all,4
2026-08-04T10:20:01+09:00,delta,4
2026-08-04T10:20:01+09:00,all,4
2026-08-04T10:30:01+09:00,delta,4
2026-08-04T10:30:01+09:00,all,4
2026-08-04T10:40:01+09:00,delta,4
2026-08-04T10:40:01+09:00,all,4
2026-08-04T10:50:01+09:00,delta,4
2026-08-04T10:50:01+09:00,all,4
2026-08-04T11:00:01+09:00,delta,4
2026-08-04T11:00:01+09:00,all,4
2026-08-04T11:10:01+09:00,delta,4
2026-08-04T11:10:01+09:00,all,4
2026-08-04T11:20:01+09:00,delta,4
2026-08-04T11:20:01+09:00,all,4
2026-08-04T11:30:01+09:00,delta,4
2026-08-04T11:30:01+09:00,all,4
2026-08-04T11:40:01+09:00,delta,4
2026-08-04T11:40:01+09:00,all,4
2026-08-04T11:50:01+09:00,delta,4
2026-08-04T11:50:01+09:00,all,4
2026-08-04T12:00:01+09:00,delta,4
2026-08-04T12:00:01+09:00,all,4
2026-08-04T12:10:01+09:00,delta,3
2026-08-04T12:10:01+09:00,all,3
2026-08-04T12:20:01+09:00,delta,4
2026-08-04T12:20:01+09:00,all,4
2026-08-04T12:30:01+09:00,delta,4
2026-08-04T12:30:01+09:00,all,4
2026-08-04T12:40:01+09:00,delta,4
2026-08-04T12:40:01+09:00,all,4
2026-08-04T12:50:01+09:00,delta,4
2026-08-04T12:50:01+09:00,all,4
2026-08-04T13:00:01+09:00,delta,4
2026-08-04T13:00:01+09:00,all,4
2026-08-04T13:10:01+09:00,delta,6
2026-08-04T13:10:01+09:00,all,6
2026-08-04T13:20:01+09:00,delta,6
2026-08-04T13:20:01+09:00,all,6
2026-08-04T13:30:01+09:00,delta,6
2026-08-04T13:30:01+09:00,all,6
2026-08-04T13:40:01+09:00,delta,6
2026-08-04T13:40:01+09:00,all,6
2026-08-04T13:50:01+09:00,delta,5
2026-08-04T13:50:01+09:00,all,5
2026-08-04T14:00:01+09:00,delta,5
2026-08-04T14:00:01+09:00,all,5
2026-08-04T14:10:01+09:00,delta,5
2026-08-04T14:10:01+09:00,all,5
2026-08-04T14:20:01+09:00,delta,5
2026-08-04T14:20:01+09:00,all,5
2026-08-04T14:30:01+09:00,delta,5
2026-08-04T14:30:01+09:00,all,5
2026-08-04T14:40:01+09:00,delta,5
2026-08-04T14:40:01+09:00,all,5
2026-08-04T14:50:01+09:00,delta,5
2026-08-04T14:50:01+09:00,all,5
2026-08-04T15:00:01+09:00,delta,5
2026-08-04T15:00:01+09:00,all,5
2026-08-04T15:10:01+09:00,delta,5
2026-08-04T15:10:01+09:00,all,5
2026-08-04T15:20:01+09:00,delta,5
2026-08-04T15:20:01+09:00,all,5
2026-08-04T15:30:01+09:00,delta,4
2026-08-04T15:30:01+09:00,all,4
2026-08-04T15:40:01+09:00,delta,3
2026-08-04T15:40:01+09:00,all,3
2026-08-04T15:50:01+09:00,delta,3
2026-08-04T15:50:01+09:00,all,3
2026-08-04T16:00:01+09:00,delta,3
2026-08-04T16:00:01+09:00,all,3
2026-08-04T16:10:01+09:00,delta,3
2026-08-04T16:10:01+09:00,all,3
2026-08-04T16:20:01+09:00,delta,3
2026-08-04T16:20:01+09:00,all,3
2026-08-04T16:30:01+09:00,delta,3
2026-08-04T16:30:01+09:00,all,3
2026-08-19T15:40:01+09:00,delta,17
2026-08-19T15:40:01+09:00,all,17
2026-08-19T15:50:01+09:00,delta,17
2026-08-19T15:50:01+09:00,all,17
2026-08-19T16:00:01+09:00,delta,18
2026-08-19T16:00:01+09:00,all,18
2026-08-19T16:10:01+09:00,delta,18
2026-08-19T16:10:01+09:00,all,18
2026-08-19T16:20:01+09:00,delta,16
2026-08-19T16:20:01+09:00,all,16
2026-08-19T16:30:01+09:00,delta,17
2026-08-19T16:30:01+09:00,all,17
2026-08-19T16:40:01+09:00,delta,19
2026-08-19T16:40:01+09:00,all,19
2026-08-19T16:50:01+09:00,delta,17
2026-08-19T16:50:01+09:00,all,17
2026-08-19T17:00:01+09:00,delta,17
2026-08-19T17:00:01+09:00,all,17
2026-08-19T17:10:01+09:00,delta,17
2026-08-19T17:10:01+09:00,all,17
2026-08-19T17:20:01+09:00,delta,16
2026-08-19T17:20:01+09:00,all,16
2026-08-19T17:30:01+09:00,delta,17
2026-08-19T17:30:01+09:00,all,17
2026-08-19T17:40:01+09:00,delta,18
2026-08-19T17:40:01+09:00,all,18
2026-08-19T17:50:01+09:00,delta,18
2026-08-19T17:50:01+09:00,all,18
2026-08-19T18:00:01+09:00,delta,19
2026-08-19T18:00:01+09:00,all,19
2026-08-19T18:10:01+09:00,delta,18
2026-08-19T18:10:01+09:00,all,18
2026-08-19T18:20:01+09:00,delta,18
2026-08-19T18:20:01+09:00,all,18
2026-08-19T18:30:01+09:00,delta,18
2026-08-19T18:30:01+09:00,all,18
2026-08-19T18:40:01+09:00,delta,18
2026-08-19T18:40:01+09:00,all,18
2026-08-19T18:50:01+09:00,delta,17
2026-08-19T18:50:01+09:00,all,17
2026-08-19T19:00:01+09:00,delta,17
2026-08-19T19:00:01+09:00,all,17
2026-08-19T19:10:01+09:00,delta,18
2026-08-19T19:10:01+09:00,all,18
2026-08-19T19:20:01+09:00,delta,15
2026-08-19T19:20:01+09:00,all,15
2026-08-19T19:30:01+09:00,delta,15
2026-08-19T19:30:01+09:00,all,15
2026-08-19T19:40:01+09:00,delta,15
2026-08-19T19:40:01+09:00,all,15
2026-08-19T19:50:01+09:00,delta,14
2026-08-19T19:50:01+09:00,all,14
2026-08-19T20:00:01+09:00,delta,14
2026-08-19T20:00:01+09:00,all,14
2026-08-19T20:10:01+09:00,delta,10
2026-08-19T20:10:01+09:00,all,10
2026-08-19T20:20:01+09:00,delta,10
2026-08-19T20:20:01+09:00,all,10
2026-08-19T20:30:01+09:00,delta,10
2026-08-19T20:30:01+09:00,all,10
2026-08-19T20:40:01+09:00,delta,7
2026-08-19T20:40:01+09:00,all,7
2026-08-19T20:50:01+09:00,delta,7
2026-08-19T20:50:01+09:00,all,7
2026-08-19T21:00:01+09:00,delta,8
2026-08-19T21:00:01+09:00,all,8
2026-08-19T21:10:01+09:00,delta,8
2026-08-19T21:10:01+09:00,all,8
2026-08-19T21:20:01+09:00,delta,8
2026-08-19T21:20:01+09:00,all,8
2026-08-19T21:30:01+09:00,delta,8
2026-08-19T21:30:01+09:00,all,8
2026-08-19T21:40:01+09:00,delta,8
2026-08-19T21:40:01+09:00,all,8
2026-08-19T21:50:01+09:00,delta,8
2026-08-19T21:50:01+09:00,all,8
2026-08-19T22:00:01+09:00,delta,8
2026-08-19T22:00:01+09:00,all,8
2026-08-19T22:10:01+09:00,delta,8
2026-08-19T22:10:01+09:00,all,8
2026-08-19T22:20:01+09:00,delta,8
2026-08-19T22:20:01+09:00,all,8
2026-08-19T22:30:01+09:00,delta,7
2026-08-19T22:30:01+09:00,all,7
2026-08-19T22:40:01+09:00,delta,7
2026-08-19T22:40:01+09:00,all,7
2026-08-19T22:50:01+09:00,delta,7
2026-08-19T22:50:01+09:00,all,7
2026-08-19T23:00:01+09:00,delta,7
2026-08-19T23:00:01+09:00,all,7
2026-08-19T23:10:01+09:00,delta,7
2026-08-19T23:10:01+09:00,all,7
2026-08-19T23:20:01+09:00,delta,7
2026-08-19T23:20:01+09:00,all,7
2026-08-19T23:30:01+09:00,delta,7
2026-08-19T23:30:01+09:00,all,7
2026-08-19T23:40:01+09:00,delta,7
2026-08-19T23:40:01+09:00,all,7
2026-08-19T23:50:01+09:00,delta,7
2026-08-19T23:50:01+09:00,all,7
2026-08-20T00:00:01+09:00,delta,7
2026-08-20T00:00:01+09:00,all,7
2026-08-20T00:10:01+09:00,delta,7
2026-08-20T00:10:01+09:00,all,7
2026-08-20T00:20:01+09:00,delta,7
2026-08-20T00:20:01+09:00,all,7
2026-08-20T00:30:01+09:00,delta,7
2026-08-20T00:30:01+09:00,all,7
2026-08-20T00:40:01+09:00,delta,7
2026-08-20T00:40:01+09:00,all,7
2026-08-20T00:50:01+09:00,delta,7
2026-08-20T00:50:01+09:00,all,7
2026-08-20T01:00:01+09:00,delta,8
2026-08-20T01:00:01+09:00,all,8
2026-08-20T01:10:01+09:00,delta,8
2026-08-20T01:10:01+09:00,all,8
2026-08-20T01:20:01+09:00,delta,8
2026-08-20T01:20:01+09:00,all,8
2026-08-20T01:30:01+09:00,delta,8
2026-08-20T01:30:01+09:00,all,8
2026-08-20T01:40:01+09:00,delta,5
2026-08-20T01:40:01+09:00,all,5
2026-08-20T01:50:01+09:00,delta,5
2026-08-20T01:50:01+09:00,all,5
2026-08-20T02:00:01+09:00,delta,5
2026-08-20T02:00:01+09:00,all,5
2026-08-20T02:10:01+09:00,delta,5
2026-08-20T02:10:01+09:00,all,5
2026-08-20T02:20:01+09:00,delta,5
2026-08-20T02:20:01+09:00,all,5
2026-08-20T02:30:01+09:00,delta,5
2026-08-20T02:30:01+09:00,all,5
2026-08-20T02:40:01+09:00,delta,5
2026-08-20T02:40:01+09:00,all,5
2026-08-20T02:50:01+09:00,delta,5
2026-08-20T02:50:01+09:00,all,5
2026-08-20T03:00:01+09:00,delta,5
2026-08-20T03:00:01+09:00,all,5
2026-08-20T03:10:01+09:00,delta,5
2026-08-20T03:10:01+09:00,all,5
2026-08-20T03:20:01+09:00,delta,5
2026-08-20T03:20:01+09:00,all,5
2026-08-20T03:30:01+09:00,delta,5
2026-08-20T03:30:01+09:00,all,5
2026-08-20T03:40:01+09:00,delta,5
2026-08-20T03:40:01+09:00,all,5
2026-08-20T03:50:01+09:00,delta,5
2026-08-20T03:50:01+09:00,all,5
2026-08-20T04:00:01+09:00,delta,5
2026-08-20T04:00:01+09:00,all,5
2026-08-20T04:10:01+09:00,delta,5
2026-08-20T04:10:01+09:00,all,5
2026-08-20T04:20:01+09:00,delta,5
2026-08-20T04:20:01+09:00,all,5
2026-08-20T04:30:01+09:00,delta,5
2026-08-20T04:30:01+09:00,all,5
2026-08-20T04:40:01+09:00,delta,5
2026-08-20T04:40:01+09:00,all,5
2026-08-20T04:50:01+09:00,delta,5
2026-08-20T04:50:01+09:00,all,5
2026-08-20T05:00:01+09:00,delta,5
2026-08-20T05:00:01+09:00,all,5
2026-08-20T05:10:01+09:00,delta,5
2026-08-20T05:10:01+09:00,all,5
2026-08-20T05:20:01+09:00,delta,5
2026-08-20T05:20:01+09:00,all,5
2026-08-20T05:30:01+09:00,delta,5
2026-08-20T05:30:01+09:00,all,5
2026-08-20T05:40:01+09:00,delta,5
2026-08-20T05:40:01+09:00,all,5
2026-08-20T05:50:01+09:00,delta,5
2026-08-20T05:50:01+09:00,all,5
2026-08-20T06:00:01+09:00,delta,5
2026-08-20T06:00:01+09:00,all,5
2026-08-20T06:10:01+09:00,delta,5
2026-08-20T06:10:01+09:00,all,5
2026-08-20T06:20:01+09:00,delta,5
2026-08-20T06:20:01+09:00,all,5
2026-08-20T06:30:01+09:00,delta,5
2026-08-20T06:30:01+09:00,all,5
2026-08-20T06:40:01+09:00,delta,5
2026-08-20T06:40:01+09:00,all,5
2026-08-20T06:50:01+09:00,delta,5
2026-08-20T06:50:01+09:00,all,5
2026-08-20T07:00:01+09:00,delta,5
2026-08-20T07:00:01+09:00,all,5
2026-08-20T07:10:01+09:00,delta,5
2026-08-20T07:10:01+09:00,all,5
2026-08-20T07:20:01+09:00,delta,5
2026-08-20T07:20:01+09:00,all,5
2026-08-20T07:30:01+09:00,delta,5
2026-08-20T07:30:01+09:00,all,5
2026-08-20T07:40:01+09:00,delta,5
2026-08-20T07:40:01+09:00,all,5
2026-08-20T07:50:01+09:00,delta,5
2026-08-20T07:50:01+09:00,all,5
2026-08-20T08:00:01+09:00,delta,5
2026-08-20T08:00:01+09:00,all,5
2026-08-20T08:10:01+09:00,delta,5
2026-08-20T08:10:01+09:00,all,5
2026-08-20T08:20:01+09:00,delta,5
2026-08-20T08:20:01+09:00,all,5
2026-08-20T08:30:01+09:00,delta,5
2026-08-20T08:30:01+09:00,all,5
2026-08-20T08:40:01+09:00,delta,5
2026-08-20T08:40:01+09:00,all,5
2026-08-20T08:50:01+09:00,delta,5
2026-08-20T08:50:01+09:00,all,5
2026-08-20T09:00:01+09:00,delta,5
2026-08-20T09:00:01+09:00,all,5
2026-08-20T09:10:01+09:00,delta,5
2026-08-20T09:10:01+09:00,all,5
2026-08-20T09:20:01+09:00,delta,5
2026-08-20T09:20:01+09:00,all,5
2026-08-20T09:30:01+09:00,delta,8
2026-08-20T09:30:01+09:00,all,8
2026-08-20T09:40:01+09:00,delta,8
2026-08-20T09:40:01+09:00,all,8
2026-08-20T09:50:01+09:00,delta,9
2026-08-20T09:50:01+09:00,all,9
2026-08-20T10:00:01+09:00,delta,11
2026-08-20T10:00:01+09:00,all,11
2026-08-20T10:10:01+09:00,delta,8
2026-08-20T10:10:01+09:00,all,8
2026-08-20T10:20:01+09:00,delta,8
2026-08-20T10:20:01+09:00,all,8
2026-08-20T10:30:01+09:00,delta,8
2026-08-20T10:30:01+09:00,all,8
2026-08-20T10:40:01+09:00,delta,9
2026-08-20T10:40:01+09:00,all,9
2026-08-20T10:50:01+09:00,delta,11
2026-08-20T10:50:01+09:00,all,11
2026-08-20T11:00:01+09:00,delta,11
2026-08-20T11:00:01+09:00,all,11
2026-08-20T11:10:01+09:00,delta,11
2026-08-20T11:10:01+09:00,all,11
2026-08-20T11:20:01+09:00,delta,10
2026-08-20T11:20:01+09:00,all,10
2026-08-20T11:30:01+09:00,delta,9
2026-08-20T11:30:01+09:00,all,9
2026-08-20T11:40:01+09:00,delta,9
2026-08-20T11:40:01+09:00,all,9
2026-08-20T11:50:01+09:00,delta,9
2026-08-20T11:50:01+09:00,all,9
2026-08-20T12:00:01+09:00,delta,9
2026-08-20T12:00:01+09:00,all,9
2026-08-20T12:10:01+09:00,delta,9
2026-08-20T12:10:01+09:00,all,9
2026-08-20T12:20:01+09:00,delta,11
2026-08-20T12:20:01+09:00,all,11
2026-08-20T12:30:01+09:00,delta,11
2026-08-20T12:30:01+09:00,all,11
2026-08-20T12:40:01+09:00,delta,11
2026-08-20T12:40:01+09:00,all,11
2026-08-20T12:50:01+09:00,delta,11
2026-08-20T12:50:01+09:00,all,11
2026-08-20T13:00:01+09:00,delta,13
2026-08-20T13:00:01+09:00,all,13
2026-08-20T13:10:01+09:00,delta,13
2026-08-20T13:10:01+09:00,all,13
2026-08-20T13:20:01+09:00,delta,13
2026-08-20T13:20:01+09:00,all,13
2026-08-20T13:30:01+09:00,delta,13
2026-08-20T13:30:01+09:00,all,13
2026-08-20T13:40:01+09:00,delta,13
2026-08-20T13:40:01+09:00,all,13
2026-08-20T13:50:01+09:00,delta,13
2026-08-20T13:50:01+09:00,all,13
2026-08-20T14:00:01+09:00,delta,13
2026-08-20T14:00:01+09:00,all,13
2026-08-20T14:10:01+09:00,delta,13
2026-08-20T14:10:01+09:00,all,13
2026-08-20T14:20:01+09:00,delta,13
2026-08-20T14:20:01+09:00,all,13
2026-08-20T14:30:01+09:00,delta,15
2026-08-20T14:30:01+09:00,all,15
2026-08-20T14:40:01+09:00,delta,15
2026-08-20T14:40:01+09:00,all,15
2026-08-20T14:50:01+09:00,delta,16
2026-08-20T14:50:01+09:00,all,16
2026-08-20T15:00:01+09:00,delta,16
2026-08-20T15:00:01+09:00,all,16
2026-08-20T15:10:01+09:00,delta,15
2026-08-20T15:10:01+09:00,all,15
2026-08-20T15:20:01+09:00,delta,17
2026-08-20T15:20:01+09:00,all,17
2026-08-20T15:30:01+09:00,delta,17
2026-08-20T15:30:01+09:00,all,17
2026-08-20T15:40:01+09:00,delta,17
2026-08-20T15:40:01+09:00,all,17
2026-08-20T15:50:01+09:00,delta,17
2026-08-20T15:50:01+09:00,all,17
2026-08-20T16:00:01+09:00,delta,15
2026-08-20T16:00:01+09:00,all,15
2026-08-20T16:10:01+09:00,delta,15
2026-08-20T16:10:01+09:00,all,15
2026-08-20T16:20:01+09:00,delta,16
2026-08-20T16:20:01+09:00,all,16
2026-08-20T16:30:01+09:00,delta,16
2026-08-20T16:30:01+09:00,all,16
2026-08-20T16:40:01+09:00,delta,16
2026-08-20T16:40:01+09:00,all,16
2026-08-20T16:50:01+09:00,delta,13
2026-08-20T16:50:01+09:00,all,13
2026-08-20T17:00:01+09:00,delta,13
2026-08-20T17:00:01+09:00,all,13
2026-08-20T17:10:01+09:00,delta,12
2026-08-20T17:10:01+09:00,all,12
2026-08-20T17:20:01+09:00,delta,12
2026-08-20T17:20:01+09:00,all,12
2026-08-20T17:30:01+09:00,delta,11
2026-08-20T17:30:01+09:00,all,11
2026-08-20T17:40:01+09:00,delta,11
2026-08-20T17:40:01+09:00,all,11
2026-08-20T17:50:01+09:00,delta,11
2026-08-20T17:50:01+09:00,all,11
2026-08-20T18:00:01+09:00,delta,13
2026-08-20T18:00:01+09:00,all,13
2026-08-20T18:10:01+09:00,delta,13
2026-08-20T18:10:01+09:00,all,13
2026-08-20T18:20:01+09:00,delta,13
2026-08-20T18:20:01+09:00,all,13
2026-08-20T18:30:01+09:00,delta,12
2026-08-20T18:30:01+09:00,all,12
2026-08-20T18:40:01+09:00,delta,11
2026-08-20T18:40:01+09:00,all,11
2026-08-20T18:50:01+09:00,delta,11
2026-08-20T18:50:01+09:00,all,11
2026-08-20T19:00:01+09:00,delta,11
2026-08-20T19:00:01+09:00,all,11
2026-08-20T19:10:01+09:00,delta,11
2026-08-20T19:10:01+09:00,all,11
2026-08-20T19:20:01+09:00,delta,11
2026-08-20T19:20:01+09:00,all,11
2026-08-20T19:30:01+09:00,delta,10
2026-08-20T19:30:01+09:00,all,10
2026-08-20T19:40:01+09:00,delta,8
2026-08-20T19:40:01+09:00,all,8
2026-08-20T19:50:01+09:00,delta,8
2026-08-20T19:50:01+09:00,all,8
2026-08-20T20:00:01+09:00,delta,8
2026-08-20T20:00:01+09:00,all,8
2026-08-20T20:10:01+09:00,delta,8
2026-08-20T20:10:01+09:00,all,8
2026-08-20T20:20:01+09:00,delta,8
2026-08-20T20:20:01+09:00,all,8
2026-08-20T20:30:01+09:00,delta,8
2026-08-20T20:30:01+09:00,all,8
2026-08-20T20:40:01+09:00,delta,8
2026-08-20T20:40:01+09:00,all,8
2026-08-20T20:50:01+09:00,delta,8
2026-08-20T20:50:01+09:00,all,8
2026-08-20T21:00:01+09:00,delta,8
2026-08-20T21:00:01+09:00,all,8
2026-08-20T21:10:01+09:00,delta,8
2026-08-20T21:10:01+09:00,all,8
2026-08-20T21:20:01+09:00,delta,8
2026-08-20T21:20:01+09:00,all,8
2026-08-20T21:30:01+09:00,delta,8
2026-08-20T21:30:01+09:00,all,8
2026-08-20T21:40:01+09:00,delta,9
2026-08-20T21:40:01+09:00,all,9
2026-08-20T21:50:01+09:00,delta,9
2026-08-20T21:50:01+09:00,all,9
2026-08-20T22:00:01+09:00,delta,9
2026-08-20T22:00:01+09:00,all,9
2026-08-20T22:10:01+09:00,delta,8
2026-08-20T22:10:01+09:00,all,8
2026-08-20T22:20:01+09:00,delta,7
2026-08-20T22:20:01+09:00,all,7
2026-08-20T22:30:01+09:00,delta,7
2026-08-20T22:30:01+09:00,all,7
2026-08-20T22:40:01+09:00,delta,7
2026-08-20T22:40:01+09:00,all,7
2026-08-20T22:50:01+09:00,delta,7
2026-08-20T22:50:01+09:00,all,7
2026-08-20T23:00:01+09:00,delta,7
2026-08-20T23:00:01+09:00,all,7
2026-08-20T23:10:01+09:00,delta,7
2026-08-20T23:10:01+09:00,all,7
2026-08-20T23:20:01+09:00,delta,7
2026-08-20T23:20:01+09:00,all,7
2026-08-20T23:30:01+09:00,delta,7
2026-08-20T23:30:01+09:00,all,7
2026-08-20T23:40:01+09:00,delta,7
2026-08-20T23:40:01+09:00,all,7
2026-08-20T23:50:01+09:00,delta,7
2026-08-20T23:50:01+09:00,all,7
2026-08-21T00:00:01+09:00,delta,7
2026-08-21T00:00:01+09:00,all,7
2026-08-21T00:10:01+09:00,delta,8
2026-08-21T00:10:01+09:00,all,8
2026-08-21T00:20:01+09:00,delta,8
2026-08-21T00:20:01+09:00,all,8
2026-08-21T00:30:01+09:00,delta,8
2026-08-21T00:30:01+09:00,all,8
2026-08-21T00:40:01+09:00,delta,8
2026-08-21T00:40:01+09:00,all,8
2026-08-21T00:50:01+09:00,delta,8
2026-08-21T00:50:01+09:00,all,8
2026-08-21T01:00:01+09:00,delta,8
2026-08-21T01:00:01+09:00,all,8
2026-08-21T01:10:01+09:00,delta,8
2026-08-21T01:10:01+09:00,all,8
2026-08-21T01:20:01+09:00,delta,8
2026-08-21T01:20:01+09:00,all,8
2026-08-21T01:30:01+09:00,delta,8
2026-08-21T01:30:01+09:00,all,8
2026-08-21T01:40:01+09:00,delta,8
2026-08-21T01:40:01+09:00,all,8
2026-08-21T01:50:01+09:00,delta,8
2026-08-21T01:50:01+09:00,all,8
2026-08-21T02:00:01+09:00,delta,8
2026-08-21T02:00:01+09:00,all,8
2026-08-21T02:10:01+09:00,delta,8
2026-08-21T02:10:01+09:00,all,8
2026-08-21T02:20:01+09:00,delta,8
2026-08-21T02:20:01+09:00,all,8
2026-08-21T02:30:01+09:00,delta,8
2026-08-21T02:30:01+09:00,all,8
2026-08-21T02:40:01+09:00,delta,8
2026-08-21T02:40:01+09:00,all,8
2026-08-21T02:50:01+09:00,delta,8
2026-08-21T02:50:01+09:00,all,8
2026-08-21T03:00:01+09:00,delta,8
2026-08-21T03:00:01+09:00,all,8
2026-08-21T03:10:01+09:00,delta,8
2026-08-21T03:10:01+09:00,all,8
2026-08-21T03:20:01+09:00,delta,8
2026-08-21T03:20:01+09:00,all,8
2026-08-21T03:30:01+09:00,delta,8
2026-08-21T03:30:01+09:00,all,8
2026-08-21T03:40:01+09:00,delta,8
2026-08-21T03:40:01+09:00,all,8
2026-08-21T03:50:01+09:00,delta,8
2026-08-21T03:50:01+09:00,all,8
2026-08-21T04:00:01+09:00,delta,8
2026-08-21T04:00:01+09:00,all,8
2026-08-21T04:10:01+09:00,delta,8
2026-08-21T04:10:01+09:00,all,8
2026-08-21T04:20:01+09:00,delta,8
2026-08-21T04:20:01+09:00,all,8
2026-08-21T04:30:01+09:00,delta,8
2026-08-21T04:30:01+09:00,all,8
2026-08-21T04:40:01+09:00,delta,8
2026-08-21T04:40:01+09:00,all,8
2026-08-21T04:50:01+09:00,delta,8
2026-08-21T04:50:01+09:00,all,8
2026-08-21T05:00:01+09:00,delta,8
2026-08-21T05:00:01+09:00,all,8
2026-08-21T05:10:01+09:00,delta,8
2026-08-21T05:10:01+09:00,all,8
2026-08-21T05:20:01+09:00,delta,8
2026-08-21T05:20:01+09:00,all,8
2026-08-21T05:30:01+09:00,delta,8
2026-08-21T05:30:01+09:00,all,8
2026-08-21T05:40:01+09:00,delta,8
2026-08-21T05:40:01+09:00,all,8
2026-08-21T05:50:01+09:00,delta,8
2026-08-21T05:50:01+09:00,all,8
2026-08-21T06:00:01+09:00,delta,8
2026-08-21T06:00:01+09:00,all,8
2026-08-21T06:10:01+09:00,delta,8
2026-08-21T06:10:01+09:00,all,8
2026-08-21T06:20:01+09:00,delta,8
2026-08-21T06:20:01+09:00,all,8
2026-08-21T06:30:01+09:00,delta,8
2026-08-21T06:30:01+09:00,all,8
2026-08-21T06:40:01+09:00,delta,8
2026-08-21T06:40:01+09:00,all,8
2026-08-21T06:50:01+09:00,delta,8
2026-08-21T06:50:01+09:00,all,8
2026-08-21T07:00:01+09:00,delta,8
2026-08-21T07:00:01+09:00,all,8
2026-08-21T07:10:01+09:00,delta,8
2026-08-21T07:10:01+09:00,all,8
2026-08-21T07:20:01+09:00,delta,8
2026-08-21T07:20:01+09:00,all,8
2026-08-21T07:30:01+09:00,delta,8
2026-08-21T07:30:01+09:00,all,8
2026-08-21T07:40:01+09:00,delta,8
2026-08-21T07:40:01+09:00,all,8
2026-08-21T07:50:01+09:00,delta,8
2026-08-21T07:50:01+09:00,all,8
2026-08-21T08:00:01+09:00,delta,8
2026-08-21T08:00:01+09:00,all,8
2026-08-21T08:10:01+09:00,delta,8
2026-08-21T08:10:01+09:00,all,8
2026-08-21T08:20:01+09:00,delta,8
2026-08-21T08:20:01+09:00,all,8
2026-08-21T08:30:01+09:00,delta,8
2026-08-21T08:30:01+09:00,all,8
2026-08-21T08:40:01+09:00,delta,8
2026-08-21T08:40:01+09:00,all,8
2026-08-21T08:50:01+09:00,delta,8
2026-08-21T08:50:01+09:00,all,8
2026-08-21T09:00:01+09:00,delta,8
2026-08-21T09:00:01+09:00,all,8
2026-08-21T09:10:01+09:00,delta,8
2026-08-21T09:10:01+09:00,all,8
2026-08-21T09:20:01+09:00,delta,8
2026-08-21T09:20:01+09:00,all,8
2026-08-21T09:30:01+09:00,delta,8
2026-08-21T09:30:01+09:00,all,8
2026-08-21T09:40:01+09:00,delta,8
2026-08-21T09:40:01+09:00,all,8
2026-08-21T09:50:01+09:00,delta,8
2026-08-21T09:50:01+09:00,all,8
2026-08-21T10:00:01+09:00,delta,9
2026-08-21T10:00:01+09:00,all,9
2026-08-21T10:10:01+09:00,delta,10
2026-08-21T10:10:01+09:00,all,10
2026-08-21T10:20:01+09:00,delta,10
2026-08-21T10:20:01+09:00,all,10
2026-08-21T10:30:01+09:00,delta,10
2026-08-21T10:30:01+09:00,all,10
2026-08-21T10:40:01+09:00,delta,10
2026-08-21T10:40:01+09:00,all,10
2026-08-21T10:50:01+09:00,delta,10
2026-08-21T10:50:01+09:00,all,10
2026-08-21T11:00:01+09:00,delta,10
2026-08-21T11:00:01+09:00,all,10
2026-08-21T11:10:01+09:00,delta,10
2026-08-21T11:10:01+09:00,all,10
2026-08-21T11:20:01+09:00,delta,13
2026-08-21T11:20:01+09:00,all,13
2026-08-21T11:30:01+09:00,delta,13
2026-08-21T11:30:01+09:00,all,13
2026-08-21T11:40:01+09:00,delta,13
2026-08-21T11:40:01+09:00,all,13
2026-08-21T11:50:01+09:00,delta,15
2026-08-21T11:50:01+09:00,all,15
2026-08-21T12:00:01+09:00,all,0
2026-08-21T12:10:01+09:00,delta,15
2026-08-21T12:10:01+09:00,all,15
2026-08-21T12:20:01+09:00,delta,16
2026-08-21T12:20:01+09:00,all,16
2026-08-21T12:30:01+09:00,delta,18
2026-08-21T12:30:01+09:00,all,18
2026-08-21T12:40:01+09:00,delta,18
2026-08-21T12:40:01+09:00,all,18
2026-08-21T12:50:01+09:00,delta,18
2026-08-21T12:50:01+09:00,all,18
2026-08-21T13:00:01+09:00,delta,18
2026-08-21T13:00:01+09:00,all,18
2026-08-21T13:10:01+09:00,delta,18
2026-08-21T13:10:01+09:00,all,18
2026-08-21T13:20:01+09:00,delta,18
2026-08-21T13:20:01+09:00,all,18
2026-08-21T13:30:01+09:00,delta,18
2026-08-21T13:30:01+09:00,all,18
2026-08-21T13:40:01+09:00,delta,19
2026-08-21T13:40:01+09:00,all,19
2026-08-21T13:50:01+09:00,delta,17
2026-08-21T13:50:01+09:00,all,17
2026-08-21T14:00:01+09:00,delta,17
2026-08-21T14:00:01+09:00,all,17
2026-08-21T14:10:01+09:00,delta,17
2026-08-21T14:10:01+09:00,all,17
2026-08-21T14:20:01+09:00,delta,16
2026-08-21T14:20:01+09:00,all,16
2026-08-21T14:30:01+09:00,delta,16
2026-08-21T14:30:01+09:00,all,16
2026-08-21T14:40:01+09:00,delta,16
2026-08-21T14:40:01+09:00,all,16
2026-08-21T14:50:01+09:00,delta,16
2026-08-21T14:50:01+09:00,all,16
2026-08-21T15:00:01+09:00,delta,16
2026-08-21T15:00:01+09:00,all,16
2026-08-21T15:10:01+09:00,delta,16
2026-08-21T15:10:01+09:00,all,16
2026-08-21T15:20:01+09:00,delta,16
2026-08-21T15:20:01+09:00,all,16
2026-08-21T15:30:01+09:00,delta,15
2026-08-21T15:30:01+09:00,all,15
2026-08-21T15:40:01+09:00,delta,15
2026-08-21T15:40:01+09:00,all,15
2026-08-21T15:50:01+09:00,delta,11
2026-08-21T15:50:01+09:00,all,11
2026-08-21T16:00:01+09:00,delta,10
2026-08-21T16:00:01+09:00,all,10
2026-08-21T16:10:01+09:00,delta,10
2026-08-21T16:10:01+09:00,all,10
2026-08-21T16:20:01+09:00,delta,10
2026-08-21T16:20:01+09:00,all,10
2026-08-21T16:30:01+09:00,delta,10
2026-08-21T16:30:01+09:00,all,10
2026-08-21T16:40:01+09:00,delta,10
2026-08-21T16:40:01+09:00,all,10
2026-08-21T16:50:01+09:00,delta,10
2026-08-21T16:50:01+09:00,all,10
2026-08-21T17:00:01+09:00,delta,10
2026-08-21T17:00:01+09:00,all,10
2026-08-21T17:10:01+09:00,delta,11
2026-08-21T17:10:01+09:00,all,11
2026-08-21T17:20:01+09:00,delta,11
2026-08-21T17:20:01+09:00,all,11
2026-08-21T17:30:01+09:00,delta,11
2026-08-21T17:30:01+09:00,all,11
2026-08-21T17:40:01+09:00,delta,11
2026-08-21T17:40:01+09:00,all,11
2026-08-21T17:50:01+09:00,delta,11
2026-08-21T17:50:01+09:00,all,11
2026-08-21T18:00:01+09:00,delta,11
2026-08-21T18:00:01+09:00,all,11
2026-08-21T18:10:01+09:00,delta,11
2026-08-21T18:10:01+09:00,all,11
2026-08-21T18:20:01+09:00,delta,11
2026-08-21T18:20:01+09:00,all,11
2026-08-21T18:30:01+09:00,delta,11
2026-08-21T18:30:01+09:00,all,11
2026-08-21T18:40:01+09:00,delta,11
2026-08-21T18:40:01+09:00,all,11
2026-08-21T18:50:01+09:00,delta,11
2026-08-21T18:50:01+09:00,all,11
2026-08-21T19:00:01+09:00,delta,11
2026-08-21T19:00:01+09:00,all,11
2026-08-21T19:10:01+09:00,delta,11
2026-08-21T19:10:01+09:00,all,11
2026-08-21T19:20:01+09:00,delta,11
2026-08-21T19:20:01+09:00,all,11
2026-08-21T19:30:01+09:00,delta,11
2026-08-21T19:30:01+09:00,all,11
2026-08-21T19:40:01+09:00,delta,10
2026-08-21T19:40:01+09:00,all,10
2026-08-21T19:50:01+09:00,delta,10
2026-08-21T19:50:01+09:00,all,10
2026-08-21T20:00:01+09:00,delta,8
2026-08-21T20:00:01+09:00,all,8
2026-08-21T20:10:01+09:00,delta,8
2026-08-21T20:10:01+09:00,all,8
2026-08-21T20:20:01+09:00,delta,8
2026-08-21T20:20:01+09:00,all,8
2026-08-21T20:30:01+09:00,delta,8
2026-08-21T20:30:01+09:00,all,8
2026-08-21T20:40:01+09:00,delta,6
2026-08-21T20:40:01+09:00,all,6
2026-08-21T20:50:01+09:00,delta,6
2026-08-21T20:50:01+09:00,all,6
2026-08-21T21:00:01+09:00,delta,5
2026-08-21T21:00:01+09:00,all,5
2026-08-21T21:10:01+09:00,delta,5
2026-08-21T21:10:01+09:00,all,5
2026-08-21T21:20:01+09:00,delta,5
2026-08-21T21:20:01+09:00,all,5
2026-08-21T21:30:01+09:00,delta,5
2026-08-21T21:30:01+09:00,all,5
2026-08-21T21:40:01+09:00,delta,5
2026-08-21T21:40:01+09:00,all,5
2026-08-21T21:50:01+09:00,delta,5
2026-08-21T21:50:01+09:00,all,5
2026-08-21T22:00:01+09:00,delta,5
2026-08-21T22:00:01+09:00,all,5
2026-08-21T22:10:01+09:00,delta,5
2026-08-21T22:10:01+09:00,all,5
2026-08-21T22:20:01+09:00,delta,5
2026-08-21T22:20:01+09:00,all,5
2026-08-21T22:30:01+09:00,delta,5
2026-08-21T22:30:01+09:00,all,5
2026-08-21T22:40:01+09:00,delta,5
2026-08-21T22:40:01+09:00,all,5
2026-08-21T22:50:01+09:00,delta,5
2026-08-21T22:50:01+09:00,all,5
2026-08-21T23:00:01+09:00,delta,5
2026-08-21T23:00:01+09:00,all,5
2026-08-21T23:10:01+09:00,delta,5
2026-08-21T23:10:01+09:00,all,5
2026-08-21T23:20:01+09:00,delta,5
2026-08-21T23:20:01+09:00,all,5
2026-08-21T23:30:01+09:00,delta,5
2026-08-21T23:30:01+09:00,all,5
2026-08-21T23:40:01+09:00,delta,5
2026-08-21T23:40:01+09:00,all,5
2026-08-21T23:50:01+09:00,delta,5
2026-08-21T23:50:01+09:00,all,5
2026-08-22T00:00:01+09:00,delta,5
2026-08-22T00:00:01+09:00,all,5
2026-08-22T00:10:01+09:00,delta,5
2026-08-22T00:10:01+09:00,all,5
2026-08-22T00:20:01+09:00,delta,5
2026-08-22T00:20:01+09:00,all,5
2026-08-22T00:30:01+09:00,delta,5
2026-08-22T00:30:01+09:00,all,5
2026-08-22T00:40:01+09:00,delta,5
2026-08-22T00:40:01+09:00,all,5
2026-08-22T00:50:01+09:00,delta,5
2026-08-22T00:50:01+09:00,all,5
2026-08-22T01:00:01+09:00,delta,5
2026-08-22T01:00:01+09:00,all,5
2026-08-22T01:10:01+09:00,delta,5
2026-08-22T01:10:01+09:00,all,5
2026-08-22T01:20:01+09:00,delta,5
2026-08-22T01:20:01+09:00,all,5
2026-08-22T01:30:01+09:00,delta,5
2026-08-22T01:30:01+09:00,all,5
2026-08-22T01:40:01+09:00,delta,5
2026-08-22T01:40:01+09:00,all,5
2026-08-22T01:50:01+09:00,delta,5
2026-08-22T01:50:01+09:00,all,5
2026-08-22T02:00:01+09:00,delta,5
2026-08-22T02:00:01+09:00,all,5
2026-08-22T02:10:01+09:00,delta,5
2026-08-22T02:10:01+09:00,all,5
2026-08-22T02:20:01+09:00,delta,5
2026-08-22T02:20:01+09:00,all,5
2026-08-22T02:30:01+09:00,delta,5
2026-08-22T02:30:01+09:00,all,5
2026-08-22T02:40:01+09:00,delta,5
2026-08-22T02:40:01+09:00,all,5
2026-08-22T02:50:01+09:00,delta,5
2026-08-22T02:50:01+09:00,all,5
2026-08-22T03:00:01+09:00,delta,5
2026-08-22T03:00:01+09:00,all,5
2026-08-22T03:10:01+09:00,delta,5
2026-08-22T03:10:01+09:00,all,5
2026-08-22T03:20:01+09:00,delta,5
2026-08-22T03:20:01+09:00,all,5
2026-08-22T03:30:01+09:00,delta,5
2026-08-22T03:30:01+09:00,all,5
2026-08-22T03:40:01+09:00,delta,5
2026-08-22T03:40:01+09:00,all,5
2026-08-22T03:50:01+09:00,delta,5
2026-08-22T03:50:01+09:00,all,5
2026-08-22T04:00:01+09:00,delta,5
2026-08-22T04:00:01+09:00,all,5
2026-08-22T04:10:01+09:00,delta,5
2026-08-22T04:10:01+09:00,all,5
2026-08-22T04:20:01+09:00,delta,5
2026-08-22T04:20:01+09:00,all,5
2026-08-22T04:30:01+09:00,delta,5
2026-08-22T04:30:01+09:00,all,5
2026-08-22T04:40:01+09:00,delta,5
2026-08-22T04:40:01+09:00,all,5
2026-08-22T04:50:01+09:00,delta,5
2026-08-22T04:50:01+09:00,all,5
2026-08-22T05:00:01+09:00,delta,5
2026-08-22T05:00:01+09:00,all,5
2026-08-22T05:10:01+09:00,delta,5
2026-08-22T05:10:01+09:00,all,5
2026-08-22T05:20:01+09:00,delta,5
2026-08-22T05:20:01+09:00,all,5
2026-08-22T05:30:01+09:00,delta,5
2026-08-22T05:30:01+09:00,all,5
2026-08-22T05:40:01+09:00,delta,5
2026-08-22T05:40:01+09:00,all,5
2026-08-22T05:50:01+09:00,delta,5
2026-08-22T05:50:01+09:00,all,5
2026-08-22T06:00:01+09:00,delta,5
2026-08-22T06:00:01+09:00,all,5
2026-08-22T06:10:01+09:00,delta,5
2026-08-22T06:10:01+09:00,all,5
2026-08-22T06:20:01+09:00,delta,5
2026-08-22T06:20:01+09:00,all,5
2026-08-22T06:30:01+09:00,delta,5
2026-08-22T06:30:01+09:00,all,5
2026-08-22T06:40:01+09:00,delta,5
2026-08-22T06:40:01+09:00,all,5
2026-08-22T06:50:01+09:00,delta,5
2026-08-22T06:50:01+09:00,all,5
2026-08-22T07:00:01+09:00,delta,5
2026-08-22T07:00:01+09:00,all,5
2026-08-22T07:10:01+09:00,delta,5
2026-08-22T07:10:01+09:00,all,5
2026-08-22T07:20:01+09:00,delta,5
2026-08-22T07:20:01+09:00,all,5
2026-08-22T07:30:01+09:00,delta,5
2026-08-22T07:30:01+09:00,all,5
2026-08-22T07:40:01+09:00,delta,5
2026-08-22T07:40:01+09:00,all,5
2026-08-22T07:50:01+09:00,delta,5
2026-08-22T07:50:01+09:00,all,5
2026-08-22T08:00:01+09:00,delta,5
2026-08-22T08:00:01+09:00,all,5
2026-08-22T08:10:01+09:00,delta,5
2026-08-22T08:10:01+09:00,all,5
2026-08-22T08:20:01+09:00,delta,5
2026-08-22T08:20:01+09:00,all,5
2026-08-22T08:30:01+09:00,delta,5
2026-08-22T08:30:01+09:00,all,5
2026-08-22T08:40:01+09:00,delta,5
2026-08-22T08:40:01+09:00,all,5
2026-08-22T08:50:01+09:00,delta,5
2026-08-22T08:50:01+09:00,all,5
2026-08-22T09:00:01+09:00,delta,5
2026-08-22T09:00:01+09:00,all,5
2026-08-22T09:10:01+09:00,delta,5
2026-08-22T09:10:01+09:00,all,5
2026-08-22T09:20:01+09:00,delta,5
2026-08-22T09:20:01+09:00,all,5
2026-08-22T09:30:01+09:00,delta,5
2026-08-22T09:30:01+09:00,all,5
2026-08-22T09:40:01+09:00,delta,5
2026-08-22T09:40:01+09:00,all,5
2026-08-22T09:50:01+09:00,delta,5
2026-08-22T09:50:01+09:00,all,5
2026-08-22T10:00:01+09:00,delta,5
2026-08-22T10:00:01+09:00,all,5
2026-08-22T10:10:01+09:00,delta,5
2026-08-22T10:10:01+09:00,all,5
2026-08-22T10:20:01+09:00,delta,5
2026-08-22T10:20:01+09:00,all,5
2026-08-22T10:30:01+09:00,delta,5
2026-08-22T10:30:01+09:00,all,5
2026-08-22T10:40:01+09:00,delta,5
2026-08-22T10:40:01+09:00,all,5
2026-08-22T10:50:01+09:00,delta,5
2026-08-22T10:50:01+09:00,all,5
2026-08-22T11:00:01+09:00,delta,5
2026-08-22T11:00:01+09:00,all,5
2026-08-22T11:10:01+09:00,delta,5
2026-08-22T11:10:01+09:00,all,5
2026-08-22T11:20:01+09:00,delta,5
2026-08-22T11:20:01+09:00,all,5
2026-08-22T11:30:01+09:00,delta,5
2026-08-22T11:30:01+09:00,all,5
2026-08-22T11:40:01+09:00,delta,5
2026-08-22T11:40:01+09:00,all,5
2026-08-22T11:50:01+09:00,delta,5
2026-08-22T11:50:01+09:00,all,5
2026-08-22T12:00:01+09:00,delta,5
2026-08-22T12:00:01+09:00,all,5
2026-08-22T12:10:01+09:00,delta,5
2026-08-22T12:10:01+09:00,all,5
2026-08-22T12:20:01+09:00,delta,5
2026-08-22T12:20:01+09:00,all,5
2026-08-22T12:30:01+09:00,delta,5
2026-08-22T12:30:01+09:00,all,5
2026-08-22T12:40:01+09:00,delta,5
2026-08-22T12:40:01+09:00,all,5
2026-08-22T12:50:01+09:00,delta,5
2026-08-22T12:50:01+09:00,all,5
2026-08-22T13:00:01+09:00,delta,7
2026-08-22T13:00:01+09:00,all,7
2026-08-22T13:10:01+09:00,delta,7
2026-08-22T13:10:01+09:00,all,7
2026-08-22T13:20:01+09:00,delta,7
2026-08-22T13:20:01+09:00,all,7
2026-08-22T13:30:01+09:00,delta,7
2026-08-22T13:30:01+09:00,all,7
2026-08-22T13:40:01+09:00,delta,7
2026-08-22T13:40:01+09:00,all,7
2026-08-22T13:50:01+09:00,delta,7
2026-08-22T13:50:01+09:00,all,7
2026-08-22T14:00:01+09:00,delta,7
2026-08-22T14:00:01+09:00,all,7
2026-08-22T14:10:01+09:00,delta,7
2026-08-22T14:10:01+09:00,all,7
2026-08-22T14:20:01+09:00,delta,7
2026-08-22T14:20:01+09:00,all,7
2026-08-22T14:30:01+09:00,delta,7
2026-08-22T14:30:01+09:00,all,7
2026-08-22T14:40:01+09:00,delta,8
2026-08-22T14:40:01+09:00,all,8
2026-08-22T14:50:01+09:00,delta,8
2026-08-22T14:50:01+09:00,all,8
2026-08-22T15:00:01+09:00,delta,9
2026-08-22T15:00:01+09:00,all,9
2026-08-22T15:10:01+09:00,delta,9
2026-08-22T15:10:01+09:00,all,9
2026-08-22T15:20:01+09:00,delta,9
2026-08-22T15:20:01+09:00,all,9
2026-08-22T15:30:01+09:00,delta,9
2026-08-22T15:30:01+09:00,all,9
2026-08-22T15:40:01+09:00,delta,9
2026-08-22T15:40:01+09:00,all,9
2026-08-22T15:50:01+09:00,delta,9
2026-08-22T15:50:01+09:00,all,9
2026-08-22T16:00:01+09:00,delta,9
2026-08-22T16:00:01+09:00,all,9
2026-08-22T16:10:01+09:00,delta,9
2026-08-22T16:10:01+09:00,all,9
2026-08-22T16:20:01+09:00,delta,9
2026-08-22T16:20:01+09:00,all,9
2026-08-22T16:30:01+09:00,delta,8
2026-08-22T16:30:01+09:00,all,8
2026-08-22T16:40:01+09:00,delta,7
2026-08-22T16:40:01+09:00,all,7
2026-08-22T16:50:01+09:00,delta,8
2026-08-22T16:50:01+09:00,all,8
2026-08-22T17:00:01+09:00,delta,8
2026-08-22T17:00:01+09:00,all,8
2026-08-22T17:10:01+09:00,delta,8
2026-08-22T17:10:01+09:00,all,8
2026-08-22T17:20:01+09:00,delta,8
2026-08-22T17:20:01+09:00,all,8
2026-08-22T17:30:01+09:00,delta,8
2026-08-22T17:30:01+09:00,all,8
2026-08-22T17:40:01+09:00,delta,8
2026-08-22T17:40:01+09:00,all,8
2026-08-22T17:50:01+09:00,delta,8
2026-08-22T17:50:01+09:00,all,8
2026-08-22T18:00:01+09:00,delta,8
2026-08-22T18:00:01+09:00,all,8
2026-08-22T18:10:01+09:00,delta,8
2026-08-22T18:10:01+09:00,all,8
2026-08-22T18:20:01+09:00,delta,8
2026-08-22T18:20:01+09:00,all,8
2026-08-22T18:30:01+09:00,delta,8
2026-08-22T18:30:01+09:00,all,8
2026-08-22T18:40:01+09:00,delta,8
2026-08-22T18:40:01+09:00,all,8
2026-08-22T18:50:01+09:00,delta,8
2026-08-22T18:50:01+09:00,all,8
2026-08-22T19:00:01+09:00,delta,8
2026-08-22T19:00:01+09:00,all,8
2026-08-22T19:10:01+09:00,delta,9
2026-08-22T19:10:01+09:00,all,9
2026-08-22T19:20:01+09:00,delta,9
2026-08-22T19:20:01+09:00,all,9
2026-08-22T19:30:01+09:00,delta,9
2026-08-22T19:30:01+09:00,all,9
2026-08-22T19:40:01+09:00,delta,7
2026-08-22T19:40:01+09:00,all,7
2026-08-22T19:50:01+09:00,delta,7
2026-08-22T19:50:01+09:00,all,7
2026-08-22T20:00:01+09:00,delta,7
2026-08-22T20:00:01+09:00,all,7
2026-08-22T20:10:01+09:00,delta,7
2026-08-22T20:10:01+09:00,all,7
2026-08-22T20:20:01+09:00,delta,8
2026-08-22T20:20:01+09:00,all,8
2026-08-22T20:30:01+09:00,delta,8
2026-08-22T20:30:01+09:00,all,8
2026-08-22T20:40:01+09:00,delta,8
2026-08-22T20:40:01+09:00,all,8
2026-08-22T20:50:01+09:00,delta,8
2026-08-22T20:50:01+09:00,all,8
2026-08-22T21:00:01+09:00,delta,8
2026-08-22T21:00:01+09:00,all,8
2026-08-22T21:10:01+09:00,delta,8
2026-08-22T21:10:01+09:00,all,8
2026-08-22T21:20:01+09:00,delta,8
2026-08-22T21:20:01+09:00,all,8
2026-08-22T21:30:01+09:00,delta,8
2026-08-22T21:30:01+09:00,all,8
2026-08-22T21:40:01+09:00,delta,8
2026-08-22T21:40:01+09:00,all,8
2026-08-22T21:50:01+09:00,delta,9
2026-08-22T21:50:01+09:00,all,9
2026-08-22T22:00:01+09:00,delta,9
2026-08-22T22:00:01+09:00,all,9
2026-08-22T22:10:01+09:00,delta,8
2026-08-22T22:10:01+09:00,all,8
2026-08-22T22:20:01+09:00,delta,8
2026-08-22T22:20:01+09:00,all,8
2026-08-22T22:30:01+09:00,delta,6
2026-08-22T22:30:01+09:00,all,6
2026-08-22T22:40:01+09:00,delta,6
2026-08-22T22:40:01+09:00,all,6
2026-08-22T22:50:01+09:00,delta,6
2026-08-22T22:50:01+09:00,all,6
2026-08-22T23:00:01+09:00,delta,6
2026-08-22T23:00:01+09:00,all,6
2026-08-22T23:10:01+09:00,delta,6
2026-08-22T23:10:01+09:00,all,6
2026-08-22T23:20:01+09:00,delta,6
2026-08-22T23:20:01+09:00,all,6
2026-08-22T23:30:01+09:00,delta,6
2026-08-22T23:30:01+09:00,all,6
2026-08-22T23:40:01+09:00,delta,6
2026-08-22T23:40:01+09:00,all,6
2026-08-22T23:50:01+09:00,delta,6
2026-08-22T23:50:01+09:00,all,6
2026-08-23T00:00:01+09:00,delta,6
2026-08-23T00:00:01+09:00,all,6
2026-08-23T00:10:01+09:00,delta,6
2026-08-23T00:10:01+09:00,all,6
2026-08-23T00:20:01+09:00,delta,6
2026-08-23T00:20:01+09:00,all,6
2026-08-23T00:30:01+09:00,delta,6
2026-08-23T00:30:01+09:00,all,6
2026-08-23T00:40:01+09:00,delta,6
2026-08-23T00:40:01+09:00,all,6
2026-08-23T00:50:01+09:00,delta,6
2026-08-23T00:50:01+09:00,all,6
2026-08-23T01:00:01+09:00,delta,6
2026-08-23T01:00:01+09:00,all,6
2026-08-23T01:10:01+09:00,delta,6
2026-08-23T01:10:01+09:00,all,6
2026-08-23T01:20:01+09:00,delta,6
2026-08-23T01:20:01+09:00,all,6
2026-08-23T01:30:01+09:00,delta,6
2026-08-23T01:30:01+09:00,all,6
2026-08-23T01:40:01+09:00,delta,6
2026-08-23T01:40:01+09:00,all,6
2026-08-23T01:50:01+09:00,delta,6
2026-08-23T01:50:01+09:00,all,6
2026-08-23T02:00:01+09:00,delta,6
2026-08-23T02:00:01+09:00,all,6
2026-08-23T02:10:01+09:00,delta,6
2026-08-23T02:10:01+09:00,all,6
2026-08-23T02:20:01+09:00,delta,6
2026-08-23T02:20:01+09:00,all,6
2026-08-23T02:30:01+09:00,delta,6
2026-08-23T02:30:01+09:00,all,6
2026-08-23T02:40:01+09:00,delta,6
2026-08-23T02:40:01+09:00,all,6
2026-08-23T02:50:01+09:00,delta,6
2026-08-23T02:50:01+09:00,all,6
2026-08-23T03:00:01+09:00,delta,6
2026-08-23T03:00:01+09:00,all,6
2026-08-23T03:10:01+09:00,delta,6
2026-08-23T03:10:01+09:00,all,6
2026-08-23T03:20:01+09:00,delta,6
2026-08-23T03:20:01+09:00,all,6
2026-08-23T03:30:01+09:00,delta,6
2026-08-23T03:30:01+09:00,all,6
2026-08-23T03:40:01+09:00,delta,6
2026-08-23T03:40:01+09:00,all,6
2026-08-23T03:50:01+09:00,delta,6
2026-08-23T03:50:01+09:00,all,6
2026-08-23T04:00:01+09:00,delta,6
2026-08-23T04:00:01+09:00,all,6
2026-08-23T04:10:01+09:00,delta,6
2026-08-23T04:10:01+09:00,all,6
2026-08-23T04:20:01+09:00,delta,6
2026-08-23T04:20:01+09:00,all,6
2026-08-23T04:30:01+09:00,delta,6
2026-08-23T04:30:01+09:00,all,6
2026-08-23T04:40:01+09:00,delta,6
2026-08-23T04:40:01+09:00,all,6
2026-08-23T04:50:01+09:00,delta,6
2026-08-23T04:50:01+09:00,all,6
2026-08-23T05:00:01+09:00,delta,6
2026-08-23T05:00:01+09:00,all,6
2026-08-23T05:10:01+09:00,delta,6
2026-08-23T05:10:01+09:00,all,6
2026-08-23T05:20:01+09:00,delta,6
2026-08-23T05:20:01+09:00,all,6
2026-08-23T05:30:01+09:00,delta,6
2026-08-23T05:30:01+09:00,all,6
2026-08-23T05:40:01+09:00,delta,6
2026-08-23T05:40:01+09:00,all,6
2026-08-23T05:50:01+09:00,delta,6
2026-08-23T05:50:01+09:00,all,6
2026-08-23T06:00:01+09:00,delta,6
2026-08-23T06:00:01+09:00,all,6
2026-08-23T06:10:01+09:00,delta,6
2026-08-23T06:10:01+09:00,all,6
2026-08-23T06:20:01+09:00,delta,6
2026-08-23T06:20:01+09:00,all,6
2026-08-23T06:30:01+09:00,delta,6
2026-08-23T06:30:01+09:00,all,6
2026-08-23T06:40:01+09:00,delta,6
2026-08-23T06:40:01+09:00,all,6
2026-08-23T06:50:01+09:00,delta,6
2026-08-23T06:50:01+09:00,all,6
2026-08-23T07:00:01+09:00,delta,6
2026-08-23T07:00:01+09:00,all,6
2026-08-23T07:10:01+09:00,delta,6
2026-08-23T07:10:01+09:00,all,6
2026-08-23T07:20:01+09:00,delta,6
2026-08-23T07:20:01+09:00,all,6
2026-08-23T07:30:01+09:00,delta,6
2026-08-23T07:30:01+09:00,all,6
2026-08-23T07:40:01+09:00,delta,6
2026-08-23T07:40:01+09:00,all,6
2026-08-23T07:50:01+09:00,delta,6
2026-08-23T07:50:01+09:00,all,6
2026-08-23T08:00:01+09:00,delta,6
2026-08-23T08:00:01+09:00,all,6
2026-08-23T08:10:01+09:00,delta,6
2026-08-23T08:10:01+09:00,all,6
2026-08-23T08:20:01+09:00,delta,6
2026-08-23T08:20:01+09:00,all,6
2026-08-23T08:30:01+09:00,delta,6
2026-08-23T08:30:01+09:00,all,6
2026-08-23T08:40:01+09:00,delta,6
2026-08-23T08:40:01+09:00,all,6
2026-08-23T08:50:01+09:00,delta,6
2026-08-23T08:50:01+09:00,all,6
2026-08-23T09:00:01+09:00,delta,6
2026-08-23T09:00:01+09:00,all,6
2026-08-23T09:10:01+09:00,delta,6
2026-08-23T09:10:01+09:00,all,6
2026-08-23T09:20:01+09:00,delta,6
2026-08-23T09:20:01+09:00,all,6
2026-08-23T09:30:01+09:00,delta,6
2026-08-23T09:30:01+09:00,all,6
2026-08-23T09:40:01+09:00,delta,6
2026-08-23T09:40:01+09:00,all,6
2026-08-23T09:50:01+09:00,delta,6
2026-08-23T09:50:01+09:00,all,6
2026-08-23T10:00:01+09:00,delta,6
2026-08-23T10:00:01+09:00,all,6
2026-08-23T10:10:01+09:00,delta,6
2026-08-23T10:10:01+09:00,all,6
2026-08-23T10:20:01+09:00,delta,6
2026-08-23T10:20:01+09:00,all,6
2026-08-23T10:30:01+09:00,delta,6
2026-08-23T10:30:01+09:00,all,6
2026-08-23T10:40:01+09:00,delta,6
2026-08-23T10:40:01+09:00,all,6
2026-08-23T10:50:01+09:00,delta,6
2026-08-23T10:50:01+09:00,all,6
2026-08-23T11:00:01+09:00,delta,6
2026-08-23T11:00:01+09:00,all,6
2026-08-23T11:10:01+09:00,delta,6
2026-08-23T11:10:01+09:00,all,6
2026-08-23T11:20:01+09:00,delta,6
2026-08-23T11:20:01+09:00,all,6
2026-08-23T11:30:01+09:00,delta,6
2026-08-23T11:30:01+09:00,all,6
2026-08-23T11:40:01+09:00,delta,6
2026-08-23T11:40:01+09:00,all,6
2026-08-23T11:50:01+09:00,delta,6
2026-08-23T11:50:01+09:00,all,6
2026-08-23T12:00:01+09:00,delta,6
2026-08-23T12:00:01+09:00,all,6
2026-08-23T12:10:01+09:00,delta,6
2026-08-23T12:10:01+09:00,all,6
2026-08-23T12:20:01+09:00,delta,5
2026-08-23T12:20:01+09:00,all,5
2026-08-23T12:30:01+09:00,delta,5
2026-08-23T12:30:01+09:00,all,5
2026-08-23T12:40:01+09:00,delta,5
2026-08-23T12:40:01+09:00,all,5
2026-08-23T12:50:01+09:00,delta,6
2026-08-23T12:50:01+09:00,all,6
2026-08-23T13:00:01+09:00,delta,6
2026-08-23T13:00:01+09:00,all,6
2026-08-23T13:10:01+09:00,delta,6
2026-08-23T13:10:01+09:00,all,6
2026-08-23T13:20:01+09:00,delta,6
2026-08-23T13:20:01+09:00,all,6
2026-08-23T13:30:01+09:00,delta,6
2026-08-23T13:30:01+09:00,all,6
2026-08-23T13:40:01+09:00,delta,6
2026-08-23T13:40:01+09:00,all,6
2026-08-23T13:50:01+09:00,delta,6
2026-08-23T13:50:01+09:00,all,6
2026-08-23T14:00:01+09:00,delta,6
2026-08-23T14:00:01+09:00,all,6
2026-08-23T14:10:01+09:00,delta,6
2026-08-23T14:10:01+09:00,all,6
2026-08-23T14:20:01+09:00,delta,6
2026-08-23T14:20:01+09:00,all,6
2026-08-23T14:30:01+09:00,delta,6
2026-08-23T14:30:01+09:00,all,6
2026-08-23T14:40:01+09:00,delta,6
2026-08-23T14:40:01+09:00,all,6
2026-08-23T14:50:01+09:00,delta,6
2026-08-23T14:50:01+09:00,all,6
2026-08-23T15:00:01+09:00,delta,6
2026-08-23T15:00:01+09:00,all,6
2026-08-23T15:10:01+09:00,delta,6
2026-08-23T15:10:01+09:00,all,6
2026-08-23T15:20:01+09:00,delta,6
2026-08-23T15:20:01+09:00,all,6
2026-08-23T15:30:01+09:00,delta,6
2026-08-23T15:30:01+09:00,all,6
2026-08-23T15:40:01+09:00,delta,6
2026-08-23T15:40:01+09:00,all,6
2026-08-23T15:50:01+09:00,delta,6
2026-08-23T15:50:01+09:00,all,6
2026-08-23T16:00:01+09:00,delta,6
2026-08-23T16:00:01+09:00,all,6
2026-08-23T16:10:01+09:00,delta,6
2026-08-23T16:10:01+09:00,all,6
2026-08-23T16:20:01+09:00,delta,6
2026-08-23T16:20:01+09:00,all,6
2026-08-23T16:30:01+09:00,delta,6
2026-08-23T16:30:01+09:00,all,6
2026-08-23T16:40:01+09:00,delta,6
2026-08-23T16:40:01+09:00,all,6
2026-08-23T16:50:01+09:00,delta,6
2026-08-23T16:50:01+09:00,all,6
2026-08-23T17:00:01+09:00,delta,6
2026-08-23T17:00:01+09:00,all,6
2026-08-23T17:10:01+09:00,delta,6
2026-08-23T17:10:01+09:00,all,6
2026-08-23T17:20:01+09:00,delta,6
2026-08-23T17:20:01+09:00,all,6
2026-08-23T17:30:01+09:00,delta,6
2026-08-23T17:30:01+09:00,all,6
2026-08-23T17:40:01+09:00,delta,6
2026-08-23T17:40:01+09:00,all,6
2026-08-23T17:50:01+09:00,delta,6
2026-08-23T17:50:01+09:00,all,6
2026-08-23T18:00:01+09:00,delta,6
2026-08-23T18:00:01+09:00,all,6
2026-08-23T18:10:01+09:00,delta,6
2026-08-23T18:10:01+09:00,all,6
2026-08-23T18:20:01+09:00,delta,6
2026-08-23T18:20:01+09:00,all,6
2026-08-23T18:30:01+09:00,delta,6
2026-08-23T18:30:01+09:00,all,6
2026-08-23T18:40:01+09:00,delta,6
2026-08-23T18:40:01+09:00,all,6
2026-08-23T18:50:01+09:00,delta,6
2026-08-23T18:50:01+09:00,all,6
2026-08-23T19:00:01+09:00,delta,6
2026-08-23T19:00:01+09:00,all,6
2026-08-23T19:10:01+09:00,delta,6
2026-08-23T19:10:01+09:00,all,6
2026-08-23T19:20:01+09:00,delta,6
2026-08-23T19:20:01+09:00,all,6
2026-08-23T19:30:01+09:00,delta,6
2026-08-23T19:30:01+09:00,all,6
2026-08-23T19:40:01+09:00,delta,6
2026-08-23T19:40:01+09:00,all,6
2026-08-23T19:50:01+09:00,delta,6
2026-08-23T19:50:01+09:00,all,6
2026-08-23T20:00:01+09:00,delta,6
2026-08-23T20:00:01+09:00,all,6
2026-08-23T20:10:01+09:00,delta,6
2026-08-23T20:10:01+09:00,all,6
2026-08-23T20:20:01+09:00,delta,6
2026-08-23T20:20:01+09:00,all,6
2026-08-23T20:30:01+09:00,delta,6
2026-08-23T20:30:01+09:00,all,6
2026-08-23T20:40:01+09:00,delta,6
2026-08-23T20:40:01+09:00,all,6
2026-08-23T20:50:01+09:00,delta,5
2026-08-23T20:50:01+09:00,all,5
2026-08-23T21:00:01+09:00,delta,5
2026-08-23T21:00:01+09:00,all,5
2026-08-23T21:10:01+09:00,delta,5
2026-08-23T21:10:01+09:00,all,5
2026-08-23T21:20:01+09:00,delta,5
2026-08-23T21:20:01+09:00,all,5
2026-08-23T21:30:01+09:00,delta,5
2026-08-23T21:30:01+09:00,all,5
2026-08-23T21:40:01+09:00,delta,5
2026-08-23T21:40:01+09:00,all,5
2026-08-23T21:50:01+09:00,delta,5
2026-08-23T21:50:01+09:00,all,5
2026-08-23T22:00:01+09:00,delta,5
2026-08-23T22:00:01+09:00,all,5
2026-08-23T22:10:01+09:00,delta,5
2026-08-23T22:10:01+09:00,all,5
2026-08-23T22:20:01+09:00,delta,5
2026-08-23T22:20:01+09:00,all,5
2026-08-23T22:30:01+09:00,delta,5
2026-08-23T22:30:01+09:00,all,5
2026-08-23T22:40:01+09:00,delta,5
2026-08-23T22:40:01+09:00,all,5
2026-08-23T22:50:01+09:00,delta,5
2026-08-23T22:50:01+09:00,all,5
2026-08-23T23:00:01+09:00,delta,5
2026-08-23T23:00:01+09:00,all,5
2026-08-23T23:10:01+09:00,delta,5
2026-08-23T23:10:01+09:00,all,5
2026-08-23T23:20:01+09:00,delta,5
2026-08-23T23:20:01+09:00,all,5
2026-08-23T23:30:01+09:00,delta,5
2026-08-23T23:30:01+09:00,all,5
2026-08-23T23:40:01+09:00,delta,5
2026-08-23T23:40:01+09:00,all,5
2026-08-23T23:50:01+09:00,delta,5
2026-08-23T23:50:01+09:00,all,5
2026-08-24T00:00:01+09:00,delta,5
2026-08-24T00:00:01+09:00,all,5
2026-08-24T00:10:01+09:00,delta,5
2026-08-24T00:10:01+09:00,all,5
2026-08-24T00:20:01+09:00,delta,5
2026-08-24T00:20:01+09:00,all,5
2026-08-24T00:30:01+09:00,delta,5
2026-08-24T00:30:01+09:00,all,5
2026-08-24T00:40:01+09:00,delta,5
2026-08-24T00:40:01+09:00,all,5
2026-08-24T00:50:01+09:00,delta,5
2026-08-24T00:50:01+09:00,all,5
2026-08-24T01:00:01+09:00,delta,5
2026-08-24T01:00:01+09:00,all,5
2026-08-24T01:10:01+09:00,delta,5
2026-08-24T01:10:01+09:00,all,5
2026-08-24T01:20:01+09:00,delta,5
2026-08-24T01:20:01+09:00,all,5
2026-08-24T01:30:01+09:00,delta,5
2026-08-24T01:30:01+09:00,all,5
2026-08-24T01:40:01+09:00,delta,5
2026-08-24T01:40:01+09:00,all,5
2026-08-24T01:50:01+09:00,delta,5
2026-08-24T01:50:01+09:00,all,5
2026-08-24T02:00:01+09:00,delta,5
2026-08-24T02:00:01+09:00,all,5
2026-08-24T02:10:01+09:00,delta,5
2026-08-24T02:10:01+09:00,all,5
2026-08-24T02:20:01+09:00,delta,5
2026-08-24T02:20:01+09:00,all,5
2026-08-24T02:30:01+09:00,delta,5
2026-08-24T02:30:01+09:00,all,5
2026-08-24T02:40:01+09:00,delta,5
2026-08-24T02:40:01+09:00,all,5
2026-08-24T02:50:01+09:00,delta,5
2026-08-24T02:50:01+09:00,all,5
2026-08-24T03:00:01+09:00,delta,5
2026-08-24T03:00:01+09:00,all,5
2026-08-24T03:10:01+09:00,delta,5
2026-08-24T03:10:01+09:00,all,5
2026-08-24T03:20:01+09:00,delta,5
2026-08-24T03:20:01+09:00,all,5
2026-08-24T03:30:01+09:00,delta,5
2026-08-24T03:30:01+09:00,all,5
2026-08-24T03:40:01+09:00,delta,5
2026-08-24T03:40:01+09:00,all,5
2026-08-24T03:50:01+09:00,delta,5
2026-08-24T03:50:01+09:00,all,5
2026-08-24T04:00:01+09:00,delta,5
2026-08-24T04:00:01+09:00,all,5
2026-08-24T04:10:01+09:00,delta,5
2026-08-24T04:10:01+09:00,all,5
2026-08-24T04:20:01+09:00,delta,5
2026-08-24T04:20:01+09:00,all,5
2026-08-24T04:30:01+09:00,delta,5
2026-08-24T04:30:01+09:00,all,5
2026-08-24T04:40:01+09:00,delta,5
2026-08-24T04:40:01+09:00,all,5
2026-08-24T04:50:01+09:00,delta,5
2026-08-24T04:50:01+09:00,all,5
2026-08-24T05:00:01+09:00,delta,5
2026-08-24T05:00:01+09:00,all,5
2026-08-24T05:10:01+09:00,delta,5
2026-08-24T05:10:01+09:00,all,5
2026-08-24T05:20:01+09:00,delta,5
2026-08-24T05:20:01+09:00,all,5
2026-08-24T05:30:01+09:00,delta,5
2026-08-24T05:30:01+09:00,all,5
2026-08-24T05:40:01+09:00,delta,5
2026-08-24T05:40:01+09:00,all,5
2026-08-24T05:50:01+09:00,delta,5
2026-08-24T05:50:01+09:00,all,5
2026-08-24T06:00:01+09:00,delta,5
2026-08-24T06:00:01+09:00,all,5
2026-08-24T06:10:01+09:00,delta,5
2026-08-24T06:10:01+09:00,all,5
2026-08-24T06:20:01+09:00,delta,5
2026-08-24T06:20:01+09:00,all,5
2026-08-24T06:30:01+09:00,delta,5
2026-08-24T06:30:01+09:00,all,5
2026-08-24T06:40:01+09:00,delta,5
2026-08-24T06:40:01+09:00,all,5
2026-08-24T06:50:01+09:00,delta,5
2026-08-24T06:50:01+09:00,all,5
2026-08-24T07:00:01+09:00,delta,5
2026-08-24T07:00:01+09:00,all,5
2026-08-24T07:10:01+09:00,delta,5
2026-08-24T07:10:01+09:00,all,5
2026-08-24T07:20:01+09:00,delta,5
2026-08-24T07:20:01+09:00,all,5
2026-08-24T07:30:01+09:00,delta,5
2026-08-24T07:30:01+09:00,all,5
2026-08-24T07:40:01+09:00,delta,5
2026-08-24T07:40:01+09:00,all,5
2026-08-24T07:50:01+09:00,delta,5
2026-08-24T07:50:01+09:00,all,5
2026-08-24T08:00:01+09:00,delta,5
2026-08-24T08:00:01+09:00,all,5
2026-08-24T08:10:01+09:00,delta,5
2026-08-24T08:10:01+09:00,all,5
2026-08-24T08:20:01+09:00,delta,5
2026-08-24T08:20:01+09:00,all,5
2026-08-24T08:30:01+09:00,delta,5
2026-08-24T08:30:01+09:00,all,5
2026-08-24T08:40:01+09:00,delta,5
2026-08-24T08:40:01+09:00,all,5
2026-08-24T08:50:01+09:00,delta,8
2026-08-24T08:50:01+09:00,all,8
2026-08-24T09:00:01+09:00,delta,8
2026-08-24T09:00:01+09:00,all,8
2026-08-24T09:10:01+09:00,delta,8
2026-08-24T09:10:01+09:00,all,8
2026-08-24T09:20:01+09:00,delta,8
2026-08-24T09:20:01+09:00,all,8
2026-08-24T09:30:01+09:00,delta,8
2026-08-24T09:30:01+09:00,all,8
2026-08-24T09:40:01+09:00,delta,8
2026-08-24T09:40:01+09:00,all,8
2026-08-24T09:50:01+09:00,delta,9
2026-08-24T09:50:01+09:00,all,9
2026-08-24T10:00:01+09:00,delta,12
2026-08-24T10:00:01+09:00,all,12
2026-08-24T10:10:01+09:00,delta,13
2026-08-24T10:10:01+09:00,all,13
2026-08-24T10:20:01+09:00,delta,13
2026-08-24T10:20:01+09:00,all,13
2026-08-24T10:30:01+09:00,delta,14
2026-08-24T10:30:01+09:00,all,14
2026-08-24T10:40:01+09:00,delta,14
2026-08-24T10:40:01+09:00,all,14
2026-08-24T10:50:01+09:00,delta,14
2026-08-24T10:50:01+09:00,all,14
2026-08-24T11:00:01+09:00,delta,14
2026-08-24T11:00:01+09:00,all,14
2026-08-24T11:10:01+09:00,delta,13
2026-08-24T11:10:01+09:00,all,13
2026-08-24T11:20:01+09:00,delta,13
2026-08-24T11:20:01+09:00,all,13
2026-08-24T11:30:01+09:00,delta,13
2026-08-24T11:30:01+09:00,all,13
2026-08-24T11:40:01+09:00,delta,15
2026-08-24T11:40:01+09:00,all,15
2026-08-24T11:50:01+09:00,delta,17
2026-08-24T11:50:01+09:00,all,17
2026-08-24T12:00:01+09:00,delta,17
2026-08-24T12:00:01+09:00,all,17
2026-08-24T12:10:01+09:00,delta,17
2026-08-24T12:10:01+09:00,all,17
2026-08-24T12:20:01+09:00,delta,17
2026-08-24T12:20:01+09:00,all,17
2026-08-24T12:30:01+09:00,delta,18
2026-08-24T12:30:01+09:00,all,18
2026-08-24T12:40:01+09:00,delta,18
2026-08-24T12:40:01+09:00,all,18
2026-08-24T12:50:01+09:00,delta,18
2026-08-24T12:50:01+09:00,all,18
2026-08-24T13:00:01+09:00,delta,18
2026-08-24T13:00:01+09:00,all,18
2026-08-24T13:10:01+09:00,delta,18
2026-08-24T13:10:01+09:00,all,18
2026-08-24T13:20:01+09:00,delta,18
2026-08-24T13:20:01+09:00,all,18
2026-08-24T13:30:01+09:00,delta,19
2026-08-24T13:30:01+09:00,all,19
2026-08-24T13:40:01+09:00,delta,19
2026-08-24T13:40:01+09:00,all,19
2026-08-24T13:50:01+09:00,delta,18
2026-08-24T13:50:01+09:00,all,18
2026-08-24T14:00:01+09:00,delta,18
2026-08-24T14:00:01+09:00,all,18
2026-08-24T14:10:01+09:00,delta,18
2026-08-24T14:10:01+09:00,all,18
2026-08-24T14:20:01+09:00,delta,18
2026-08-24T14:20:01+09:00,all,18
2026-08-24T14:30:01+09:00,delta,17
2026-08-24T14:30:01+09:00,all,17
2026-08-24T14:40:01+09:00,delta,18
2026-08-24T14:40:01+09:00,all,18
2026-08-24T14:50:01+09:00,delta,19
2026-08-24T14:50:01+09:00,all,19
2026-08-24T15:00:01+09:00,delta,21
2026-08-24T15:00:01+09:00,all,21
2026-08-24T15:10:01+09:00,delta,20
2026-08-24T15:10:01+09:00,all,20
2026-08-24T15:20:01+09:00,delta,22
2026-08-24T15:20:01+09:00,all,22
2026-08-24T15:30:01+09:00,delta,22
2026-08-24T15:30:01+09:00,all,22
2026-08-24T15:40:01+09:00,delta,22
2026-08-24T15:40:01+09:00,all,22
2026-08-24T15:50:01+09:00,delta,22
2026-08-24T15:50:01+09:00,all,22
2026-08-24T16:00:01+09:00,delta,22
2026-08-24T16:00:01+09:00,all,22
2026-08-24T16:10:01+09:00,delta,22
2026-08-24T16:10:01+09:00,all,22
2026-08-24T16:20:01+09:00,delta,22
2026-08-24T16:20:01+09:00,all,22
2026-08-24T16:30:01+09:00,delta,22
2026-08-24T16:30:01+09:00,all,22
2026-08-24T16:40:01+09:00,delta,21
2026-08-24T16:40:01+09:00,all,21
2026-08-24T16:50:01+09:00,delta,21
2026-08-24T16:50:01+09:00,all,21
2026-08-24T17:00:01+09:00,delta,19
2026-08-24T17:00:01+09:00,all,19
2026-08-24T17:10:01+09:00,delta,19
2026-08-24T17:10:01+09:00,all,19
2026-08-24T17:20:01+09:00,delta,19
2026-08-24T17:20:01+09:00,all,19
2026-08-24T17:30:01+09:00,delta,19
2026-08-24T17:30:01+09:00,all,19
2026-08-24T17:40:01+09:00,delta,18
2026-08-24T17:40:01+09:00,all,18
2026-08-24T17:50:01+09:00,delta,18
2026-08-24T17:50:01+09:00,all,18
2026-08-24T18:00:01+09:00,delta,18
2026-08-24T18:00:01+09:00,all,18
2026-08-24T18:10:01+09:00,delta,18
2026-08-24T18:10:01+09:00,all,18
2026-08-24T18:20:01+09:00,delta,17
2026-08-24T18:20:01+09:00,all,17
2026-08-24T18:30:01+09:00,delta,17
2026-08-24T18:30:01+09:00,all,17
2026-08-24T18:40:01+09:00,delta,16
2026-08-24T18:40:01+09:00,all,16
2026-08-24T18:50:01+09:00,delta,16
2026-08-24T18:50:01+09:00,all,16
2026-08-24T19:00:01+09:00,delta,17
2026-08-24T19:00:01+09:00,all,17
2026-08-24T19:10:01+09:00,delta,17
2026-08-24T19:10:01+09:00,all,17
2026-08-24T19:20:01+09:00,delta,15
2026-08-24T19:20:01+09:00,all,15
2026-08-24T19:30:01+09:00,delta,15
2026-08-24T19:30:01+09:00,all,15
2026-08-24T19:40:01+09:00,delta,12
2026-08-24T19:40:01+09:00,all,12
2026-08-24T19:50:01+09:00,delta,12
2026-08-24T19:50:01+09:00,all,12
2026-08-24T20:00:01+09:00,delta,12
2026-08-24T20:00:01+09:00,all,12
2026-08-24T20:10:01+09:00,delta,12
2026-08-24T20:10:01+09:00,all,12
2026-08-24T20:20:01+09:00,delta,12
2026-08-24T20:20:01+09:00,all,12
2026-08-24T20:30:01+09:00,delta,12
2026-08-24T20:30:01+09:00,all,12
2026-08-24T20:40:01+09:00,delta,12
2026-08-24T20:40:01+09:00,all,12
2026-08-24T20:50:01+09:00,delta,12
2026-08-24T20:50:01+09:00,all,12
2026-08-24T21:00:01+09:00,delta,12
2026-08-24T21:00:01+09:00,all,12
2026-08-24T21:10:01+09:00,delta,12
2026-08-24T21:10:01+09:00,all,12
2026-08-24T21:20:01+09:00,delta,12
2026-08-24T21:20:01+09:00,all,12
2026-08-24T21:30:01+09:00,delta,12
2026-08-24T21:30:01+09:00,all,12
2026-08-24T21:40:01+09:00,delta,12
2026-08-24T21:40:01+09:00,all,12
2026-08-24T21:50:01+09:00,delta,13
2026-08-24T21:50:01+09:00,all,13
2026-08-24T22:00:01+09:00,delta,13
2026-08-24T22:00:01+09:00,all,13
2026-08-24T22:10:01+09:00,delta,11
2026-08-24T22:10:01+09:00,all,11
2026-08-24T22:20:01+09:00,delta,11
2026-08-24T22:20:01+09:00,all,11
2026-08-24T22:30:01+09:00,delta,6
2026-08-24T22:30:01+09:00,all,6
2026-08-24T22:40:01+09:00,delta,6
2026-08-24T22:40:01+09:00,all,6
2026-08-24T22:50:01+09:00,delta,6
2026-08-24T22:50:01+09:00,all,6
2026-08-24T23:00:01+09:00,delta,6
2026-08-24T23:00:01+09:00,all,6
2026-08-24T23:10:01+09:00,delta,6
2026-08-24T23:10:01+09:00,all,6
2026-08-24T23:20:01+09:00,delta,6
2026-08-24T23:20:01+09:00,all,6
2026-08-24T23:30:01+09:00,delta,6
2026-08-24T23:30:01+09:00,all,6
2026-08-24T23:40:01+09:00,delta,6
2026-08-24T23:40:01+09:00,all,6
2026-08-24T23:50:01+09:00,delta,6
2026-08-24T23:50:01+09:00,all,6
2026-08-25T00:00:01+09:00,delta,6
2026-08-25T00:00:01+09:00,all,6
2026-08-25T00:10:01+09:00,delta,6
2026-08-25T00:10:01+09:00,all,6
2026-08-25T00:20:01+09:00,delta,6
2026-08-25T00:20:01+09:00,all,6
2026-08-25T00:30:01+09:00,delta,6
2026-08-25T00:30:01+09:00,all,6
2026-08-25T00:40:01+09:00,delta,6
2026-08-25T00:40:01+09:00,all,6
2026-08-25T00:50:01+09:00,delta,6
2026-08-25T00:50:01+09:00,all,6
2026-08-25T01:00:01+09:00,delta,6
2026-08-25T01:00:01+09:00,all,6
2026-08-25T01:10:01+09:00,delta,6
2026-08-25T01:10:01+09:00,all,6
2026-08-25T01:20:01+09:00,delta,6
2026-08-25T01:20:01+09:00,all,6
2026-08-25T01:30:01+09:00,delta,6
2026-08-25T01:30:01+09:00,all,6
2026-08-25T01:40:01+09:00,delta,6
2026-08-25T01:40:01+09:00,all,6
2026-08-25T01:50:01+09:00,delta,6
2026-08-25T01:50:01+09:00,all,6
2026-08-25T02:00:01+09:00,delta,6
2026-08-25T02:00:01+09:00,all,6
2026-08-25T02:10:01+09:00,delta,6
2026-08-25T02:10:01+09:00,all,6
2026-08-25T02:20:01+09:00,delta,6
2026-08-25T02:20:01+09:00,all,6
2026-08-25T02:30:01+09:00,delta,6
2026-08-25T02:30:01+09:00,all,6
2026-08-25T02:40:01+09:00,delta,6
2026-08-25T02:40:01+09:00,all,6
2026-08-25T02:50:01+09:00,delta,6
2026-08-25T02:50:01+09:00,all,6
2026-08-25T03:00:01+09:00,delta,6
2026-08-25T03:00:01+09:00,all,6
2026-08-25T03:10:01+09:00,delta,6
2026-08-25T03:10:01+09:00,all,6
2026-08-25T03:20:01+09:00,delta,6
2026-08-25T03:20:01+09:00,all,6
2026-08-25T03:30:01+09:00,delta,6
2026-08-25T03:30:01+09:00,all,6
2026-08-25T03:40:01+09:00,delta,6
2026-08-25T03:40:01+09:00,all,6
2026-08-25T03:50:01+09:00,delta,6
2026-08-25T03:50:01+09:00,all,6
2026-08-25T04:00:01+09:00,delta,6
2026-08-25T04:00:01+09:00,all,6
2026-08-25T04:10:01+09:00,delta,6
2026-08-25T04:10:01+09:00,all,6
2026-08-25T04:20:01+09:00,delta,6
2026-08-25T04:20:01+09:00,all,6
2026-08-25T04:30:01+09:00,delta,6
2026-08-25T04:30:01+09:00,all,6
2026-08-25T04:40:01+09:00,delta,6
2026-08-25T04:40:01+09:00,all,6
2026-08-25T04:50:01+09:00,delta,5
2026-08-25T04:50:01+09:00,all,5
2026-08-25T05:00:01+09:00,delta,5
2026-08-25T05:00:01+09:00,all,5
2026-08-25T05:10:01+09:00,delta,5
2026-08-25T05:10:01+09:00,all,5
2026-08-25T05:20:01+09:00,delta,5
2026-08-25T05:20:01+09:00,all,5
2026-08-25T05:30:01+09:00,delta,5
2026-08-25T05:30:01+09:00,all,5
2026-08-25T05:40:01+09:00,delta,5
2026-08-25T05:40:01+09:00,all,5
2026-08-25T05:50:01+09:00,delta,5
2026-08-25T05:50:01+09:00,all,5
2026-08-25T06:00:01+09:00,delta,5
2026-08-25T06:00:01+09:00,all,5
2026-08-25T06:10:01+09:00,delta,5
2026-08-25T06:10:01+09:00,all,5
2026-08-25T06:20:01+09:00,delta,5
2026-08-25T06:20:01+09:00,all,5
2026-08-25T06:30:01+09:00,delta,5
2026-08-25T06:30:01+09:00,all,5
2026-08-25T06:40:01+09:00,delta,5
2026-08-25T06:40:01+09:00,all,5
2026-08-25T06:50:01+09:00,delta,5
2026-08-25T06:50:01+09:00,all,5
2026-08-25T07:00:01+09:00,delta,5
2026-08-25T07:00:01+09:00,all,5
2026-08-25T07:10:01+09:00,delta,5
2026-08-25T07:10:01+09:00,all,5
2026-08-25T07:20:01+09:00,delta,5
2026-08-25T07:20:01+09:00,all,5
2026-08-25T07:30:01+09:00,delta,5
2026-08-25T07:30:01+09:00,all,5
2026-08-25T07:40:01+09:00,delta,5
2026-08-25T07:40:01+09:00,all,5
2026-08-25T07:50:01+09:00,delta,5
2026-08-25T07:50:01+09:00,all,5
2026-08-25T08:00:01+09:00,delta,5
2026-08-25T08:00:01+09:00,all,5
2026-08-25T08:10:01+09:00,delta,5
2026-08-25T08:10:01+09:00,all,5
2026-08-25T08:20:01+09:00,delta,5
2026-08-25T08:20:01+09:00,all,5
2026-08-25T08:30:01+09:00,delta,5
2026-08-25T08:30:01+09:00,all,5
2026-08-25T08:40:01+09:00,delta,5
2026-08-25T08:40:01+09:00,all,5
2026-08-25T08:50:01+09:00,delta,5
2026-08-25T08:50:01+09:00,all,5
2026-08-25T09:00:01+09:00,delta,5
2026-08-25T09:00:01+09:00,all,5
2026-08-25T09:10:01+09:00,delta,5
2026-08-25T09:10:01+09:00,all,5
2026-08-25T09:20:01+09:00,delta,5
2026-08-25T09:20:01+09:00,all,5
2026-08-25T09:30:01+09:00,delta,5
2026-08-25T09:30:01+09:00,all,5
2026-08-25T09:40:01+09:00,delta,5
2026-08-25T09:40:01+09:00,all,5
2026-08-25T09:50:01+09:00,delta,7
2026-08-25T09:50:01+09:00,all,7
2026-08-25T10:00:01+09:00,delta,8
2026-08-25T10:00:01+09:00,all,8
2026-08-25T10:10:01+09:00,delta,8
2026-08-25T10:10:01+09:00,all,8
2026-08-25T10:20:01+09:00,delta,11
2026-08-25T10:20:01+09:00,all,11
2026-08-25T10:30:01+09:00,delta,11
2026-08-25T10:30:01+09:00,all,11
2026-08-25T10:40:01+09:00,delta,11
2026-08-25T10:40:01+09:00,all,11
2026-08-25T10:50:01+09:00,delta,13
2026-08-25T10:50:01+09:00,all,13
2026-08-25T11:00:01+09:00,delta,17
2026-08-25T11:00:01+09:00,all,17
2026-08-25T11:10:01+09:00,delta,17
2026-08-25T11:10:01+09:00,all,17
2026-08-25T11:20:01+09:00,delta,17
2026-08-25T11:20:01+09:00,all,17
2026-08-25T11:30:01+09:00,delta,17
2026-08-25T11:30:01+09:00,all,17
2026-08-25T11:40:01+09:00,delta,17
2026-08-25T11:40:01+09:00,all,17
2026-08-25T11:50:01+09:00,delta,17
2026-08-25T11:50:01+09:00,all,17
2026-08-25T12:00:01+09:00,delta,17
2026-08-25T12:00:01+09:00,all,17
2026-08-25T12:10:01+09:00,delta,17
2026-08-25T12:10:01+09:00,all,17
2026-08-25T12:20:01+09:00,delta,17
2026-08-25T12:20:01+09:00,all,17
2026-08-25T12:30:01+09:00,delta,19
2026-08-25T12:30:01+09:00,all,19
2026-08-25T12:40:01+09:00,delta,19
2026-08-25T12:40:01+09:00,all,19
2026-08-25T12:50:01+09:00,delta,20
2026-08-25T12:50:01+09:00,all,20
2026-08-25T13:00:01+09:00,delta,21
2026-08-25T13:00:01+09:00,all,21
2026-08-25T13:10:01+09:00,delta,20
2026-08-25T13:10:01+09:00,all,20
2026-08-25T13:20:01+09:00,delta,20
2026-08-25T13:20:01+09:00,all,20
2026-08-25T13:30:01+09:00,delta,18
2026-08-25T13:30:01+09:00,all,18
2026-08-25T13:40:01+09:00,delta,18
2026-08-25T13:40:01+09:00,all,18
2026-08-25T13:50:01+09:00,delta,18
2026-08-25T13:50:01+09:00,all,18
2026-08-25T14:00:01+09:00,delta,18
2026-08-25T14:00:01+09:00,all,18
2026-08-25T14:10:01+09:00,delta,17
2026-08-25T14:10:01+09:00,all,17
2026-08-25T14:20:01+09:00,delta,18
2026-08-25T14:20:01+09:00,all,18
2026-08-25T14:30:01+09:00,delta,17
2026-08-25T14:30:01+09:00,all,17
2026-08-25T14:40:01+09:00,delta,17
2026-08-25T14:40:01+09:00,all,17
2026-08-25T14:50:01+09:00,delta,21
2026-08-25T14:50:01+09:00,all,21
2026-08-25T15:00:01+09:00,delta,21
2026-08-25T15:00:01+09:00,all,21
2026-08-25T15:10:01+09:00,delta,21
2026-08-25T15:10:01+09:00,all,21
2026-08-25T15:20:01+09:00,delta,20
2026-08-25T15:20:01+09:00,all,20
2026-08-25T15:30:01+09:00,delta,20
2026-08-25T15:30:01+09:00,all,20
2026-08-25T15:40:01+09:00,delta,19
2026-08-25T15:40:01+09:00,all,19
2026-08-25T15:50:01+09:00,delta,19
2026-08-25T15:50:01+09:00,all,19
2026-08-25T16:00:01+09:00,delta,19
2026-08-25T16:00:01+09:00,all,19
2026-08-25T16:10:01+09:00,delta,18
2026-08-25T16:10:01+09:00,all,18
2026-08-25T16:20:01+09:00,delta,17
2026-08-25T16:20:01+09:00,all,17
2026-08-25T16:30:01+09:00,delta,16
2026-08-25T16:30:01+09:00,all,16
2026-08-25T16:40:01+09:00,delta,16
2026-08-25T16:40:01+09:00,all,16
2026-08-25T16:50:01+09:00,delta,16
2026-08-25T16:50:01+09:00,all,16
2026-08-25T17:00:01+09:00,delta,18
2026-08-25T17:00:01+09:00,all,18
2026-08-25T17:10:01+09:00,delta,21
2026-08-25T17:10:01+09:00,all,21
2026-08-25T17:20:01+09:00,delta,20
2026-08-25T17:20:01+09:00,all,20
2026-08-25T17:30:01+09:00,delta,20
2026-08-25T17:30:01+09:00,all,20
2026-08-25T17:40:01+09:00,delta,20
2026-08-25T17:40:01+09:00,all,20
2026-08-25T17:50:01+09:00,delta,20
2026-08-25T17:50:01+09:00,all,20
2026-08-25T18:00:01+09:00,delta,20
2026-08-25T18:00:01+09:00,all,20
2026-08-25T18:10:01+09:00,delta,19
2026-08-25T18:10:01+09:00,all,19
2026-08-25T18:20:01+09:00,delta,18
2026-08-25T18:20:01+09:00,all,18
2026-08-25T18:30:01+09:00,delta,19
2026-08-25T18:30:01+09:00,all,19
2026-08-25T18:40:01+09:00,delta,18
2026-08-25T18:40:01+09:00,all,18
2026-08-25T18:50:01+09:00,delta,16
2026-08-25T18:50:01+09:00,all,16
2026-08-25T19:00:01+09:00,delta,17
2026-08-25T19:00:01+09:00,all,17
2026-08-25T19:10:01+09:00,delta,14
2026-08-25T19:10:01+09:00,all,14
2026-08-25T19:20:01+09:00,delta,15
2026-08-25T19:20:01+09:00,all,15
2026-08-25T19:30:01+09:00,delta,15
2026-08-25T19:30:01+09:00,all,15
2026-08-25T19:40:01+09:00,delta,14
2026-08-25T19:40:01+09:00,all,14
2026-08-25T19:50:01+09:00,delta,15
2026-08-25T19:50:01+09:00,all,15
2026-08-25T20:00:01+09:00,delta,15
2026-08-25T20:00:01+09:00,all,15
2026-08-25T20:10:01+09:00,delta,10
2026-08-25T20:10:01+09:00,all,10
2026-08-25T20:20:01+09:00,delta,12
2026-08-25T20:20:01+09:00,all,12
2026-08-25T20:30:01+09:00,delta,12
2026-08-25T20:30:01+09:00,all,12
2026-08-25T20:40:01+09:00,delta,12
2026-08-25T20:40:01+09:00,all,12
2026-08-25T20:50:01+09:00,delta,12
2026-08-25T20:50:01+09:00,all,12
2026-08-25T21:00:01+09:00,delta,11
2026-08-25T21:00:01+09:00,all,11
2026-08-25T21:10:01+09:00,delta,11
2026-08-25T21:10:01+09:00,all,11
2026-08-25T21:20:01+09:00,delta,11
2026-08-25T21:20:01+09:00,all,11
2026-08-25T21:30:01+09:00,delta,9
2026-08-25T21:30:01+09:00,all,9
2026-08-25T21:40:01+09:00,delta,7
2026-08-25T21:40:01+09:00,all,7
2026-08-25T21:50:01+09:00,delta,7
2026-08-25T21:50:01+09:00,all,7
2026-08-25T22:00:01+09:00,delta,7
2026-08-25T22:00:01+09:00,all,7
2026-08-25T22:10:01+09:00,delta,7
2026-08-25T22:10:01+09:00,all,7
2026-08-25T22:20:01+09:00,delta,7
2026-08-25T22:20:01+09:00,all,7
2026-08-25T22:30:01+09:00,delta,7
2026-08-25T22:30:01+09:00,all,7
2026-08-25T22:40:01+09:00,delta,7
2026-08-25T22:40:01+09:00,all,7
2026-08-25T22:50:01+09:00,delta,7
2026-08-25T22:50:01+09:00,all,7
2026-08-25T23:00:01+09:00,delta,7
2026-08-25T23:00:01+09:00,all,7
2026-08-25T23:10:01+09:00,delta,7
2026-08-25T23:10:01+09:00,all,7
2026-08-25T23:20:01+09:00,delta,7
2026-08-25T23:20:01+09:00,all,7
2026-08-25T23:30:01+09:00,delta,7
2026-08-25T23:30:01+09:00,all,7
2026-08-25T23:40:01+09:00,delta,7
2026-08-25T23:40:01+09:00,all,7
2026-08-25T23:50:01+09:00,delta,7
2026-08-25T23:50:01+09:00,all,7
2026-08-26T00:00:01+09:00,delta,7
2026-08-26T00:00:01+09:00,all,7
2026-08-26T00:10:01+09:00,delta,7
2026-08-26T00:10:01+09:00,all,7
2026-08-26T00:20:01+09:00,delta,7
2026-08-26T00:20:01+09:00,all,7
2026-08-26T00:30:01+09:00,delta,5
2026-08-26T00:30:01+09:00,all,5
2026-08-26T00:40:01+09:00,delta,5
2026-08-26T00:40:01+09:00,all,5
2026-08-26T00:50:01+09:00,delta,5
2026-08-26T00:50:01+09:00,all,5
2026-08-26T01:00:01+09:00,delta,5
2026-08-26T01:00:01+09:00,all,5
2026-08-26T01:10:01+09:00,delta,5
2026-08-26T01:10:01+09:00,all,5
2026-08-26T01:20:01+09:00,delta,5
2026-08-26T01:20:01+09:00,all,5
2026-08-26T01:30:01+09:00,delta,5
2026-08-26T01:30:01+09:00,all,5
2026-08-26T01:40:01+09:00,delta,5
2026-08-26T01:40:01+09:00,all,5
2026-08-26T01:50:01+09:00,delta,5
2026-08-26T01:50:01+09:00,all,5
2026-08-26T02:00:01+09:00,delta,5
2026-08-26T02:00:01+09:00,all,5
2026-08-26T02:10:01+09:00,delta,5
2026-08-26T02:10:01+09:00,all,5
2026-08-26T02:20:01+09:00,delta,5
2026-08-26T02:20:01+09:00,all,5
2026-08-26T02:30:01+09:00,delta,5
2026-08-26T02:30:01+09:00,all,5
2026-08-26T02:40:01+09:00,delta,5
2026-08-26T02:40:01+09:00,all,5
2026-08-26T02:50:01+09:00,delta,5
2026-08-26T02:50:01+09:00,all,5
2026-08-26T03:00:01+09:00,delta,5
2026-08-26T03:00:01+09:00,all,5
2026-08-26T03:10:01+09:00,delta,5
2026-08-26T03:10:01+09:00,all,5
2026-08-26T03:20:01+09:00,delta,5
2026-08-26T03:20:01+09:00,all,5
2026-08-26T03:30:01+09:00,delta,5
2026-08-26T03:30:01+09:00,all,5
2026-08-26T03:40:01+09:00,delta,5
2026-08-26T03:40:01+09:00,all,5
2026-08-26T03:50:01+09:00,delta,5
2026-08-26T03:50:01+09:00,all,5
2026-08-26T04:00:01+09:00,delta,5
2026-08-26T04:00:01+09:00,all,5
2026-08-26T04:10:01+09:00,delta,5
2026-08-26T04:10:01+09:00,all,5
2026-08-26T04:20:01+09:00,delta,5
2026-08-26T04:20:01+09:00,all,5
2026-08-26T04:30:01+09:00,delta,5
2026-08-26T04:30:01+09:00,all,5
2026-08-26T04:40:01+09:00,delta,5
2026-08-26T04:40:01+09:00,all,5
2026-08-26T04:50:01+09:00,delta,5
2026-08-26T04:50:01+09:00,all,5
2026-08-26T05:00:01+09:00,delta,5
2026-08-26T05:00:01+09:00,all,5
2026-08-26T05:10:01+09:00,delta,5
2026-08-26T05:10:01+09:00,all,5
2026-08-26T05:20:01+09:00,delta,5
2026-08-26T05:20:01+09:00,all,5
2026-08-26T05:30:01+09:00,delta,5
2026-08-26T05:30:01+09:00,all,5
2026-08-26T05:40:01+09:00,delta,5
2026-08-26T05:40:01+09:00,all,5
2026-08-26T05:50:01+09:00,delta,5
2026-08-26T05:50:01+09:00,all,5
2026-08-26T06:00:01+09:00,delta,5
2026-08-26T06:00:01+09:00,all,5
2026-08-26T06:10:01+09:00,delta,5
2026-08-26T06:10:01+09:00,all,5
2026-08-26T06:20:01+09:00,delta,5
2026-08-26T06:20:01+09:00,all,5
2026-08-26T06:30:01+09:00,delta,5
2026-08-26T06:30:01+09:00,all,5
2026-08-26T06:40:01+09:00,delta,5
2026-08-26T06:40:01+09:00,all,5
2026-08-26T06:50:01+09:00,delta,5
2026-08-26T06:50:01+09:00,all,5
2026-08-26T07:00:01+09:00,delta,5
2026-08-26T07:00:01+09:00,all,5
2026-08-26T07:10:01+09:00,delta,5
2026-08-26T07:10:01+09:00,all,5
2026-08-26T07:20:01+09:00,delta,5
2026-08-26T07:20:01+09:00,all,5
2026-08-26T07:30:01+09:00,delta,5
2026-08-26T07:30:01+09:00,all,5
2026-08-26T07:40:01+09:00,delta,5
2026-08-26T07:40:01+09:00,all,5
2026-08-26T07:50:01+09:00,delta,5
2026-08-26T07:50:01+09:00,all,5
2026-08-26T08:00:01+09:00,delta,5
2026-08-26T08:00:01+09:00,all,5
2026-08-26T08:10:01+09:00,delta,5
2026-08-26T08:10:01+09:00,all,5
2026-08-26T08:20:01+09:00,delta,5
2026-08-26T08:20:01+09:00,all,5
2026-08-26T08:30:01+09:00,delta,5
2026-08-26T08:30:01+09:00,all,5
2026-08-26T08:40:01+09:00,delta,5
2026-08-26T08:40:01+09:00,all,5
2026-08-26T08:50:01+09:00,delta,5
2026-08-26T08:50:01+09:00,all,5
2026-08-26T09:00:01+09:00,delta,5
2026-08-26T09:00:01+09:00,all,5
2026-08-26T09:10:01+09:00,delta,6
2026-08-26T09:10:01+09:00,all,6
2026-08-26T09:20:01+09:00,delta,8
2026-08-26T09:20:01+09:00,all,8
2026-08-26T09:30:01+09:00,delta,9
2026-08-26T09:30:01+09:00,all,9
2026-08-26T09:40:01+09:00,delta,12
2026-08-26T09:40:01+09:00,all,12
2026-08-26T09:50:01+09:00,delta,12
2026-08-26T09:50:01+09:00,all,12
2026-08-26T10:00:01+09:00,delta,13
2026-08-26T10:00:01+09:00,all,13
2026-08-26T10:10:01+09:00,delta,14
2026-08-26T10:10:01+09:00,all,14
2026-08-26T10:20:01+09:00,delta,12
2026-08-26T10:20:01+09:00,all,12
2026-08-26T10:30:01+09:00,delta,12
2026-08-26T10:30:01+09:00,all,12
2026-08-26T10:40:01+09:00,delta,10
2026-08-26T10:40:01+09:00,all,10
2026-08-26T10:50:01+09:00,delta,10
2026-08-26T10:50:01+09:00,all,10
2026-08-26T11:00:01+09:00,delta,10
2026-08-26T11:00:01+09:00,all,10
2026-08-26T11:10:01+09:00,delta,11
2026-08-26T11:10:01+09:00,all,11
2026-08-26T11:20:01+09:00,delta,11
2026-08-26T11:20:01+09:00,all,11
2026-08-26T11:30:01+09:00,delta,11
2026-08-26T11:30:01+09:00,all,11
2026-08-26T11:40:01+09:00,delta,10
2026-08-26T11:40:01+09:00,all,10
2026-08-26T11:50:01+09:00,delta,10
2026-08-26T11:50:01+09:00,all,10
2026-08-26T12:00:01+09:00,alpha,81
2026-08-26T12:00:01+09:00,delta,13
2026-08-26T12:00:01+09:00,epsilon,12
2026-08-26T12:00:01+09:00,iota,6
2026-08-26T12:00:01+09:00,kappa,12
2026-08-26T12:00:01+09:00,lambda,15
2026-08-26T12:00:01+09:00,lounge,4
2026-08-26T12:00:01+09:00,mu,56
2026-08-26T12:00:01+09:00,omega,0
2026-08-26T12:00:01+09:00,omicron,12
2026-08-26T12:00:01+09:00,sigma,20
2026-08-26T12:00:01+09:00,tau,9
2026-08-26T12:00:01+09:00,theta,3
2026-08-26T12:00:01+09:00,all,243
2026-08-26T12:10:01+09:00,alpha,81
2026-08-26T12:10:01+09:00,delta,14
2026-08-26T12:10:01+09:00,epsilon,12
2026-08-26T12:10:01+09:00,iota,6
2026-08-26T12:10:01+09:00,kappa,12
2026-08-26T12:10:01+09:00,lambda,15
2026-08-26T12:10:01+09:00,lounge,4
2026-08-26T12:10:01+09:00,mu,56
2026-08-26T12:10:01+09:00,omega,0
2026-08-26T12:10:01+09:00,omicron,12
2026-08-26T12:10:01+09:00,sigma,20
2026-08-26T12:10:01+09:00,tau,9
2026-08-26T12:10:01+09:00,theta,3
2026-08-26T12:10:01+09:00,all,244
2026-08-26T12:20:01+09:00,delta,20
2026-08-26T12:20:01+09:00,all,20
2026-08-26T12:30:01+09:00,delta,20
2026-08-26T12:30:01+09:00,all,20
2026-08-26T12:40:01+09:00,delta,19
2026-08-26T12:40:01+09:00,all,19
2026-08-26T12:55:01+09:00,all,0
2026-08-27T23:10:01+09:00,all,0
2026-08-29T09:10:01+09:00,all,0
2026-08-31T00:30:02+09:00,all,0
2026-09-01T07:15:01+09:00,all,0
2026-09-02T11:25:01+09:00,all,0
2026-09-03T14:05:01+09:00,all,0
2026-09-04T15:45:01+09:00,all,0
2026-09-05T23:25:01+09:00,all,0
2026-09-07T10:25:01+09:00,all,0
2026-09-08T12:40:01+09:00,all,0
2026-09-09T12:15:01+09:00,all,0
2026-09-09T16:05:02+09:00,all,0
2026-09-10T16:15:01+09:00,all,0
2026-09-11T16:25:01+09:00,all,0
2026-09-12T22:45:01+09:00,all,0
2026-09-14T06:05:01+09:00,all,0
2026-09-15T02:45:02+09:00,all,0
2026-09-16T00:40:01+09:00,all,0
2026-09-16T21:50:01+09:00,all,0
2026-09-17T20:45:02+09:00,all,0
2026-09-18T18:15:01+09:00,all,0
2026-09-19T22:00:01+09:00,all,0
2026-09-21T02:55:01+09:00,all,0
2026-09-22T09:50:02+09:00,all,0
2026-09-22T12:19:27+09:00,all,0
2026-09-22T12:29:27+09:00,alpha,9
2026-09-22T12:29:27+09:00,delta,32
2026-09-22T12:29:27+09:00,epsilon,5
2026-09-22T12:29:27+09:00,iota,1
2026-09-22T12:29:27+09:00,kappa,26
2026-09-22T12:29:27+09:00,lambda,14
2026-09-22T12:29:27+09:00,lounge,1
2026-09-22T12:29:27+09:00,mu,11
2026-09-22T12:29:27+09:00,omega,0
2026-09-22T12:29:27+09:00,omicron,8
2026-09-22T12:29:27+09:00,sigma,4
2026-09-22T12:29:27+09:00,tau,21
2026-09-22T12:29:27+09:00,theta,4
2026-09-22T12:29:27+09:00,all,136
2026-09-22T12:39:27+09:00,alpha,9
2026-09-22T12:39:27+09:00,delta,32
2026-09-22T12:39:27+09:00,epsilon,4
2026-09-22T12:39:27+09:00,iota,2
2026-09-22T12:39:27+09:00,kappa,28
2026-09-22T12:39:27+09:00,lambda,13
2026-09-22T12:39:27+09:00,lounge,1
2026-09-22T12:39:27+09:00,mu,10
2026-09-22T12:39:27+09:00,omega,0
2026-09-22T12:39:27+09:00,omicron,8
2026-09-22T12:39:27+09:00,sigma,3
2026-09-22T12:39:27+09:00,tau,21
2026-09-22T12:39:27+09:00,theta,4
2026-09-22T12:39:27+09:00,all,135
2026-09-22T12:49:27+09:00,alpha,9
2026-09-22T12:49:27+09:00,delta,32
2026-09-22T12:49:27+09:00,epsilon,3
2026-09-22T12:49:27+09:00,iota,2
2026-09-22T12:49:27+09:00,kappa,27
2026-09-22T12:49:27+09:00,lambda,14
2026-09-22T12:49:27+09:00,lounge,0
2026-09-22T12:49:27+09:00,mu,13
2026-09-22T12:49:27+09:00,omega,1
2026-09-22T12:49:27+09:00,omicron,8
2026-09-22T12:49:27+09:00,sigma,3
2026-09-22T12:49:27+09:00,tau,25
2026-09-22T12:49:27+09:00,theta,4
2026-09-22T12:49:27+09:00,all,141
2026-09-22T12:59:27+09:00,alpha,9
2026-09-22T12:59:27+09:00,delta,32
2026-09-22T12:59:27+09:00,epsilon,3
2026-09-22T12:59:27+09:00,iota,2
2026-09-22T12:59:27+09:00,kappa,27
2026-09-22T12:59:27+09:00,lambda,14
2026-09-22T12:59:27+09:00,lounge,1
2026-09-22T12:59:27+09:00,mu,12
2026-09-22T12:59:27+09:00,omega,0
2026-09-22T12:59:27+09:00,omicron,8
2026-09-22T12:59:27+09:00,sigma,3
2026-09-22T12:59:27+09:00,tau,27
2026-09-22T12:59:27+09:00,theta,4
2026-09-22T12:59:27+09:00,all,142
2026-09-22T13:13:52+09:00,all,0
2026-09-22T13:23:52+09:00,alpha,10
2026-09-22T13:23:52+09:00,delta,32
2026-09-22T13:23:52+09:00,epsilon,3
2026-09-22T13:23:52+09:00,iota,5
2026-09-22T13:23:52+09:00,kappa,27
2026-09-22T13:23:52+09:00,lambda,13
2026-09-22T13:23:52+09:00,lounge,0
2026-09-22T13:23:52+09:00,mu,11
2026-09-22T13:23:52+09:00,omega,0
2026-09-22T13:23:52+09:00,omicron,9
2026-09-22T13:23:52+09:00,sigma,3
2026-09-22T13:23:52+09:00,tau,29
2026-09-22T13:23:52+09:00,theta,7
2026-09-22T13:23:52+09:00,all,149
2026-09-22T13:33:52+09:00,alpha,9
2026-09-22T13:33:52+09:00,delta,32
2026-09-22T13:33:52+09:00,epsilon,3
2026-09-22T13:33:52+09:00,iota,2
2026-09-22T13:33:52+09:00,kappa,35
2026-09-22T13:33:52+09:00,lambda,13
2026-09-22T13:33:52+09:00,lounge,0
2026-09-22T13:33:52+09:00,mu,14
2026-09-22T13:33:52+09:00,omega,0
2026-09-22T13:33:52+09:00,omicron,8
2026-09-22T13:33:52+09:00,sigma,3
2026-09-22T13:33:52+09:00,tau,31
2026-09-22T13:33:52+09:00,theta,4
2026-09-22T13:33:52+09:00,all,154
2026-09-22T13:43:52+09:00,alpha,10
2026-09-22T13:43:52+09:00,delta,32
2026-09-22T13:43:52+09:00,epsilon,3
2026-09-22T13:43:52+09:00,iota,2
2026-09-22T13:43:52+09:00,kappa,30
2026-09-22T13:43:52+09:00,lambda,14
2026-09-22T13:43:52+09:00,lounge,0
2026-09-22T13:43:52+09:00,mu,11
2026-09-22T13:43:52+09:00,omega,0
2026-09-22T13:43:52+09:00,omicron,8
2026-09-22T13:43:52+09:00,sigma,3
2026-09-22T13:43:52+09:00,tau,32
2026-09-22T13:43:52+09:00,theta,7
2026-09-22T13:43:52+09:00,all,152
2026-09-22T13:53:52+09:00,alpha,9
2026-09-22T13:53:52+09:00,delta,32
2026-09-22T13:53:52+09:00,epsilon,3
2026-09-22T13:53:52+09:00,iota,2
2026-09-22T13:53:52+09:00,kappa,30
2026-09-22T13:53:52+09:00,lambda,15
2026-09-22T13:53:52+09:00,lounge,0
2026-09-22T13:53:52+09:00,mu,11
2026-09-22T13:53:52+09:00,omega,0
2026-09-22T13:53:52+09:00,omicron,8
2026-09-22T13:53:52+09:00,sigma,3
2026-09-22T13:53:52+09:00,tau,31
2026-09-22T13:53:52+09:00,theta,6
2026-09-22T13:53:52+09:00,all,150
2026-09-22T14:03:52+09:00,alpha,9
2026-09-22T14:03:52+09:00,delta,32
2026-09-22T14:03:52+09:00,epsilon,3
2026-09-22T14:03:52+09:00,iota,2
2026-09-22T14:03:52+09:00,kappa,30
2026-09-22T14:03:52+09:00,lambda,19
2026-09-22T14:03:52+09:00,lounge,0
2026-09-22T14:03:52+09:00,mu,11
2026-09-22T14:03:52+09:00,omega,0
2026-09-22T14:03:52+09:00,omicron,8
2026-09-22T14:03:52+09:00,sigma,3
2026-09-22T14:03:52+09:00,tau,32
2026-09-22T14:03:52+09:00,theta,4
2026-09-22T14:03:52+09:00,all,153
2026-09-22T14:13:52+09:00,alpha,9
2026-09-22T14:13:52+09:00,delta,34
2026-09-22T14:13:52+09:00,epsilon,3
2026-09-22T14:13:52+09:00,iota,2
2026-09-22T14:13:52+09:00,kappa,31
2026-09-22T14:13:52+09:00,lambda,19
2026-09-22T14:13:52+09:00,lounge,0
2026-09-22T14:13:52+09:00,mu,11
2026-09-22T14:13:52+09:00,omega,0
2026-09-22T14:13:52+09:00,omicron,8
2026-09-22T14:13:52+09:00,sigma,3
2026-09-22T14:13:52+09:00,tau,32
2026-09-22T14:13:52+09:00,theta,4
2026-09-22T14:13:52+09:00,all,156
2026-09-22T14:23:52+09:00,alpha,9
2026-09-22T14:23:52+09:00,delta,37
2026-09-22T14:23:52+09:00,epsilon,3
2026-09-22T14:23:52+09:00,iota,3
2026-09-22T14:23:52+09:00,kappa,30
2026-09-22T14:23:52+09:00,lambda,25
2026-09-22T14:23:52+09:00,lounge,0
2026-09-22T14:23:52+09:00,mu,14
2026-09-22T14:23:52+09:00,omega,0
2026-09-22T14:23:52+09:00,omicron,8
2026-09-22T14:23:52+09:00,sigma,3
2026-09-22T14:23:52+09:00,tau,30
2026-09-22T14:23:52+09:00,theta,4
2026-09-22T14:23:52+09:00,all,166
2026-09-22T14:33:52+09:00,alpha,9
2026-09-22T14:33:52+09:00,delta,37
2026-09-22T14:33:52+09:00,epsilon,4
2026-09-22T14:33:52+09:00,iota,2
2026-09-22T14:33:52+09:00,kappa,30
2026-09-22T14:33:52+09:00,lambda,23
2026-09-22T14:33:52+09:00,lounge,1
2026-09-22T14:33:52+09:00,mu,14
2026-09-22T14:33:52+09:00,omega,0
2026-09-22T14:33:52+09:00,omicron,11
2026-09-22T14:33:52+09:00,sigma,3
2026-09-22T14:33:52+09:00,tau,29
2026-09-22T14:33:52+09:00,theta,5
2026-09-22T14:33:52+09:00,all,168
2026-09-22T14:43:52+09:00,alpha,9
2026-09-22T14:43:52+09:00,delta,37
2026-09-22T14:43:52+09:00,epsilon,4
2026-09-22T14:43:52+09:00,iota,3
2026-09-22T14:43:52+09:00,kappa,28
2026-09-22T14:43:52+09:00,lambda,22
2026-09-22T14:43:52+09:00,lounge,0
2026-09-22T14:43:52+09:00,mu,12
2026-09-22T14:43:52+09:00,omega,0
2026-09-22T14:43:52+09:00,omicron,11
2026-09-22T14:43:52+09:00,sigma,3
2026-09-22T14:43:52+09:00,tau,30
2026-09-22T14:43:52+09:00,theta,4
2026-09-22T14:43:52+09:00,all,163
2026-09-22T14:53:52+09:00,alpha,9
2026-09-22T14:53:52+09:00,delta,37
2026-09-22T14:53:52+09:00,epsilon,4
2026-09-22T14:53:52+09:00,iota,2
2026-09-22T14:53:52+09:00,kappa,26
2026-09-22T14:53:52+09:00,lambda,21
2026-09-22T14:53:52+09:00,lounge,0
2026-09-22T14:53:52+09:00,mu,11
2026-09-22T14:53:52+09:00,omega,0
2026-09-22T14:53:52+09:00,omicron,8
2026-09-22T14:53:52+09:00,sigma,3
2026-09-22T14:53:52+09:00,tau,29
2026-09-22T14:53:52+09:00,theta,6
2026-09-22T14:53:52+09:00,all,156
2026-09-22T15:03:52+09:00,alpha,9
2026-09-22T15:03:52+09:00,delta,37
2026-09-22T15:03:52+09:00,epsilon,4
2026-09-22T15:03:52+09:00,iota,3
2026-09-22T15:03:52+09:00,kappa,26
2026-09-22T15:03:52+09:00,lambda,21
2026-09-22T15:03:52+09:00,lounge,0
2026-09-22T15:03:52+09:00,mu,11
2026-09-22T15:03:52+09:00,omega,0
2026-09-22T15:03:52+09:00,omicron,9
2026-09-22T15:03:52+09:00,sigma,3
2026-09-22T15:03:52+09:00,tau,30
2026-09-22T15:03:52+09:00,theta,4
2026-09-22T15:03:52+09:00,all,157
2026-09-22T15:13:52+09:00,alpha,9
2026-09-22T15:13:52+09:00,delta,35
2026-09-22T15:13:52+09:00,epsilon,4
2026-09-22T15:13:52+09:00,iota,2
2026-09-22T15:13:52+09:00,kappa,18
2026-09-22T15:13:52+09:00,lambda,22
2026-09-22T15:13:52+09:00,lounge,0
2026-09-22T15:13:52+09:00,mu,11
2026-09-22T15:13:52+09:00,omega,0
2026-09-22T15:13:52+09:00,omicron,8
2026-09-22T15:13:52+09:00,sigma,3
2026-09-22T15:13:52+09:00,tau,29
2026-09-22T15:13:52+09:00,theta,5
2026-09-22T15:13:52+09:00,all,146
2026-09-22T15:23:52+09:00,alpha,10
2026-09-22T15:23:52+09:00,delta,35
2026-09-22T15:23:52+09:00,epsilon,4
2026-09-22T15:23:52+09:00,iota,2
2026-09-22T15:23:52+09:00,kappa,32
2026-09-22T15:23:52+09:00,lambda,24
2026-09-22T15:23:52+09:00,lounge,0
2026-09-22T15:23:52+09:00,mu,12
2026-09-22T15:23:52+09:00,omega,0
2026-09-22T15:23:52+09:00,omicron,8
2026-09-22T15:23:52+09:00,sigma,3
2026-09-22T15:23:52+09:00,tau,28
2026-09-22T15:23:52+09:00,theta,5
2026-09-22T15:23:52+09:00,all,163
2026-09-22T15:33:52+09:00,alpha,9
2026-09-22T15:33:52+09:00,delta,35
2026-09-22T15:33:52+09:00,epsilon,4
2026-09-22T15:33:52+09:00,iota,2
2026-09-22T15:33:52+09:00,kappa,31
2026-09-22T15:33:52+09:00,lambda,25
2026-09-22T15:33:52+09:00,lounge,0
2026-09-22T15:33:52+09:00,mu,13
2026-09-22T15:33:52+09:00,omega,0
2026-09-22T15:33:52+09:00,omicron,8
2026-09-22T15:33:52+09:00,sigma,3
2026-09-22T15:33:52+09:00,tau,29
2026-09-22T15:33:52+09:00,theta,6
2026-09-22T15:33:52+09:00,all,165
2026-09-22T15:43:52+09:00,alpha,9
2026-09-22T15:43:52+09:00,delta,35
2026-09-22T15:43:52+09:00,epsilon,4
2026-09-22T15:43:52+09:00,iota,2
2026-09-22T15:43:52+09:00,kappa,31
2026-09-22T15:43:52+09:00,lambda,25
2026-09-22T15:43:52+09:00,lounge,0
2026-09-22T15:43:52+09:00,mu,17
2026-09-22T15:43:52+09:00,omega,0
2026-09-22T15:43:52+09:00,omicron,8
2026-09-22T15:43:52+09:00,sigma,3
2026-09-22T15:43:52+09:00,tau,24
2026-09-22T15:43:52+09:00,theta,2
2026-09-22T15:43:52+09:00,all,160
2026-09-22T15:53:52+09:00,alpha,9
2026-09-22T15:53:52+09:00,delta,35
2026-09-22T15:53:52+09:00,epsilon,4
2026-09-22T15:53:52+09:00,iota,2
2026-09-22T15:53:52+09:00,kappa,31
2026-09-22T15:53:52+09:00,lambda,25
2026-09-22T15:53:52+09:00,lounge,2
2026-09-22T15:53:52+09:00,mu,14
2026-09-22T15:53:52+09:00,omega,0
2026-09-22T15:53:52+09:00,omicron,8
2026-09-22T15:53:52+09:00,sigma,3
2026-09-22T15:53:52+09:00,tau,25
2026-09-22T15:53:52+09:00,theta,0
2026-09-22T15:53:52+09:00,all,158
2026-09-22T16:03:52+09:00,alpha,9
2026-09-22T16:03:52+09:00,delta,35
2026-09-22T16:03:52+09:00,epsilon,4
2026-09-22T16:03:52+09:00,iota,2
2026-09-22T16:03:52+09:00,kappa,31
2026-09-22T16:03:52+09:00,lambda,24
2026-09-22T16:03:52+09:00,lounge,2
2026-09-22T16:03:52+09:00,mu,12
2026-09-22T16:03:52+09:00,omega,0
2026-09-22T16:03:52+09:00,omicron,8
2026-09-22T16:03:52+09:00,sigma,3
2026-09-22T16:03:52+09:00,tau,13
2026-09-22T16:03:52+09:00,theta,0
2026-09-22T16:03:52+09:00,all,143
2026-09-22T16:13:52+09:00,alpha,9
2026-09-22T16:13:52+09:00,delta,35
2026-09-22T16:13:52+09:00,epsilon,4
2026-09-22T16:13:52+09:00,iota,2
2026-09-22T16:13:52+09:00,kappa,30
2026-09-22T16:13:52+09:00,lambda,23
2026-09-22T16:13:52+09:00,lounge,0
2026-09-22T16:13:52+09:00,mu,12
2026-09-22T16:13:52+09:00,omega,0
2026-09-22T16:13:52+09:00,omicron,8
2026-09-22T16:13:52+09:00,sigma,3
2026-09-22T16:13:52+09:00,tau,25
2026-09-22T16:13:52+09:00,theta,1
2026-09-22T16:13:52+09:00,all,152
2026-09-22T16:23:52+09:00,alpha,9
2026-09-22T16:23:52+09:00,delta,35
2026-09-22T16:23:52+09:00,epsilon,5
2026-09-22T16:23:52+09:00,iota,2
2026-09-22T16:23:52+09:00,kappa,31
2026-09-22T16:23:52+09:00,lambda,23
2026-09-22T16:23:52+09:00,lounge,0
2026-09-22T16:23:52+09:00,mu,12
2026-09-22T16:23:52+09:00,omega,0
2026-09-22T16:23:52+09:00,omicron,8
2026-09-22T16:23:52+09:00,sigma,3
2026-09-22T16:23:52+09:00,tau,26
2026-09-22T16:23:52+09:00,theta,1
2026-09-22T16:23:52+09:00,all,155
2026-09-22T16:33:52+09:00,alpha,9
2026-09-22T16:33:52+09:00,delta,35
2026-09-22T16:33:52+09:00,epsilon,5
2026-09-22T16:33:52+09:00,iota,2
2026-09-22T16:33:52+09:00,kappa,32
2026-09-22T16:33:52+09:00,lambda,23
2026-09-22T16:33:52+09:00,lounge,0
2026-09-22T16:33:52+09:00,mu,11
2026-09-22T16:33:52+09:00,omega,0
2026-09-22T16:33:52+09:00,omicron,8
2026-09-22T16:33:52+09:00,sigma,2
2026-09-22T16:33:52+09:00,tau,26
2026-09-22T16:33:52+09:00,theta,2
2026-09-22T16:33:52+09:00,all,155
2026-09-22T16:43:52+09:00,alpha,9
2026-09-22T16:43:52+09:00,delta,35
2026-09-22T16:43:52+09:00,epsilon,5
2026-09-22T16:43:52+09:00,iota,2
2026-09-22T16:43:52+09:00,kappa,31
2026-09-22T16:43:52+09:00,lambda,23
2026-09-22T16:43:52+09:00,lounge,0
2026-09-22T16:43:52+09:00,mu,11
2026-09-22T16:43:52+09:00,omega,1
2026-09-22T16:43:52+09:00,omicron,8
2026-09-22T16:43:52+09:00,sigma,3
2026-09-22T16:43:52+09:00,tau,25
2026-09-22T16:43:52+09:00,theta,0
2026-09-22T16:43:52+09:00,all,153
2026-09-22T16:53:52+09:00,alpha,9
2026-09-22T16:53:52+09:00,delta,36
2026-09-22T16:53:52+09:00,epsilon,5
2026-09-22T16:53:52+09:00,iota,2
2026-09-22T16:53:52+09:00,kappa,31
2026-09-22T16:53:52+09:00,lambda,23
2026-09-22T16:53:52+09:00,lounge,0
2026-09-22T16:53:52+09:00,mu,11
2026-09-22T16:53:52+09:00,omega,1
2026-09-22T16:53:52+09:00,omicron,8
2026-09-22T16:53:52+09:00,sigma,3
2026-09-22T16:53:52+09:00,tau,25
2026-09-22T16:53:52+09:00,theta,0
2026-09-22T16:53:52+09:00,all,154
2026-09-22T17:03:52+09:00,alpha,9
2026-09-22T17:03:52+09:00,delta,36
2026-09-22T17:03:52+09:00,epsilon,5
2026-09-22T17:03:52+09:00,iota,2
2026-09-22T17:03:52+09:00,kappa,31
2026-09-22T17:03:52+09:00,lambda,24
2026-09-22T17:03:52+09:00,lounge,0
2026-09-22T17:03:52+09:00,mu,12
2026-09-22T17:03:52+09:00,omega,1
2026-09-22T17:03:52+09:00,omicron,7
2026-09-22T17:03:52+09:00,sigma,3
2026-09-22T17:03:52+09:00,tau,25
2026-09-22T17:03:52+09:00,theta,0
2026-09-22T17:03:52+09:00,all,155
2026-09-22T17:13:52+09:00,alpha,9
2026-09-22T17:13:52+09:00,delta,36
2026-09-22T17:13:52+09:00,epsilon,5
2026-09-22T17:13:52+09:00,iota,2
2026-09-22T17:13:52+09:00,kappa,29
2026-09-22T17:13:52+09:00,lambda,25
2026-09-22T17:13:52+09:00,lounge,0
2026-09-22T17:13:52+09:00,mu,12
2026-09-22T17:13:52+09:00,omega,1
2026-09-22T17:13:52+09:00,omicron,8
2026-09-22T17:13:52+09:00,sigma,3
2026-09-22T17:13:52+09:00,tau,25
2026-09-22T17:13:52+09:00,theta,0
2026-09-22T17:13:52+09:00,all,155
2026-09-22T17:23:52+09:00,alpha,10
2026-09-22T17:23:52+09:00,delta,37
2026-09-22T17:23:52+09:00,epsilon,5
2026-09-22T17:23:52+09:00,iota,2
2026-09-22T17:23:52+09:00,kappa,26
2026-09-22T17:23:52+09:00,lambda,25
2026-09-22T17:23:52+09:00,lounge,1
2026-09-22T17:23:52+09:00,mu,14
2026-09-22T17:23:52+09:00,omega,1
2026-09-22T17:23:52+09:00,omicron,14
2026-09-22T17:23:52+09:00,sigma,4
2026-09-22T17:23:52+09:00,tau,27
2026-09-22T17:23:52+09:00,theta,2
2026-09-22T17:23:52+09:00,all,168
2026-09-22T17:29:16+09:00,all,0
2026-09-22T17:39:16+09:00,alpha,10
2026-09-22T17:39:16+09:00,delta,37
2026-09-22T17:39:16+09:00,epsilon,4
2026-09-22T17:39:16+09:00,iota,2
2026-09-22T17:39:16+09:00,kappa,22
2026-09-22T17:39:16+09:00,lambda,26
2026-09-22T17:39:16+09:00,lounge,0
2026-09-22T17:39:16+09:00,mu,13
2026-09-22T17:39:16+09:00,omega,0
2026-09-22T17:39:16+09:00,omicron,8
2026-09-22T17:39:16+09:00,sigma,5
2026-09-22T17:39:16+09:00,tau,18
2026-09-22T17:39:16+09:00,theta,2
2026-09-22T17:39:16+09:00,all,147
2026-09-22T17:49:16+09:00,alpha,9
2026-09-22T17:49:16+09:00,delta,37
2026-09-22T17:49:16+09:00,epsilon,4
2026-09-22T17:49:16+09:00,iota,2
2026-09-22T17:49:16+09:00,kappa,27
2026-09-22T17:49:16+09:00,lambda,25
2026-09-22T17:49:16+09:00,lounge,1
2026-09-22T17:49:16+09:00,mu,11
2026-09-22T17:49:16+09:00,omega,0
2026-09-22T17:49:16+09:00,omicron,8
2026-09-22T17:49:16+09:00,sigma,4
2026-09-22T17:49:16+09:00,tau,15
2026-09-22T17:49:16+09:00,theta,0
2026-09-22T17:49:16+09:00,all,143
2026-09-22T17:59:16+09:00,alpha,9
2026-09-22T17:59:16+09:00,delta,37
2026-09-22T17:59:16+09:00,epsilon,5
2026-09-22T17:59:16+09:00,iota,2
2026-09-22T17:59:16+09:00,kappa,25
2026-09-22T17:59:16+09:00,lambda,26
2026-09-22T17:59:16+09:00,lounge,1
2026-09-22T17:59:16+09:00,mu,11
2026-09-22T17:59:16+09:00,omega,0
2026-09-22T17:59:16+09:00,omicron,8
2026-09-22T17:59:16+09:00,sigma,3
2026-09-22T17:59:16+09:00,tau,18
2026-09-22T17:59:16+09:00,theta,0
2026-09-22T17:59:16+09:00,all,145
2026-09-22T18:09:16+09:00,alpha,9
2026-09-22T18:09:16+09:00,delta,36
2026-09-22T18:09:16+09:00,epsilon,5
2026-09-22T18:09:16+09:00,iota,2
2026-09-22T18:09:16+09:00,kappa,25
2026-09-22T18:09:16+09:00,lambda,26
2026-09-22T18:09:16+09:00,lounge,0
2026-09-22T18:09:16+09:00,mu,12
2026-09-22T18:09:16+09:00,omega,2
2026-09-22T18:09:16+09:00,omicron,8
2026-09-22T18:09:16+09:00,sigma,2
2026-09-22T18:09:16+09:00,tau,15
2026-09-22T18:09:16+09:00,theta,0
2026-09-22T18:09:16+09:00,all,142
2026-09-22T18:19:16+09:00,alpha,9
2026-09-22T18:19:16+09:00,delta,36
2026-09-22T18:19:16+09:00,epsilon,5
2026-09-22T18:19:16+09:00,iota,2
2026-09-22T18:19:16+09:00,kappa,25
2026-09-22T18:19:16+09:00,lambda,25
2026-09-22T18:19:16+09:00,lounge,0
2026-09-22T18:19:16+09:00,mu,11
2026-09-22T18:19:16+09:00,omega,0
2026-09-22T18:19:16+09:00,omicron,8
2026-09-22T18:19:16+09:00,sigma,2
2026-09-22T18:19:16+09:00,tau,15
2026-09-22T18:19:16+09:00,theta,0
2026-09-22T18:19:16+09:00,all,138
2026-09-22T18:30:01+09:00,all,0
2026-09-22T18:30:19+09:00,all,0
2026-09-22T18:40:24+09:00,all,0
2026-09-22T18:50:28+09:00,all,0
2026-09-22T19:00:31+09:00,all,0
2026-09-22T19:10:36+09:00,all,0
2026-09-22T19:20:43+09:00,all,0
2026-09-22T19:30:48+09:00,all,0
2026-09-22T19:40:57+09:00,all,0
2026-09-22T19:51:00+09:00,alpha,9
2026-09-22T19:51:00+09:00,delta,39
2026-09-22T19:51:00+09:00,epsilon,4
2026-09-22T19:51:00+09:00,iota,3
2026-09-22T19:51:00+09:00,kappa,18
2026-09-22T19:51:00+09:00,lambda,16
2026-09-22T19:51:00+09:00,lounge,1
2026-09-22T19:51:00+09:00,mu,11
2026-09-22T19:51:00+09:00,omega,0
2026-09-22T19:51:00+09:00,omicron,9
2026-09-22T19:51:00+09:00,sigma,2
2026-09-22T19:51:00+09:00,tau,17
2026-09-22T19:51:00+09:00,theta,4
2026-09-22T19:51:00+09:00,all,133
2026-09-22T20:01:06+09:00,alpha,9
2026-09-22T20:01:06+09:00,delta,38
2026-09-22T20:01:06+09:00,epsilon,4
2026-09-22T20:01:06+09:00,iota,2
2026-09-22T20:01:06+09:00,kappa,18
2026-09-22T20:01:06+09:00,lambda,13
2026-09-22T20:01:06+09:00,lounge,0
2026-09-22T20:01:06+09:00,mu,13
2026-09-22T20:01:06+09:00,omega,0
2026-09-22T20:01:06+09:00,omicron,9
2026-09-22T20:01:06+09:00,sigma,2
2026-09-22T20:01:06+09:00,tau,9
2026-09-22T20:01:06+09:00,theta,2
2026-09-22T20:01:06+09:00,all,119
2026-09-22T20:11:13+09:00,alpha,9
2026-09-22T20:11:13+09:00,delta,37
2026-09-22T20:11:13+09:00,epsilon,4
2026-09-22T20:11:13+09:00,iota,2
2026-09-22T20:11:13+09:00,kappa,7
2026-09-22T20:11:13+09:00,lambda,13
2026-09-22T20:11:13+09:00,lounge,0
2026-09-22T20:11:13+09:00,mu,21
2026-09-22T20:11:13+09:00,omega,0
2026-09-22T20:11:13+09:00,omicron,8
2026-09-22T20:11:13+09:00,sigma,2
2026-09-22T20:11:13+09:00,tau,8
2026-09-22T20:11:13+09:00,theta,0
2026-09-22T20:11:13+09:00,all,111
2026-09-22T20:21:17+09:00,alpha,9
2026-09-22T20:21:17+09:00,delta,34
2026-09-22T20:21:17+09:00,epsilon,4
2026-09-22T20:21:17+09:00,iota,2
2026-09-22T20:21:17+09:00,kappa,6
2026-09-22T20:21:17+09:00,lambda,13
2026-09-22T20:21:17+09:00,lounge,0
2026-09-22T20:21:17+09:00,mu,18
2026-09-22T20:21:17+09:00,omega,1
2026-09-22T20:21:17+09:00,omicron,8
2026-09-22T20:21:17+09:00,sigma,2
2026-09-22T20:21:17+09:00,tau,7
2026-09-22T20:21:17+09:00,theta,0
2026-09-22T20:21:17+09:00,all,104
2026-09-22T20:31:24+09:00,alpha,9
2026-09-22T20:31:24+09:00,delta,34
2026-09-22T20:31:24+09:00,epsilon,4
2026-09-22T20:31:24+09:00,iota,2
2026-09-22T20:31:24+09:00,kappa,6
2026-09-22T20:31:24+09:00,lambda,13
2026-09-22T20:31:24+09:00,lounge,0
2026-09-22T20:31:24+09:00,mu,11
2026-09-22T20:31:24+09:00,omega,0
2026-09-22T20:31:24+09:00,omicron,8
2026-09-22T20:31:24+09:00,sigma,2
2026-09-22T20:31:24+09:00,tau,8
2026-09-22T20:31:24+09:00,theta,0
2026-09-22T20:31:24+09:00,all,97
2026-09-22T20:41:27+09:00,alpha,9
2026-09-22T20:41:27+09:00,delta,34
2026-09-22T20:41:27+09:00,epsilon,4
2026-09-22T20:41:27+09:00,iota,2
2026-09-22T20:41:27+09:00,kappa,6
2026-09-22T20:41:27+09:00,lambda,13
2026-09-22T20:41:27+09:00,lounge,0
2026-09-22T20:41:27+09:00,mu,11
2026-09-22T20:41:27+09:00,omega,0
2026-09-22T20:41:27+09:00,omicron,8
2026-09-22T20:41:27+09:00,sigma,2
2026-09-22T20:41:27+09:00,tau,8
2026-09-22T20:41:27+09:00,theta,0
2026-09-22T20:41:27+09:00,all,97
2026-09-22T20:51:31+09:00,alpha,9
2026-09-22T20:51:31+09:00,delta,34
2026-09-22T20:51:31+09:00,epsilon,4
2026-09-22T20:51:31+09:00,iota,2
2026-09-22T20:51:31+09:00,kappa,6
2026-09-22T20:51:31+09:00,lambda,13
2026-09-22T20:51:31+09:00,lounge,0
2026-09-22T20:51:31+09:00,mu,11
2026-09-22T20:51:31+09:00,omega,0
2026-09-22T20:51:31+09:00,omicron,8
2026-09-22T20:51:31+09:00,sigma,2
2026-09-22T20:51:31+09:00,tau,8
2026-09-22T20:51:31+09:00,theta,0
2026-09-22T20:51:31+09:00,all,97
2026-09-22T21:01:34+09:00,alpha,9
2026-09-22T21:01:34+09:00,delta,34
2026-09-22T21:01:34+09:00,epsilon,4
2026-09-22T21:01:34+09:00,iota,2
2026-09-22T21:01:34+09:00,kappa,6
2026-09-22T21:01:34+09:00,lambda,13
2026-09-22T21:01:34+09:00,lounge,0
2026-09-22T21:01:34+09:00,mu,11
2026-09-22T21:01:34+09:00,omega,0
2026-09-22T21:01:34+09:00,omicron,8
2026-09-22T21:01:34+09:00,sigma,2
2026-09-22T21:01:34+09:00,tau,7
2026-09-22T21:01:34+09:00,theta,0
2026-09-22T21:01:34+09:00,all,96
2026-09-22T21:11:37+09:00,alpha,9
2026-09-22T21:11:37+09:00,delta,34
2026-09-22T21:11:37+09:00,epsilon,4
2026-09-22T21:11:37+09:00,iota,2
2026-09-22T21:11:37+09:00,kappa,6
2026-09-22T21:11:37+09:00,lambda,13
2026-09-22T21:11:37+09:00,lounge,0
2026-09-22T21:11:37+09:00,mu,11
2026-09-22T21:11:37+09:00,omega,0
2026-09-22T21:11:37+09:00,omicron,8
2026-09-22T21:11:37+09:00,sigma,2
2026-09-22T21:11:37+09:00,tau,6
2026-09-22T21:11:37+09:00,theta,0
2026-09-22T21:11:37+09:00,all,95
2026-09-22T21:21:43+09:00,alpha,9
2026-09-22T21:21:43+09:00,delta,34
2026-09-22T21:21:43+09:00,epsilon,4
2026-09-22T21:21:43+09:00,iota,3
2026-09-22T21:21:43+09:00,kappa,6
2026-09-22T21:21:43+09:00,lambda,13
2026-09-22T21:21:43+09:00,lounge,0
2026-09-22T21:21:43+09:00,mu,11
2026-09-22T21:21:43+09:00,omega,0
2026-09-22T21:21:43+09:00,omicron,8
2026-09-22T21:21:43+09:00,sigma,2
2026-09-22T21:21:43+09:00,tau,6
2026-09-22T21:21:43+09:00,theta,0
2026-09-22T21:21:43+09:00,all,96
2026-09-22T21:31:47+09:00,alpha,9
2026-09-22T21:31:47+09:00,delta,34
2026-09-22T21:31:47+09:00,epsilon,4
2026-09-22T21:31:47+09:00,iota,2
2026-09-22T21:31:47+09:00,kappa,6
2026-09-22T21:31:47+09:00,lambda,13
2026-09-22T21:31:47+09:00,lounge,1
2026-09-22T21:31:47+09:00,mu,11
2026-09-22T21:31:47+09:00,omega,0
2026-09-22T21:31:47+09:00,omicron,8
2026-09-22T21:31:47+09:00,sigma,2
2026-09-22T21:31:47+09:00,tau,6
2026-09-22T21:31:47+09:00,theta,0
2026-09-22T21:31:47+09:00,all,96
2026-09-22T21:41:52+09:00,alpha,9
2026-09-22T21:41:52+09:00,delta,34
2026-09-22T21:41:52+09:00,epsilon,4
2026-09-22T21:41:52+09:00,iota,2
2026-09-22T21:41:52+09:00,kappa,6
2026-09-22T21:41:52+09:00,lambda,13
2026-09-22T21:41:52+09:00,lounge,1
2026-09-22T21:41:52+09:00,mu,11
2026-09-22T21:41:52+09:00,omega,0
2026-09-22T21:41:52+09:00,omicron,8
2026-09-22T21:41:52+09:00,sigma,2
2026-09-22T21:41:52+09:00,tau,6
2026-09-22T21:41:52+09:00,theta,0
2026-09-22T21:41:52+09:00,all,96
2026-09-22T21:52:01+09:00,alpha,9
2026-09-22T21:52:01+09:00,delta,34
2026-09-22T21:52:01+09:00,epsilon,4
2026-09-22T21:52:01+09:00,iota,2
2026-09-22T21:52:01+09:00,kappa,6
2026-09-22T21:52:01+09:00,lambda,13
2026-09-22T21:52:01+09:00,lounge,0
2026-09-22T21:52:01+09:00,mu,11
2026-09-22T21:52:01+09:00,omega,0
2026-09-22T21:52:01+09:00,omicron,8
2026-09-22T21:52:01+09:00,sigma,2
2026-09-22T21:52:01+09:00,tau,6
2026-09-22T21:52:01+09:00,theta,0
2026-09-22T21:52:01+09:00,all,95
2026-09-22T22:02:05+09:00,alpha,9
2026-09-22T22:02:05+09:00,delta,34
2026-09-22T22:02:05+09:00,epsilon,4
2026-09-22T22:02:05+09:00,iota,2
2026-09-22T22:02:05+09:00,kappa,6
2026-09-22T22:02:05+09:00,lambda,13
2026-09-22T22:02:05+09:00,lounge,0
2026-09-22T22:02:05+09:00,mu,11
2026-09-22T22:02:05+09:00,omega,0
2026-09-22T22:02:05+09:00,omicron,8
2026-09-22T22:02:05+09:00,sigma,2
2026-09-22T22:02:05+09:00,tau,6
2026-09-22T22:02:05+09:00,theta,0
2026-09-22T22:02:05+09:00,all,95
2026-09-22T22:12:10+09:00,alpha,9
2026-09-22T22:12:10+09:00,delta,33
2026-09-22T22:12:10+09:00,epsilon,4
2026-09-22T22:12:10+09:00,iota,2
2026-09-22T22:12:10+09:00,kappa,6
2026-09-22T22:12:10+09:00,lambda,13
2026-09-22T22:12:10+09:00,lounge,0
2026-09-22T22:12:10+09:00,mu,11
2026-09-22T22:12:10+09:00,omega,0
2026-09-22T22:12:10+09:00,omicron,8
2026-09-22T22:12:10+09:00,sigma,2
2026-09-22T22:12:10+09:00,tau,6
2026-09-22T22:12:10+09:00,theta,0
2026-09-22T22:12:10+09:00,all,94
2026-09-22T22:22:15+09:00,alpha,9
2026-09-22T22:22:15+09:00,delta,34
2026-09-22T22:22:15+09:00,epsilon,4
2026-09-22T22:22:15+09:00,iota,2
2026-09-22T22:22:15+09:00,kappa,6
2026-09-22T22:22:15+09:00,lambda,13
2026-09-22T22:22:15+09:00,lounge,0
2026-09-22T22:22:15+09:00,mu,11
2026-09-22T22:22:15+09:00,omega,0
2026-09-22T22:22:15+09:00,omicron,8
2026-09-22T22:22:15+09:00,sigma,2
2026-09-22T22:22:15+09:00,tau,6
2026-09-22T22:22:15+09:00,theta,0
2026-09-22T22:22:15+09:00,all,95
2026-09-22T22:32:24+09:00,alpha,9
2026-09-22T22:32:24+09:00,delta,34
2026-09-22T22:32:24+09:00,epsilon,4
2026-09-22T22:32:24+09:00,iota,2
2026-09-22T22:32:24+09:00,kappa,6
2026-09-22T22:32:24+09:00,lambda,13
2026-09-22T22:32:24+09:00,lounge,0
2026-09-22T22:32:24+09:00,mu,11
2026-09-22T22:32:24+09:00,omega,0
2026-09-22T22:32:24+09:00,omicron,8
2026-09-22T22:32:24+09:00,sigma,2
2026-09-22T22:32:24+09:00,tau,6
2026-09-22T22:32:24+09:00,theta,0
2026-09-22T22:32:24+09:00,all,95
2026-09-22T22:42:28+09:00,alpha,9
2026-09-22T22:42:28+09:00,delta,34
2026-09-22T22:42:28+09:00,epsilon,4
2026-09-22T22:42:28+09:00,iota,2
2026-09-22T22:42:28+09:00,kappa,6
2026-09-22T22:42:28+09:00,lambda,14
2026-09-22T22:42:28+09:00,lounge,0
2026-09-22T22:42:28+09:00,mu,11
2026-09-22T22:42:28+09:00,omega,0
2026-09-22T22:42:28+09:00,omicron,8
2026-09-22T22:42:28+09:00,sigma,2
2026-09-22T22:42:28+09:00,tau,7
2026-09-22T22:42:28+09:00,theta,0
2026-09-22T22:42:28+09:00,all,97
2026-09-22T22:52:32+09:00,alpha,9
2026-09-22T22:52:32+09:00,delta,34
2026-09-22T22:52:32+09:00,epsilon,4
2026-09-22T22:52:32+09:00,iota,2
2026-09-22T22:52:32+09:00,kappa,6
2026-09-22T22:52:32+09:00,lambda,14
2026-09-22T22:52:32+09:00,lounge,0
2026-09-22T22:52:32+09:00,mu,11
2026-09-22T22:52:32+09:00,omega,0
2026-09-22T22:52:32+09:00,omicron,8
2026-09-22T22:52:32+09:00,sigma,2
2026-09-22T22:52:32+09:00,tau,7
2026-09-22T22:52:32+09:00,theta,0
2026-09-22T22:52:32+09:00,all,97
2026-09-22T23:02:37+09:00,alpha,9
2026-09-22T23:02:37+09:00,delta,34
2026-09-22T23:02:37+09:00,epsilon,4
2026-09-22T23:02:37+09:00,iota,2
2026-09-22T23:02:37+09:00,kappa,6
2026-09-22T23:02:37+09:00,lambda,13
2026-09-22T23:02:37+09:00,lounge,0
2026-09-22T23:02:37+09:00,mu,11
2026-09-22T23:02:37+09:00,omega,0
2026-09-22T23:02:37+09:00,omicron,8
2026-09-22T23:02:37+09:00,sigma,2
2026-09-22T23:02:37+09:00,tau,6
2026-09-22T23:02:37+09:00,theta,0
2026-09-22T23:02:37+09:00,all,95
2026-09-22T23:12:45+09:00,alpha,9
2026-09-22T23:12:45+09:00,delta,34
2026-09-22T23:12:45+09:00,epsilon,4
2026-09-22T23:12:45+09:00,iota,2
2026-09-22T23:12:45+09:00,kappa,6
2026-09-22T23:12:45+09:00,lambda,13
2026-09-22T23:12:45+09:00,lounge,0
2026-09-22T23:12:45+09:00,mu,11
2026-09-22T23:12:45+09:00,omega,0
2026-09-22T23:12:45+09:00,omicron,8
2026-09-22T23:12:45+09:00,sigma,2
2026-09-22T23:12:45+09:00,tau,6
2026-09-22T23:12:45+09:00,theta,0
2026-09-22T23:12:45+09:00,all,95
2026-09-22T23:22:52+09:00,alpha,9
2026-09-22T23:22:52+09:00,delta,34
2026-09-22T23:22:52+09:00,epsilon,4
2026-09-22T23:22:52+09:00,iota,2
2026-09-22T23:22:52+09:00,kappa,6
2026-09-22T23:22:52+09:00,lambda,13
2026-09-22T23:22:52+09:00,lounge,0
2026-09-22T23:22:52+09:00,mu,11
2026-09-22T23:22:52+09:00,omega,0
2026-09-22T23:22:52+09:00,omicron,8
2026-09-22T23:22:52+09:00,sigma,2
2026-09-22T23:22:52+09:00,tau,8
2026-09-22T23:22:52+09:00,theta,2
2026-09-22T23:22:52+09:00,all,99
2026-09-22T23:32:58+09:00,alpha,9
2026-09-22T23:32:58+09:00,delta,34
2026-09-22T23:32:58+09:00,epsilon,4
2026-09-22T23:32:58+09:00,iota,2
2026-09-22T23:32:58+09:00,kappa,6
2026-09-22T23:32:58+09:00,lambda,13
2026-09-22T23:32:58+09:00,lounge,0
2026-09-22T23:32:58+09:00,mu,11
2026-09-22T23:32:58+09:00,omega,0
2026-09-22T23:32:58+09:00,omicron,8
2026-09-22T23:32:58+09:00,sigma,2
2026-09-22T23:32:58+09:00,tau,7
2026-09-22T23:32:58+09:00,theta,2
2026-09-22T23:32:58+09:00,all,98
2026-09-22T23:43:03+09:00,alpha,9
2026-09-22T23:43:03+09:00,delta,28
2026-09-22T23:43:03+09:00,epsilon,4
2026-09-22T23:43:03+09:00,iota,2
2026-09-22T23:43:03+09:00,kappa,6
2026-09-22T23:43:03+09:00,lambda,13
2026-09-22T23:43:03+09:00,lounge,0
2026-09-22T23:43:03+09:00,mu,11
2026-09-22T23:43:03+09:00,omega,0
2026-09-22T23:43:03+09:00,omicron,8
2026-09-22T23:43:03+09:00,sigma,2
2026-09-22T23:43:03+09:00,tau,6
2026-09-22T23:43:03+09:00,theta,0
2026-09-22T23:43:03+09:00,all,89
2026-09-22T23:53:08+09:00,alpha,9
2026-09-22T23:53:08+09:00,delta,30
2026-09-22T23:53:08+09:00,epsilon,4
2026-09-22T23:53:08+09:00,iota,2
2026-09-22T23:53:08+09:00,kappa,6
2026-09-22T23:53:08+09:00,lambda,12
2026-09-22T23:53:08+09:00,lounge,0
2026-09-22T23:53:08+09:00,mu,11
2026-09-22T23:53:08+09:00,omega,0
2026-09-22T23:53:08+09:00,omicron,8
2026-09-22T23:53:08+09:00,sigma,2
2026-09-22T23:53:08+09:00,tau,6
2026-09-22T23:53:08+09:00,theta,0
2026-09-22T23:53:08+09:00,all,90
2026-09-22T23:53:26+09:00,alpha,9
2026-09-22T23:53:26+09:00,delta,30
2026-09-22T23:53:26+09:00,epsilon,4
2026-09-22T23:53:26+09:00,iota,2
2026-09-22T23:53:26+09:00,kappa,6
2026-09-22T23:53:26+09:00,lambda,12
2026-09-22T23:53:26+09:00,lounge,0
2026-09-22T23:53:26+09:00,mu,11
2026-09-22T23:53:26+09:00,omega,0
2026-09-22T23:53:26+09:00,omicron,8
2026-09-22T23:53:26+09:00,sigma,2
2026-09-22T23:53:26+09:00,tau,6
2026-09-22T23:53:26+09:00,theta,0
2026-09-22T23:53:26+09:00,all,90
2026-09-23T00:03:29+09:00,alpha,9
2026-09-23T00:03:29+09:00,delta,30
2026-09-23T00:03:29+09:00,epsilon,4
2026-09-23T00:03:29+09:00,iota,2
2026-09-23T00:03:29+09:00,kappa,6
2026-09-23T00:03:29+09:00,lambda,13
2026-09-23T00:03:29+09:00,lounge,0
2026-09-23T00:03:29+09:00,mu,11
2026-09-23T00:03:29+09:00,omega,0
2026-09-23T00:03:29+09:00,omicron,8
2026-09-23T00:03:29+09:00,sigma,2
2026-09-23T00:03:29+09:00,tau,6
2026-09-23T00:03:29+09:00,theta,0
2026-09-23T00:03:29+09:00,all,91
2026-09-23T00:13:34+09:00,alpha,9
2026-09-23T00:13:34+09:00,delta,30
2026-09-23T00:13:34+09:00,epsilon,4
2026-09-23T00:13:34+09:00,iota,2
2026-09-23T00:13:34+09:00,kappa,6
2026-09-23T00:13:34+09:00,lambda,13
2026-09-23T00:13:34+09:00,lounge,0
2026-09-23T00:13:34+09:00,mu,11
2026-09-23T00:13:34+09:00,omega,0
2026-09-23T00:13:34+09:00,omicron,8
2026-09-23T00:13:34+09:00,sigma,2
2026-09-23T00:13:34+09:00,tau,7
2026-09-23T00:13:34+09:00,theta,0
2026-09-23T00:13:34+09:00,all,92
2026-09-23T00:23:38+09:00,alpha,9
2026-09-23T00:23:38+09:00,delta,31
2026-09-23T00:23:38+09:00,epsilon,4
2026-09-23T00:23:38+09:00,iota,2
2026-09-23T00:23:38+09:00,kappa,6
2026-09-23T00:23:38+09:00,lambda,13
2026-09-23T00:23:38+09:00,lounge,0
2026-09-23T00:23:38+09:00,mu,11
2026-09-23T00:23:38+09:00,omega,0
2026-09-23T00:23:38+09:00,omicron,8
2026-09-23T00:23:38+09:00,sigma,2
2026-09-23T00:23:38+09:00,tau,7
2026-09-23T00:23:38+09:00,theta,0
2026-09-23T00:23:38+09:00,all,93
2026-09-23T00:33:43+09:00,alpha,9
2026-09-23T00:33:43+09:00,delta,31
2026-09-23T00:33:43+09:00,epsilon,4
2026-09-23T00:33:43+09:00,iota,2
2026-09-23T00:33:43+09:00,kappa,6
2026-09-23T00:33:43+09:00,lambda,13
2026-09-23T00:33:43+09:00,lounge,0
2026-09-23T00:33:43+09:00,mu,11
2026-09-23T00:33:43+09:00,omega,0
2026-09-23T00:33:43+09:00,omicron,8
2026-09-23T00:33:43+09:00,sigma,2
2026-09-23T00:33:43+09:00,tau,6
2026-09-23T00:33:43+09:00,theta,1
2026-09-23T00:33:43+09:00,all,93
2026-09-23T00:43:49+09:00,alpha,9
2026-09-23T00:43:49+09:00,delta,33
2026-09-23T00:43:49+09:00,epsilon,4
2026-09-23T00:43:49+09:00,iota,2
2026-09-23T00:43:49+09:00,kappa,6
2026-09-23T00:43:49+09:00,lambda,13
2026-09-23T00:43:49+09:00,lounge,0
2026-09-23T00:43:49+09:00,mu,11
2026-09-23T00:43:49+09:00,omega,0
2026-09-23T00:43:49+09:00,omicron,8
2026-09-23T00:43:49+09:00,sigma,2
2026-09-23T00:43:49+09:00,tau,6
2026-09-23T00:43:49+09:00,theta,0
2026-09-23T00:43:49+09:00,all,94
2026-09-23T00:53:54+09:00,alpha,9
2026-09-23T00:53:54+09:00,delta,34
2026-09-23T00:53:54+09:00,epsilon,4
2026-09-23T00:53:54+09:00,iota,2
2026-09-23T00:53:54+09:00,kappa,6
2026-09-23T00:53:54+09:00,lambda,13
2026-09-23T00:53:54+09:00,lounge,0
2026-09-23T00:53:54+09:00,mu,10
2026-09-23T00:53:54+09:00,omega,0
2026-09-23T00:53:54+09:00,omicron,8
2026-09-23T00:53:54+09:00,sigma,2
2026-09-23T00:53:54+09:00,tau,6
2026-09-23T00:53:54+09:00,theta,1
2026-09-23T00:53:54+09:00,all,95
2026-09-23T01:03:58+09:00,alpha,9
2026-09-23T01:03:58+09:00,delta,34
2026-09-23T01:03:58+09:00,epsilon,4
2026-09-23T01:03:58+09:00,iota,2
2026-09-23T01:03:58+09:00,kappa,6
2026-09-23T01:03:58+09:00,lambda,13
2026-09-23T01:03:58+09:00,lounge,0
2026-09-23T01:03:58+09:00,mu,11
2026-09-23T01:03:58+09:00,omega,0
2026-09-23T01:03:58+09:00,omicron,8
2026-09-23T01:03:58+09:00,sigma,2
2026-09-23T01:03:58+09:00,tau,6
2026-09-23T01:03:58+09:00,theta,1
2026-09-23T01:03:58+09:00,all,96
2026-09-23T01:14:01+09:00,alpha,9
2026-09-23T01:14:01+09:00,delta,34
2026-09-23T01:14:01+09:00,epsilon,4
2026-09-23T01:14:01+09:00,iota,2
2026-09-23T01:14:01+09:00,kappa,6
2026-09-23T01:14:01+09:00,lambda,13
2026-09-23T01:14:01+09:00,lounge,0
2026-09-23T01:14:01+09:00,mu,11
2026-09-23T01:14:01+09:00,omega,0
2026-09-23T01:14:01+09:00,omicron,8
2026-09-23T01:14:01+09:00,sigma,2
2026-09-23T01:14:01+09:00,tau,6
2026-09-23T01:14:01+09:00,theta,0
2026-09-23T01:14:01+09:00,all,95
2026-09-23T01:24:07+09:00,alpha,9
2026-09-23T01:24:07+09:00,delta,34
2026-09-23T01:24:07+09:00,epsilon,4
2026-09-23T01:24:07+09:00,iota,2
2026-09-23T01:24:07+09:00,kappa,6
2026-09-23T01:24:07+09:00,lambda,13
2026-09-23T01:24:07+09:00,lounge,0
2026-09-23T01:24:07+09:00,mu,11
2026-09-23T01:24:07+09:00,omega,2
2026-09-23T01:24:07+09:00,omicron,8
2026-09-23T01:24:07+09:00,sigma,2
2026-09-23T01:24:07+09:00,tau,6
2026-09-23T01:24:07+09:00,theta,1
2026-09-23T01:24:07+09:00,all,98
2026-09-23T01:34:12+09:00,alpha,9
2026-09-23T01:34:12+09:00,delta,34
2026-09-23T01:34:12+09:00,epsilon,4
2026-09-23T01:34:12+09:00,iota,2
2026-09-23T01:34:12+09:00,kappa,6
2026-09-23T01:34:12+09:00,lambda,13
2026-09-23T01:34:12+09:00,lounge,0
2026-09-23T01:34:12+09:00,mu,12
2026-09-23T01:34:12+09:00,omega,0
2026-09-23T01:34:12+09:00,omicron,9
2026-09-23T01:34:12+09:00,sigma,2
2026-09-23T01:34:12+09:00,tau,6
2026-09-23T01:34:12+09:00,theta,1
2026-09-23T01:34:12+09:00,all,98
2026-09-23T01:44:18+09:00,alpha,9
2026-09-23T01:44:18+09:00,delta,34
2026-09-23T01:44:18+09:00,epsilon,4
2026-09-23T01:44:18+09:00,iota,2
2026-09-23T01:44:18+09:00,kappa,6
2026-09-23T01:44:18+09:00,lambda,13
2026-09-23T01:44:18+09:00,lounge,0
2026-09-23T01:44:18+09:00,mu,12
2026-09-23T01:44:18+09:00,omega,0
2026-09-23T01:44:18+09:00,omicron,8
2026-09-23T01:44:18+09:00,sigma,2
2026-09-23T01:44:18+09:00,tau,6
2026-09-23T01:44:18+09:00,theta,0
2026-09-23T01:44:18+09:00,all,96
2026-09-23T01:54:21+09:00,alpha,9
2026-09-23T01:54:21+09:00,delta,34
2026-09-23T01:54:21+09:00,epsilon,4
2026-09-23T01:54:21+09:00,iota,2
2026-09-23T01:54:21+09:00,kappa,6
2026-09-23T01:54:21+09:00,lambda,13
2026-09-23T01:54:21+09:00,lounge,0
2026-09-23T01:54:21+09:00,mu,11
2026-09-23T01:54:21+09:00,omega,1
2026-09-23T01:54:21+09:00,omicron,8
2026-09-23T01:54:21+09:00,sigma,2
2026-09-23T01:54:21+09:00,tau,6
2026-09-23T01:54:21+09:00,theta,0
2026-09-23T01:54:21+09:00,all,96
2026-09-23T02:04:24+09:00,alpha,9
2026-09-23T02:04:24+09:00,delta,34
2026-09-23T02:04:24+09:00,epsilon,4
2026-09-23T02:04:24+09:00,iota,2
2026-09-23T02:04:24+09:00,kappa,6
2026-09-23T02:04:24+09:00,lambda,13
2026-09-23T02:04:24+09:00,lounge,0
2026-09-23T02:04:24+09:00,mu,11
2026-09-23T02:04:24+09:00,omega,0
2026-09-23T02:04:24+09:00,omicron,8
2026-09-23T02:04:24+09:00,sigma,2
2026-09-23T02:04:24+09:00,tau,6
2026-09-23T02:04:24+09:00,theta,0
2026-09-23T02:04:24+09:00,all,95
2026-09-23T02:14:28+09:00,alpha,9
2026-09-23T02:14:28+09:00,delta,34
2026-09-23T02:14:28+09:00,epsilon,4
2026-09-23T02:14:28+09:00,iota,2
2026-09-23T02:14:28+09:00,kappa,6
2026-09-23T02:14:28+09:00,lambda,13
2026-09-23T02:14:28+09:00,lounge,0
2026-09-23T02:14:28+09:00,mu,11
2026-09-23T02:14:28+09:00,omega,0
2026-09-23T02:14:28+09:00,omicron,8
2026-09-23T02:14:28+09:00,sigma,2
2026-09-23T02:14:28+09:00,tau,6
2026-09-23T02:14:28+09:00,theta,0
2026-09-23T02:14:28+09:00,all,95
2026-09-23T02:24:31+09:00,alpha,9
2026-09-23T02:24:31+09:00,delta,34
2026-09-23T02:24:31+09:00,epsilon,4
2026-09-23T02:24:31+09:00,iota,2
2026-09-23T02:24:31+09:00,kappa,6
2026-09-23T02:24:31+09:00,lambda,13
2026-09-23T02:24:31+09:00,lounge,0
2026-09-23T02:24:31+09:00,mu,11
2026-09-23T02:24:31+09:00,omega,0
2026-09-23T02:24:31+09:00,omicron,8
2026-09-23T02:24:31+09:00,sigma,2
2026-09-23T02:24:31+09:00,tau,6
2026-09-23T02:24:31+09:00,theta,0
2026-09-23T02:24:31+09:00,all,95
2026-09-23T02:34:41+09:00,alpha,9
2026-09-23T02:34:41+09:00,delta,34
2026-09-23T02:34:41+09:00,epsilon,4
2026-09-23T02:34:41+09:00,iota,2
2026-09-23T02:34:41+09:00,kappa,6
2026-09-23T02:34:41+09:00,lambda,13
2026-09-23T02:34:41+09:00,lounge,0
2026-09-23T02:34:41+09:00,mu,11
2026-09-23T02:34:41+09:00,omega,0
2026-09-23T02:34:41+09:00,omicron,8
2026-09-23T02:34:41+09:00,sigma,2
2026-09-23T02:34:41+09:00,tau,6
2026-09-23T02:34:41+09:00,theta,0
2026-09-23T02:34:41+09:00,all,95
2026-09-23T02:44:43+09:00,alpha,9
2026-09-23T02:44:43+09:00,delta,34
2026-09-23T02:44:43+09:00,epsilon,4
2026-09-23T02:44:43+09:00,iota,2
2026-09-23T02:44:43+09:00,kappa,6
2026-09-23T02:44:43+09:00,lambda,13
2026-09-23T02:44:43+09:00,lounge,0
2026-09-23T02:44:43+09:00,mu,11
2026-09-23T02:44:43+09:00,omega,0
2026-09-23T02:44:43+09:00,omicron,8
2026-09-23T02:44:43+09:00,sigma,2
2026-09-23T02:44:43+09:00,tau,6
2026-09-23T02:44:43+09:00,theta,0
2026-09-23T02:44:43+09:00,all,95
2026-09-23T02:54:46+09:00,alpha,9
2026-09-23T02:54:46+09:00,delta,34
2026-09-23T02:54:46+09:00,epsilon,4
2026-09-23T02:54:46+09:00,iota,2
2026-09-23T02:54:46+09:00,kappa,6
2026-09-23T02:54:46+09:00,lambda,13
2026-09-23T02:54:46+09:00,lounge,0
2026-09-23T02:54:46+09:00,mu,11
2026-09-23T02:54:46+09:00,omega,0
2026-09-23T02:54:46+09:00,omicron,8
2026-09-23T02:54:46+09:00,sigma,2
2026-09-23T02:54:46+09:00,tau,6
2026-09-23T02:54:46+09:00,theta,0
2026-09-23T02:54:46+09:00,all,95
2026-09-23T03:04:50+09:00,alpha,9
2026-09-23T03:04:50+09:00,delta,34
2026-09-23T03:04:50+09:00,epsilon,4
2026-09-23T03:04:50+09:00,iota,2
2026-09-23T03:04:50+09:00,kappa,6
2026-09-23T03:04:50+09:00,lambda,13
2026-09-23T03:04:50+09:00,lounge,0
2026-09-23T03:04:50+09:00,mu,11
2026-09-23T03:04:50+09:00,omega,0
2026-09-23T03:04:50+09:00,omicron,8
2026-09-23T03:04:50+09:00,sigma,2
2026-09-23T03:04:50+09:00,tau,6
2026-09-23T03:04:50+09:00,theta,0
2026-09-23T03:04:50+09:00,all,95
2026-09-23T03:14:53+09:00,alpha,9
2026-09-23T03:14:53+09:00,delta,34
2026-09-23T03:14:53+09:00,epsilon,4
2026-09-23T03:14:53+09:00,iota,2
2026-09-23T03:14:53+09:00,kappa,6
2026-09-23T03:14:53+09:00,lambda,12
2026-09-23T03:14:53+09:00,lounge,0
2026-09-23T03:14:53+09:00,mu,11
2026-09-23T03:14:53+09:00,omega,0
2026-09-23T03:14:53+09:00,omicron,8
2026-09-23T03:14:53+09:00,sigma,2
2026-09-23T03:14:53+09:00,tau,6
2026-09-23T03:14:53+09:00,theta,0
2026-09-23T03:14:53+09:00,all,94
2026-09-23T03:24:56+09:00,alpha,9
2026-09-23T03:24:56+09:00,delta,33
2026-09-23T03:24:56+09:00,epsilon,4
2026-09-23T03:24:56+09:00,iota,2
2026-09-23T03:24:56+09:00,kappa,6
2026-09-23T03:24:56+09:00,lambda,13
2026-09-23T03:24:56+09:00,lounge,0
2026-09-23T03:24:56+09:00,mu,11
2026-09-23T03:24:56+09:00,omega,0
2026-09-23T03:24:56+09:00,omicron,8
2026-09-23T03:24:56+09:00,sigma,2
2026-09-23T03:24:56+09:00,tau,6
2026-09-23T03:24:56+09:00,theta,0
2026-09-23T03:24:56+09:00,all,94
2026-09-23T03:34:58+09:00,alpha,9
2026-09-23T03:34:58+09:00,delta,33
2026-09-23T03:34:58+09:00,epsilon,4
2026-09-23T03:34:58+09:00,iota,2
2026-09-23T03:34:58+09:00,kappa,6
2026-09-23T03:34:58+09:00,lambda,13
2026-09-23T03:34:58+09:00,lounge,0
2026-09-23T03:34:58+09:00,mu,12
2026-09-23T03:34:58+09:00,omega,0
2026-09-23T03:34:58+09:00,omicron,8
2026-09-23T03:34:58+09:00,sigma,2
2026-09-23T03:34:58+09:00,tau,6
2026-09-23T03:34:58+09:00,theta,0
2026-09-23T03:34:58+09:00,all,95
2026-09-23T03:45:01+09:00,alpha,9
2026-09-23T03:45:01+09:00,delta,32
2026-09-23T03:45:01+09:00,epsilon,4
2026-09-23T03:45:01+09:00,iota,2
2026-09-23T03:45:01+09:00,kappa,6
2026-09-23T03:45:01+09:00,lambda,13
2026-09-23T03:45:01+09:00,lounge,0
2026-09-23T03:45:01+09:00,mu,12
2026-09-23T03:45:01+09:00,omega,0
2026-09-23T03:45:01+09:00,omicron,8
2026-09-23T03:45:01+09:00,sigma,2
2026-09-23T03:45:01+09:00,tau,6
2026-09-23T03:45:01+09:00,theta,0
2026-09-23T03:45:01+09:00,all,94
2026-09-23T03:55:04+09:00,alpha,9
2026-09-23T03:55:04+09:00,delta,32
2026-09-23T03:55:04+09:00,epsilon,4
2026-09-23T03:55:04+09:00,iota,2
2026-09-23T03:55:04+09:00,kappa,6
2026-09-23T03:55:04+09:00,lambda,12
2026-09-23T03:55:04+09:00,lounge,0
2026-09-23T03:55:04+09:00,mu,12
2026-09-23T03:55:04+09:00,omega,0
2026-09-23T03:55:04+09:00,omicron,8
2026-09-23T03:55:04+09:00,sigma,2
2026-09-23T03:55:04+09:00,tau,6
2026-09-23T03:55:04+09:00,theta,0
2026-09-23T03:55:04+09:00,all,93
2026-09-23T04:05:07+09:00,alpha,9
2026-09-23T04:05:07+09:00,delta,32
2026-09-23T04:05:07+09:00,epsilon,4
2026-09-23T04:05:07+09:00,iota,2
2026-09-23T04:05:07+09:00,kappa,6
2026-09-23T04:05:07+09:00,lambda,13
2026-09-23T04:05:07+09:00,lounge,0
2026-09-23T04:05:07+09:00,mu,12
2026-09-23T04:05:07+09:00,omega,0
2026-09-23T04:05:07+09:00,omicron,8
2026-09-23T04:05:07+09:00,sigma,2
2026-09-23T04:05:07+09:00,tau,6
2026-09-23T04:05:07+09:00,theta,0
2026-09-23T04:05:07+09:00,all,94
2026-09-23T04:15:09+09:00,alpha,9
2026-09-23T04:15:09+09:00,delta,32
2026-09-23T04:15:09+09:00,epsilon,4
2026-09-23T04:15:09+09:00,iota,2
2026-09-23T04:15:09+09:00,kappa,6
2026-09-23T04:15:09+09:00,lambda,13
2026-09-23T04:15:09+09:00,lounge,0
2026-09-23T04:15:09+09:00,mu,12
2026-09-23T04:15:09+09:00,omega,0
2026-09-23T04:15:09+09:00,omicron,8
2026-09-23T04:15:09+09:00,sigma,2
2026-09-23T04:15:09+09:00,tau,6
2026-09-23T04:15:09+09:00,theta,0
2026-09-23T04:15:09+09:00,all,94
2026-09-23T04:25:12+09:00,alpha,9
2026-09-23T04:25:12+09:00,delta,32
2026-09-23T04:25:12+09:00,epsilon,4
2026-09-23T04:25:12+09:00,iota,2
2026-09-23T04:25:12+09:00,kappa,6
2026-09-23T04:25:12+09:00,lambda,13
2026-09-23T04:25:12+09:00,lounge,0
2026-09-23T04:25:12+09:00,mu,12
2026-09-23T04:25:12+09:00,omega,0
2026-09-23T04:25:12+09:00,omicron,8
2026-09-23T04:25:12+09:00,sigma,2
2026-09-23T04:25:12+09:00,tau,6
2026-09-23T04:25:12+09:00,theta,0
2026-09-23T04:25:12+09:00,all,94
2026-09-23T04:35:15+09:00,alpha,9
2026-09-23T04:35:15+09:00,delta,32
2026-09-23T04:35:15+09:00,epsilon,4
2026-09-23T04:35:15+09:00,iota,2
2026-09-23T04:35:15+09:00,kappa,6
2026-09-23T04:35:15+09:00,lambda,13
2026-09-23T04:35:15+09:00,lounge,0
2026-09-23T04:35:15+09:00,mu,12
2026-09-23T04:35:15+09:00,omega,0
2026-09-23T04:35:15+09:00,omicron,8
2026-09-23T04:35:15+09:00,sigma,2
2026-09-23T04:35:15+09:00,tau,6
2026-09-23T04:35:15+09:00,theta,0
2026-09-23T04:35:15+09:00,all,94
2026-09-23T04:45:17+09:00,alpha,9
2026-09-23T04:45:17+09:00,delta,32
2026-09-23T04:45:17+09:00,epsilon,4
2026-09-23T04:45:17+09:00,iota,2
2026-09-23T04:45:17+09:00,kappa,6
2026-09-23T04:45:17+09:00,lambda,13
2026-09-23T04:45:17+09:00,lounge,0
2026-09-23T04:45:17+09:00,mu,12
2026-09-23T04:45:17+09:00,omega,0
2026-09-23T04:45:17+09:00,omicron,8
2026-09-23T04:45:17+09:00,sigma,2
2026-09-23T04:45:17+09:00,tau,6
2026-09-23T04:45:17+09:00,theta,0
2026-09-23T04:45:17+09:00,all,94
2026-09-23T04:55:20+09:00,alpha,9
2026-09-23T04:55:20+09:00,delta,32
2026-09-23T04:55:20+09:00,epsilon,4
2026-09-23T04:55:20+09:00,iota,2
2026-09-23T04:55:20+09:00,kappa,6
2026-09-23T04:55:20+09:00,lambda,13
2026-09-23T04:55:20+09:00,lounge,0
2026-09-23T04:55:20+09:00,mu,12
2026-09-23T04:55:20+09:00,omega,0
2026-09-23T04:55:20+09:00,omicron,8
2026-09-23T04:55:20+09:00,sigma,2
2026-09-23T04:55:20+09:00,tau,6
2026-09-23T04:55:20+09:00,theta,0
2026-09-23T04:55:20+09:00,all,94
2026-09-23T05:05:23+09:00,alpha,9
2026-09-23T05:05:23+09:00,delta,32
2026-09-23T05:05:23+09:00,epsilon,3
2026-09-23T05:05:23+09:00,iota,2
2026-09-23T05:05:23+09:00,kappa,6
2026-09-23T05:05:23+09:00,lambda,13
2026-09-23T05:05:23+09:00,lounge,0
2026-09-23T05:05:23+09:00,mu,12
2026-09-23T05:05:23+09:00,omega,0
2026-09-23T05:05:23+09:00,omicron,8
2026-09-23T05:05:23+09:00,sigma,2
2026-09-23T05:05:23+09:00,tau,6
2026-09-23T05:05:23+09:00,theta,0
2026-09-23T05:05:23+09:00,all,93
2026-09-23T05:15:25+09:00,alpha,9
2026-09-23T05:15:25+09:00,delta,32
2026-09-23T05:15:25+09:00,epsilon,4
2026-09-23T05:15:25+09:00,iota,2
2026-09-23T05:15:25+09:00,kappa,6
2026-09-23T05:15:25+09:00,lambda,13
2026-09-23T05:15:25+09:00,lounge,0
2026-09-23T05:15:25+09:00,mu,12
2026-09-23T05:15:25+09:00,omega,0
2026-09-23T05:15:25+09:00,omicron,8
2026-09-23T05:15:25+09:00,sigma,2
2026-09-23T05:15:25+09:00,tau,6
2026-09-23T05:15:25+09:00,theta,0
2026-09-23T05:15:25+09:00,all,94
2026-09-23T05:15:53+09:00,alpha,9
2026-09-23T05:15:53+09:00,delta,32
2026-09-23T05:15:53+09:00,epsilon,4
2026-09-23T05:15:53+09:00,iota,2
2026-09-23T05:15:53+09:00,kappa,6
2026-09-23T05:15:53+09:00,lambda,13
2026-09-23T05:15:53+09:00,lounge,0
2026-09-23T05:15:53+09:00,mu,12
2026-09-23T05:15:53+09:00,omega,0
2026-09-23T05:15:53+09:00,omicron,8
2026-09-23T05:15:53+09:00,sigma,2
2026-09-23T05:15:53+09:00,tau,6
2026-09-23T05:15:53+09:00,theta,0
2026-09-23T05:15:53+09:00,all,94
2026-09-23T05:25:56+09:00,alpha,9
2026-09-23T05:25:56+09:00,delta,32
2026-09-23T05:25:56+09:00,epsilon,4
2026-09-23T05:25:56+09:00,iota,2
2026-09-23T05:25:56+09:00,kappa,6
2026-09-23T05:25:56+09:00,lambda,13
2026-09-23T05:25:56+09:00,lounge,0
2026-09-23T05:25:56+09:00,mu,11
2026-09-23T05:25:56+09:00,omega,0
2026-09-23T05:25:56+09:00,omicron,8
2026-09-23T05:25:56+09:00,sigma,2
2026-09-23T05:25:56+09:00,tau,6
2026-09-23T05:25:56+09:00,theta,0
2026-09-23T05:25:56+09:00,all,93
2026-09-23T05:35:59+09:00,alpha,9
2026-09-23T05:35:59+09:00,delta,32
2026-09-23T05:35:59+09:00,epsilon,4
2026-09-23T05:35:59+09:00,iota,2
2026-09-23T05:35:59+09:00,kappa,6
2026-09-23T05:35:59+09:00,lambda,13
2026-09-23T05:35:59+09:00,lounge,0
2026-09-23T05:35:59+09:00,mu,11
2026-09-23T05:35:59+09:00,omega,0
2026-09-23T05:35:59+09:00,omicron,8
2026-09-23T05:35:59+09:00,sigma,2
2026-09-23T05:35:59+09:00,tau,6
2026-09-23T05:35:59+09:00,theta,0
2026-09-23T05:35:59+09:00,all,93
2026-09-23T05:46:02+09:00,alpha,9
2026-09-23T05:46:02+09:00,delta,32
2026-09-23T05:46:02+09:00,epsilon,4
2026-09-23T05:46:02+09:00,iota,2
2026-09-23T05:46:02+09:00,kappa,6
2026-09-23T05:46:02+09:00,lambda,13
2026-09-23T05:46:02+09:00,lounge,0
2026-09-23T05:46:02+09:00,mu,11
2026-09-23T05:46:02+09:00,omega,0
2026-09-23T05:46:02+09:00,omicron,8
2026-09-23T05:46:02+09:00,sigma,2
2026-09-23T05:46:02+09:00,tau,6
2026-09-23T05:46:02+09:00,theta,0
2026-09-23T05:46:02+09:00,all,93
2026-09-23T05:56:05+09:00,alpha,9
2026-09-23T05:56:05+09:00,delta,32
2026-09-23T05:56:05+09:00,epsilon,4
2026-09-23T05:56:05+09:00,iota,2
2026-09-23T05:56:05+09:00,kappa,6
2026-09-23T05:56:05+09:00,lambda,13
2026-09-23T05:56:05+09:00,lounge,0
2026-09-23T05:56:05+09:00,mu,11
2026-09-23T05:56:05+09:00,omega,0
2026-09-23T05:56:05+09:00,omicron,8
2026-09-23T05:56:05+09:00,sigma,2
2026-09-23T05:56:05+09:00,tau,6
2026-09-23T05:56:05+09:00,theta,0
2026-09-23T05:56:05+09:00,all,93
2026-09-23T06:06:08+09:00,alpha,9
2026-09-23T06:06:08+09:00,delta,32
2026-09-23T06:06:08+09:00,epsilon,4
2026-09-23T06:06:08+09:00,iota,2
2026-09-23T06:06:08+09:00,kappa,6
2026-09-23T06:06:08+09:00,lambda,13
2026-09-23T06:06:08+09:00,lounge,0
2026-09-23T06:06:08+09:00,mu,12
2026-09-23T06:06:08+09:00,omega,0
2026-09-23T06:06:08+09:00,omicron,8
2026-09-23T06:06:08+09:00,sigma,2
2026-09-23T06:06:08+09:00,tau,6
2026-09-23T06:06:08+09:00,theta,0
2026-09-23T06:06:08+09:00,all,94
2026-09-23T06:16:11+09:00,alpha,9
2026-09-23T06:16:11+09:00,delta,32
2026-09-23T06:16:11+09:00,epsilon,4
2026-09-23T06:16:11+09:00,iota,2
2026-09-23T06:16:11+09:00,kappa,6
2026-09-23T06:16:11+09:00,lambda,12
2026-09-23T06:16:11+09:00,lounge,0
2026-09-23T06:16:11+09:00,mu,12
2026-09-23T06:16:11+09:00,omega,0
2026-09-23T06:16:11+09:00,omicron,8
2026-09-23T06:16:11+09:00,sigma,2
2026-09-23T06:16:11+09:00,tau,6
2026-09-23T06:16:11+09:00,theta,0
2026-09-23T06:16:11+09:00,all,93
2026-09-23T06:26:14+09:00,alpha,9
2026-09-23T06:26:14+09:00,delta,32
2026-09-23T06:26:14+09:00,epsilon,4
2026-09-23T06:26:14+09:00,iota,2
2026-09-23T06:26:14+09:00,kappa,6
2026-09-23T06:26:14+09:00,lambda,13
2026-09-23T06:26:14+09:00,lounge,0
2026-09-23T06:26:14+09:00,mu,12
2026-09-23T06:26:14+09:00,omega,0
2026-09-23T06:26:14+09:00,omicron,8
2026-09-23T06:26:14+09:00,sigma,2
2026-09-23T06:26:14+09:00,tau,6
2026-09-23T06:26:14+09:00,theta,0
2026-09-23T06:26:14+09:00,all,94
2026-09-23T06:36:16+09:00,alpha,9
2026-09-23T06:36:16+09:00,delta,31
2026-09-23T06:36:16+09:00,epsilon,4
2026-09-23T06:36:16+09:00,iota,2
2026-09-23T06:36:16+09:00,kappa,6
2026-09-23T06:36:16+09:00,lambda,13
2026-09-23T06:36:16+09:00,lounge,0
2026-09-23T06:36:16+09:00,mu,11
2026-09-23T06:36:16+09:00,omega,0
2026-09-23T06:36:16+09:00,omicron,8
2026-09-23T06:36:16+09:00,sigma,2
2026-09-23T06:36:16+09:00,tau,6
2026-09-23T06:36:16+09:00,theta,0
2026-09-23T06:36:16+09:00,all,92
2026-09-23T06:46:20+09:00,alpha,9
2026-09-23T06:46:20+09:00,delta,31
2026-09-23T06:46:20+09:00,epsilon,4
2026-09-23T06:46:20+09:00,iota,2
2026-09-23T06:46:20+09:00,kappa,6
2026-09-23T06:46:20+09:00,lambda,13
2026-09-23T06:46:20+09:00,lounge,0
2026-09-23T06:46:20+09:00,mu,11
2026-09-23T06:46:20+09:00,omega,0
2026-09-23T06:46:20+09:00,omicron,8
2026-09-23T06:46:20+09:00,sigma,2
2026-09-23T06:46:20+09:00,tau,6
2026-09-23T06:46:20+09:00,theta,0
2026-09-23T06:46:20+09:00,all,92
2026-09-23T06:56:23+09:00,alpha,9
2026-09-23T06:56:23+09:00,delta,31
2026-09-23T06:56:23+09:00,epsilon,4
2026-09-23T06:56:23+09:00,iota,2
2026-09-23T06:56:23+09:00,kappa,6
2026-09-23T06:56:23+09:00,lambda,13
2026-09-23T06:56:23+09:00,lounge,0
2026-09-23T06:56:23+09:00,mu,11
2026-09-23T06:56:23+09:00,omega,0
2026-09-23T06:56:23+09:00,omicron,8
2026-09-23T06:56:23+09:00,sigma,2
2026-09-23T06:56:23+09:00,tau,6
2026-09-23T06:56:23+09:00,theta,0
2026-09-23T06:56:23+09:00,all,92
2026-09-23T07:06:26+09:00,alpha,9
2026-09-23T07:06:26+09:00,delta,31
2026-09-23T07:06:26+09:00,epsilon,4
2026-09-23T07:06:26+09:00,iota,2
2026-09-23T07:06:26+09:00,kappa,6
2026-09-23T07:06:26+09:00,lambda,13
2026-09-23T07:06:26+09:00,lounge,0
2026-09-23T07:06:26+09:00,mu,11
2026-09-23T07:06:26+09:00,omega,0
2026-09-23T07:06:26+09:00,omicron,8
2026-09-23T07:06:26+09:00,sigma,2
2026-09-23T07:06:26+09:00,tau,6
2026-09-23T07:06:26+09:00,theta,0
2026-09-23T07:06:26+09:00,all,92
2026-09-23T07:16:29+09:00,alpha,9
2026-09-23T07:16:29+09:00,delta,31
2026-09-23T07:16:29+09:00,epsilon,4
2026-09-23T07:16:29+09:00,iota,2
2026-09-23T07:16:29+09:00,kappa,6
2026-09-23T07:16:29+09:00,lambda,13
2026-09-23T07:16:29+09:00,lounge,0
2026-09-23T07:16:29+09:00,mu,12
2026-09-23T07:16:29+09:00,omega,0
2026-09-23T07:16:29+09:00,omicron,8
2026-09-23T07:16:29+09:00,sigma,2
2026-09-23T07:16:29+09:00,tau,6
2026-09-23T07:16:29+09:00,theta,0
2026-09-23T07:16:29+09:00,all,93
2026-09-23T07:26:32+09:00,alpha,9
2026-09-23T07:26:32+09:00,delta,31
2026-09-23T07:26:32+09:00,epsilon,4
2026-09-23T07:26:32+09:00,iota,2
2026-09-23T07:26:32+09:00,kappa,6
2026-09-23T07:26:32+09:00,lambda,13
2026-09-23T07:26:32+09:00,lounge,0
2026-09-23T07:26:32+09:00,mu,12
2026-09-23T07:26:32+09:00,omega,0
2026-09-23T07:26:32+09:00,omicron,8
2026-09-23T07:26:32+09:00,sigma,2
2026-09-23T07:26:32+09:00,tau,6
2026-09-23T07:26:32+09:00,theta,0
2026-09-23T07:26:32+09:00,all,93
2026-09-23T07:36:34+09:00,alpha,9
2026-09-23T07:36:34+09:00,delta,31
2026-09-23T07:36:34+09:00,epsilon,4
2026-09-23T07:36:34+09:00,iota,2
2026-09-23T07:36:34+09:00,kappa,6
2026-09-23T07:36:34+09:00,lambda,13
2026-09-23T07:36:34+09:00,lounge,0
2026-09-23T07:36:34+09:00,mu,12
2026-09-23T07:36:34+09:00,omega,0
2026-09-23T07:36:34+09:00,omicron,8
2026-09-23T07:36:34+09:00,sigma,2
2026-09-23T07:36:34+09:00,tau,7
2026-09-23T07:36:34+09:00,theta,0
2026-09-23T07:36:34+09:00,all,94
2026-09-23T07:46:37+09:00,alpha,9
2026-09-23T07:46:37+09:00,delta,31
2026-09-23T07:46:37+09:00,epsilon,4
2026-09-23T07:46:37+09:00,iota,2
2026-09-23T07:46:37+09:00,kappa,6
2026-09-23T07:46:37+09:00,lambda,13
2026-09-23T07:46:37+09:00,lounge,0
2026-09-23T07:46:37+09:00,mu,12
2026-09-23T07:46:37+09:00,omega,0
2026-09-23T07:46:37+09:00,omicron,8
2026-09-23T07:46:37+09:00,sigma,2
2026-09-23T07:46:37+09:00,tau,8
2026-09-23T07:46:37+09:00,theta,0
2026-09-23T07:46:37+09:00,all,95
2026-09-23T07:56:40+09:00,alpha,9
2026-09-23T07:56:40+09:00,delta,31
2026-09-23T07:56:40+09:00,epsilon,4
2026-09-23T07:56:40+09:00,iota,2
2026-09-23T07:56:40+09:00,kappa,6
2026-09-23T07:56:40+09:00,lambda,15
2026-09-23T07:56:40+09:00,lounge,0
2026-09-23T07:56:40+09:00,mu,12
2026-09-23T07:56:40+09:00,omega,0
2026-09-23T07:56:40+09:00,omicron,8
2026-09-23T07:56:40+09:00,sigma,2
2026-09-23T07:56:40+09:00,tau,7
2026-09-23T07:56:40+09:00,theta,0
2026-09-23T07:56:40+09:00,all,96
2026-09-23T08:06:43+09:00,alpha,9
2026-09-23T08:06:43+09:00,delta,31
2026-09-23T08:06:43+09:00,epsilon,4
2026-09-23T08:06:43+09:00,iota,2
2026-09-23T08:06:43+09:00,kappa,6
2026-09-23T08:06:43+09:00,lambda,14
2026-09-23T08:06:43+09:00,lounge,0
2026-09-23T08:06:43+09:00,mu,12
2026-09-23T08:06:43+09:00,omega,0
2026-09-23T08:06:43+09:00,omicron,9
2026-09-23T08:06:43+09:00,sigma,2
2026-09-23T08:06:43+09:00,tau,7
2026-09-23T08:06:43+09:00,theta,0
2026-09-23T08:06:43+09:00,all,96
2026-09-23T08:16:46+09:00,alpha,9
2026-09-23T08:16:46+09:00,delta,31
2026-09-23T08:16:46+09:00,epsilon,4
2026-09-23T08:16:46+09:00,iota,2
2026-09-23T08:16:46+09:00,kappa,6
2026-09-23T08:16:46+09:00,lambda,14
2026-09-23T08:16:46+09:00,lounge,0
2026-09-23T08:16:46+09:00,mu,12
2026-09-23T08:16:46+09:00,omega,0
2026-09-23T08:16:46+09:00,omicron,8
2026-09-23T08:16:46+09:00,sigma,2
2026-09-23T08:16:46+09:00,tau,6
2026-09-23T08:16:46+09:00,theta,0
2026-09-23T08:16:46+09:00,all,94
2026-09-23T08:26:48+09:00,alpha,9
2026-09-23T08:26:48+09:00,delta,31
2026-09-23T08:26:48+09:00,epsilon,4
2026-09-23T08:26:48+09:00,iota,2
2026-09-23T08:26:48+09:00,kappa,6
2026-09-23T08:26:48+09:00,lambda,14
2026-09-23T08:26:48+09:00,lounge,1
2026-09-23T08:26:48+09:00,mu,12
2026-09-23T08:26:48+09:00,omega,0
2026-09-23T08:26:48+09:00,omicron,8
2026-09-23T08:26:48+09:00,sigma,2
2026-09-23T08:26:48+09:00,tau,6
2026-09-23T08:26:48+09:00,theta,0
2026-09-23T08:26:48+09:00,all,95
2026-09-23T08:36:51+09:00,alpha,9
2026-09-23T08:36:51+09:00,delta,31
2026-09-23T08:36:51+09:00,epsilon,4
2026-09-23T08:36:51+09:00,iota,2
2026-09-23T08:36:51+09:00,kappa,6
2026-09-23T08:36:51+09:00,lambda,13
2026-09-23T08:36:51+09:00,lounge,0
2026-09-23T08:36:51+09:00,mu,12
2026-09-23T08:36:51+09:00,omega,0
2026-09-23T08:36:51+09:00,omicron,8
2026-09-23T08:36:51+09:00,sigma,2
2026-09-23T08:36:51+09:00,tau,4
2026-09-23T08:36:51+09:00,theta,0
2026-09-23T08:36:51+09:00,all,91
2026-09-23T08:46:54+09:00,alpha,9
2026-09-23T08:46:54+09:00,delta,32
2026-09-23T08:46:54+09:00,epsilon,4
2026-09-23T08:46:54+09:00,iota,2
2026-09-23T08:46:54+09:00,kappa,6
2026-09-23T08:46:54+09:00,lambda,13
2026-09-23T08:46:54+09:00,lounge,0
2026-09-23T08:46:54+09:00,mu,12
2026-09-23T08:46:54+09:00,omega,0
2026-09-23T08:46:54+09:00,omicron,8
2026-09-23T08:46:54+09:00,sigma,2
2026-09-23T08:46:54+09:00,tau,6
2026-09-23T08:46:54+09:00,theta,0
2026-09-23T08:46:54+09:00,all,94
2026-09-23T08:56:57+09:00,alpha,9
2026-09-23T08:56:57+09:00,delta,32
2026-09-23T08:56:57+09:00,epsilon,4
2026-09-23T08:56:57+09:00,iota,2
2026-09-23T08:56:57+09:00,kappa,6
2026-09-23T08:56:57+09:00,lambda,12
2026-09-23T08:56:57+09:00,lounge,0
2026-09-23T08:56:57+09:00,mu,12
2026-09-23T08:56:57+09:00,omega,0
2026-09-23T08:56:57+09:00,omicron,10
2026-09-23T08:56:57+09:00,sigma,2
2026-09-23T08:56:57+09:00,tau,6
2026-09-23T08:56:57+09:00,theta,0
2026-09-23T08:56:57+09:00,all,95
2026-09-23T09:07:00+09:00,alpha,9
2026-09-23T09:07:00+09:00,delta,32
2026-09-23T09:07:00+09:00,epsilon,4
2026-09-23T09:07:00+09:00,iota,2
2026-09-23T09:07:00+09:00,kappa,6
2026-09-23T09:07:00+09:00,lambda,14
2026-09-23T09:07:00+09:00,lounge,0
2026-09-23T09:07:00+09:00,mu,12
2026-09-23T09:07:00+09:00,omega,0
2026-09-23T09:07:00+09:00,omicron,8
2026-09-23T09:07:00+09:00,sigma,2
2026-09-23T09:07:00+09:00,tau,8
2026-09-23T09:07:00+09:00,theta,0
2026-09-23T09:07:00+09:00,all,97
2026-09-23T09:17:03+09:00,alpha,9
2026-09-23T09:17:03+09:00,delta,32
2026-09-23T09:17:03+09:00,epsilon,4
2026-09-23T09:17:03+09:00,iota,2
2026-09-23T09:17:03+09:00,kappa,6
2026-09-23T09:17:03+09:00,lambda,15
2026-09-23T09:17:03+09:00,lounge,0
2026-09-23T09:17:03+09:00,mu,12
2026-09-23T09:17:03+09:00,omega,0
2026-09-23T09:17:03+09:00,omicron,8
2026-09-23T09:17:03+09:00,sigma,2
2026-09-23T09:17:03+09:00,tau,16
2026-09-23T09:17:03+09:00,theta,0
2026-09-23T09:17:03+09:00,all,106
2026-09-23T09:27:05+09:00,alpha,9
2026-09-23T09:27:05+09:00,delta,32
2026-09-23T09:27:05+09:00,epsilon,4
2026-09-23T09:27:05+09:00,iota,2
2026-09-23T09:27:05+09:00,kappa,6
2026-09-23T09:27:05+09:00,lambda,15
2026-09-23T09:27:05+09:00,lounge,0
2026-09-23T09:27:05+09:00,mu,12
2026-09-23T09:27:05+09:00,omega,0
2026-09-23T09:27:05+09:00,omicron,8
2026-09-23T09:27:05+09:00,sigma,2
2026-09-23T09:27:05+09:00,tau,16
2026-09-23T09:27:05+09:00,theta,0
2026-09-23T09:27:05+09:00,all,106
2026-09-23T09:37:08+09:00,alpha,9
2026-09-23T09:37:08+09:00,delta,32
2026-09-23T09:37:08+09:00,epsilon,4
2026-09-23T09:37:08+09:00,iota,2
2026-09-23T09:37:08+09:00,kappa,6
2026-09-23T09:37:08+09:00,lambda,15
2026-09-23T09:37:08+09:00,lounge,0
2026-09-23T09:37:08+09:00,mu,12
2026-09-23T09:37:08+09:00,omega,0
2026-09-23T09:37:08+09:00,omicron,8
2026-09-23T09:37:08+09:00,sigma,2
2026-09-23T09:37:08+09:00,tau,15
2026-09-23T09:37:08+09:00,theta,0
2026-09-23T09:37:08+09:00,all,105
2026-09-23T09:47:11+09:00,alpha,9
2026-09-23T09:47:11+09:00,delta,32
2026-09-23T09:47:11+09:00,epsilon,4
2026-09-23T09:47:11+09:00,iota,2
2026-09-23T09:47:11+09:00,kappa,6
2026-09-23T09:47:11+09:00,lambda,15
2026-09-23T09:47:11+09:00,lounge,0
2026-09-23T09:47:11+09:00,mu,12
2026-09-23T09:47:11+09:00,omega,1
2026-09-23T09:47:11+09:00,omicron,8
2026-09-23T09:47:11+09:00,sigma,3
2026-09-23T09:47:11+09:00,tau,15
2026-09-23T09:47:11+09:00,theta,0
2026-09-23T09:47:11+09:00,all,107
2026-09-23T09:57:13+09:00,alpha,9
2026-09-23T09:57:13+09:00,delta,32
2026-09-23T09:57:13+09:00,epsilon,4
2026-09-23T09:57:13+09:00,iota,2
2026-09-23T09:57:13+09:00,kappa,6
2026-09-23T09:57:13+09:00,lambda,15
2026-09-23T09:57:13+09:00,lounge,0
2026-09-23T09:57:13+09:00,mu,12
2026-09-23T09:57:13+09:00,omega,0
2026-09-23T09:57:13+09:00,omicron,8
2026-09-23T09:57:13+09:00,sigma,3
2026-09-23T09:57:13+09:00,tau,15
2026-09-23T09:57:13+09:00,theta,0
2026-09-23T09:57:13+09:00,all,106
2026-09-23T10:07:16+09:00,alpha,9
2026-09-23T10:07:16+09:00,delta,32
2026-09-23T10:07:16+09:00,epsilon,4
2026-09-23T10:07:16+09:00,iota,2
2026-09-23T10:07:16+09:00,kappa,6
2026-09-23T10:07:16+09:00,lambda,14
2026-09-23T10:07:16+09:00,lounge,0
2026-09-23T10:07:16+09:00,mu,12
2026-09-23T10:07:16+09:00,omega,0
2026-09-23T10:07:16+09:00,omicron,8
2026-09-23T10:07:16+09:00,sigma,3
2026-09-23T10:07:16+09:00,tau,16
2026-09-23T10:07:16+09:00,theta,0
2026-09-23T10:07:16+09:00,all,106
2026-09-23T10:17:19+09:00,alpha,9
2026-09-23T10:17:19+09:00,delta,32
2026-09-23T10:17:19+09:00,epsilon,4
2026-09-23T10:17:19+09:00,iota,2
2026-09-23T10:17:19+09:00,kappa,6
2026-09-23T10:17:19+09:00,lambda,15
2026-09-23T10:17:19+09:00,lounge,0
2026-09-23T10:17:19+09:00,mu,4
2026-09-23T10:17:19+09:00,omega,0
2026-09-23T10:17:19+09:00,omicron,9
2026-09-23T10:17:19+09:00,sigma,3
2026-09-23T10:17:19+09:00,tau,17
2026-09-23T10:17:19+09:00,theta,0
2026-09-23T10:17:19+09:00,all,101
2026-09-23T10:27:22+09:00,alpha,9
2026-09-23T10:27:22+09:00,delta,32
2026-09-23T10:27:22+09:00,epsilon,4
2026-09-23T10:27:22+09:00,iota,2
2026-09-23T10:27:22+09:00,kappa,6
2026-09-23T10:27:22+09:00,lambda,15
2026-09-23T10:27:22+09:00,lounge,1
2026-09-23T10:27:22+09:00,mu,12
2026-09-23T10:27:22+09:00,omega,0
2026-09-23T10:27:22+09:00,omicron,8
2026-09-23T10:27:22+09:00,sigma,3
2026-09-23T10:27:22+09:00,tau,17
2026-09-23T10:27:22+09:00,theta,0
2026-09-23T10:27:22+09:00,all,109
2026-09-23T10:37:24+09:00,alpha,9
2026-09-23T10:37:24+09:00,delta,32
2026-09-23T10:37:24+09:00,epsilon,4
2026-09-23T10:37:24+09:00,iota,2
2026-09-23T10:37:24+09:00,kappa,6
2026-09-23T10:37:24+09:00,lambda,15
2026-09-23T10:37:24+09:00,lounge,0
2026-09-23T10:37:24+09:00,mu,12
2026-09-23T10:37:24+09:00,omega,0
2026-09-23T10:37:24+09:00,omicron,8
2026-09-23T10:37:24+09:00,sigma,3
2026-09-23T10:37:24+09:00,tau,22
2026-09-23T10:37:24+09:00,theta,0
2026-09-23T10:37:24+09:00,all,113
2026-09-23T10:37:39+09:00,alpha,9
2026-09-23T10:37:39+09:00,delta,32
2026-09-23T10:37:39+09:00,epsilon,4
2026-09-23T10:37:39+09:00,iota,2
2026-09-23T10:37:39+09:00,kappa,6
2026-09-23T10:37:39+09:00,lambda,15
2026-09-23T10:37:39+09:00,lounge,0
2026-09-23T10:37:39+09:00,mu,12
2026-09-23T10:37:39+09:00,omega,0
2026-09-23T10:37:39+09:00,omicron,8
2026-09-23T10:37:39+09:00,sigma,3
2026-09-23T10:37:39+09:00,tau,22
2026-09-23T10:37:39+09:00,theta,0
2026-09-23T10:37:39+09:00,all,113
2026-09-23T10:47:42+09:00,alpha,9
2026-09-23T10:47:42+09:00,delta,32
2026-09-23T10:47:42+09:00,epsilon,4
2026-09-23T10:47:42+09:00,iota,2
2026-09-23T10:47:42+09:00,kappa,6
2026-09-23T10:47:42+09:00,lambda,15
2026-09-23T10:47:42+09:00,lounge,0
2026-09-23T10:47:42+09:00,mu,12
2026-09-23T10:47:42+09:00,omega,0
2026-09-23T10:47:42+09:00,omicron,8
2026-09-23T10:47:42+09:00,sigma,3
2026-09-23T10:47:42+09:00,tau,23
2026-09-23T10:47:42+09:00,theta,0
2026-09-23T10:47:42+09:00,all,114
2026-09-23T10:57:45+09:00,alpha,9
2026-09-23T10:57:45+09:00,delta,32
2026-09-23T10:57:45+09:00,epsilon,4
2026-09-23T10:57:45+09:00,iota,2
2026-09-23T10:57:45+09:00,kappa,6
2026-09-23T10:57:45+09:00,lambda,15
2026-09-23T10:57:45+09:00,lounge,0
2026-09-23T10:57:45+09:00,mu,11
2026-09-23T10:57:45+09:00,omega,0
2026-09-23T10:57:45+09:00,omicron,8
2026-09-23T10:57:45+09:00,sigma,3
2026-09-23T10:57:45+09:00,tau,24
2026-09-23T10:57:45+09:00,theta,0
2026-09-23T10:57:45+09:00,all,114
2026-09-23T11:07:47+09:00,alpha,9
2026-09-23T11:07:47+09:00,delta,32
2026-09-23T11:07:47+09:00,epsilon,4
2026-09-23T11:07:47+09:00,iota,2
2026-09-23T11:07:47+09:00,kappa,6
2026-09-23T11:07:47+09:00,lambda,16
2026-09-23T11:07:47+09:00,lounge,0
2026-09-23T11:07:47+09:00,mu,12
2026-09-23T11:07:47+09:00,omega,0
2026-09-23T11:07:47+09:00,omicron,10
2026-09-23T11:07:47+09:00,sigma,3
2026-09-23T11:07:47+09:00,tau,24
2026-09-23T11:07:47+09:00,theta,4
2026-09-23T11:07:47+09:00,all,122
2026-09-23T11:17:50+09:00,alpha,9
2026-09-23T11:17:50+09:00,delta,32
2026-09-23T11:17:50+09:00,epsilon,2
2026-09-23T11:17:50+09:00,iota,3
2026-09-23T11:17:50+09:00,kappa,8
2026-09-23T11:17:50+09:00,lambda,16
2026-09-23T11:17:50+09:00,lounge,1
2026-09-23T11:17:50+09:00,mu,11
2026-09-23T11:17:50+09:00,omega,0
2026-09-23T11:17:50+09:00,omicron,9
2026-09-23T11:17:50+09:00,sigma,3
2026-09-23T11:17:50+09:00,tau,24
2026-09-23T11:17:50+09:00,theta,1
2026-09-23T11:17:50+09:00,all,119
2026-09-23T11:27:54+09:00,alpha,9
2026-09-23T11:27:54+09:00,delta,33
2026-09-23T11:27:54+09:00,epsilon,4
2026-09-23T11:27:54+09:00,iota,2
2026-09-23T11:27:54+09:00,kappa,6
2026-09-23T11:27:54+09:00,lambda,15
2026-09-23T11:27:54+09:00,lounge,3
2026-09-23T11:27:54+09:00,mu,11
2026-09-23T11:27:54+09:00,omega,0
2026-09-23T11:27:54+09:00,omicron,8
2026-09-23T11:27:54+09:00,sigma,3
2026-09-23T11:27:54+09:00,tau,28
2026-09-23T11:27:54+09:00,theta,1
2026-09-23T11:27:54+09:00,all,123
2026-09-23T11:37:57+09:00,alpha,9
2026-09-23T11:37:57+09:00,delta,33
2026-09-23T11:37:57+09:00,epsilon,4
2026-09-23T11:37:57+09:00,iota,2
2026-09-23T11:37:57+09:00,kappa,6
2026-09-23T11:37:57+09:00,lambda,15
2026-09-23T11:37:57+09:00,lounge,1
2026-09-23T11:37:57+09:00,mu,11
2026-09-23T11:37:57+09:00,omega,0
2026-09-23T11:37:57+09:00,omicron,8
2026-09-23T11:37:57+09:00,sigma,3
2026-09-23T11:37:57+09:00,tau,30
2026-09-23T11:37:57+09:00,theta,0
2026-09-23T11:37:57+09:00,all,122
2026-09-23T11:48:01+09:00,alpha,9
2026-09-23T11:48:01+09:00,delta,33
2026-09-23T11:48:01+09:00,epsilon,4
2026-09-23T11:48:01+09:00,iota,2
2026-09-23T11:48:01+09:00,kappa,6
2026-09-23T11:48:01+09:00,lambda,16
2026-09-23T11:48:01+09:00,lounge,0
2026-09-23T11:48:01+09:00,mu,12
2026-09-23T11:48:01+09:00,omega,0
2026-09-23T11:48:01+09:00,omicron,8
2026-09-23T11:48:01+09:00,sigma,3
2026-09-23T11:48:01+09:00,tau,30
2026-09-23T11:48:01+09:00,theta,0
2026-09-23T11:48:01+09:00,all,123
2026-09-23T11:58:04+09:00,alpha,9
2026-09-23T11:58:04+09:00,delta,33
2026-09-23T11:58:04+09:00,epsilon,4
2026-09-23T11:58:04+09:00,iota,2
2026-09-23T11:58:04+09:00,kappa,6
2026-09-23T11:58:04+09:00,lambda,15
2026-09-23T11:58:04+09:00,lounge,0
2026-09-23T11:58:04+09:00,mu,13
2026-09-23T11:58:04+09:00,omega,0
2026-09-23T11:58:04+09:00,omicron,8
2026-09-23T11:58:04+09:00,sigma,3
2026-09-23T11:58:04+09:00,tau,29
2026-09-23T11:58:04+09:00,theta,0
2026-09-23T11:58:04+09:00,all,122
2026-09-23T12:08:07+09:00,alpha,9
2026-09-23T12:08:07+09:00,delta,33
2026-09-23T12:08:07+09:00,epsilon,4
2026-09-23T12:08:07+09:00,iota,2
2026-09-23T12:08:07+09:00,kappa,6
2026-09-23T12:08:07+09:00,lambda,16
2026-09-23T12:08:07+09:00,lounge,0
2026-09-23T12:08:07+09:00,mu,12
2026-09-23T12:08:07+09:00,omega,0
2026-09-23T12:08:07+09:00,omicron,8
2026-09-23T12:08:07+09:00,sigma,3
2026-09-23T12:08:07+09:00,tau,29
2026-09-23T12:08:07+09:00,theta,0
2026-09-23T12:08:07+09:00,all,122
2026-09-23T12:18:10+09:00,alpha,9
2026-09-23T12:18:10+09:00,delta,33
2026-09-23T12:18:10+09:00,epsilon,4
2026-09-23T12:18:10+09:00,iota,2
2026-09-23T12:18:10+09:00,kappa,7
2026-09-23T12:18:10+09:00,lambda,16
2026-09-23T12:18:10+09:00,lounge,0
2026-09-23T12:18:10+09:00,mu,12
2026-09-23T12:18:10+09:00,omega,0
2026-09-23T12:18:10+09:00,omicron,8
2026-09-23T12:18:10+09:00,sigma,4
2026-09-23T12:18:10+09:00,tau,27
2026-09-23T12:18:10+09:00,theta,1
2026-09-23T12:18:10+09:00,all,123
2026-09-23T12:28:12+09:00,alpha,9
2026-09-23T12:28:12+09:00,delta,33
2026-09-23T12:28:12+09:00,epsilon,4
2026-09-23T12:28:12+09:00,iota,2
2026-09-23T12:28:12+09:00,kappa,7
2026-09-23T12:28:12+09:00,lambda,15
2026-09-23T12:28:12+09:00,lounge,2
2026-09-23T12:28:12+09:00,mu,12
2026-09-23T12:28:12+09:00,omega,0
2026-09-23T12:28:12+09:00,omicron,11
2026-09-23T12:28:12+09:00,sigma,3
2026-09-23T12:28:12+09:00,tau,25
2026-09-23T12:28:12+09:00,theta,2
2026-09-23T12:28:12+09:00,all,125
2026-09-23T12:38:18+09:00,alpha,9
2026-09-23T12:38:18+09:00,delta,33
2026-09-23T12:38:18+09:00,epsilon,4
2026-09-23T12:38:18+09:00,iota,2
2026-09-23T12:38:18+09:00,kappa,6
2026-09-23T12:38:18+09:00,lambda,16
2026-09-23T12:38:18+09:00,lounge,2
2026-09-23T12:38:18+09:00,mu,13
2026-09-23T12:38:18+09:00,omega,0
2026-09-23T12:38:18+09:00,omicron,11
2026-09-23T12:38:18+09:00,sigma,3
2026-09-23T12:38:18+09:00,tau,26
2026-09-23T12:38:18+09:00,theta,2
2026-09-23T12:38:18+09:00,all,127
2026-09-23T12:48:20+09:00,alpha,9
2026-09-23T12:48:20+09:00,delta,33
2026-09-23T12:48:20+09:00,epsilon,4
2026-09-23T12:48:20+09:00,iota,2
2026-09-23T12:48:20+09:00,kappa,6
2026-09-23T12:48:20+09:00,lambda,16
2026-09-23T12:48:20+09:00,lounge,0
2026-09-23T12:48:20+09:00,mu,15
2026-09-23T12:48:20+09:00,omega,0
2026-09-23T12:48:20+09:00,omicron,8
2026-09-23T12:48:20+09:00,sigma,3
2026-09-23T12:48:20+09:00,tau,26
2026-09-23T12:48:20+09:00,theta,0
2026-09-23T12:48:20+09:00,all,122
2026-09-23T12:58:24+09:00,alpha,9
2026-09-23T12:58:24+09:00,delta,33
2026-09-23T12:58:24+09:00,epsilon,4
2026-09-23T12:58:24+09:00,iota,2
2026-09-23T12:58:24+09:00,kappa,6
2026-09-23T12:58:24+09:00,lambda,19
2026-09-23T12:58:24+09:00,lounge,0
2026-09-23T12:58:24+09:00,mu,13
2026-09-23T12:58:24+09:00,omega,0
2026-09-23T12:58:24+09:00,omicron,8
2026-09-23T12:58:24+09:00,sigma,3
2026-09-23T12:58:24+09:00,tau,26
2026-09-23T12:58:24+09:00,theta,0
2026-09-23T12:58:24+09:00,all,123
2026-09-23T13:08:27+09:00,alpha,9
2026-09-23T13:08:27+09:00,delta,35
2026-09-23T13:08:27+09:00,epsilon,4
2026-09-23T13:08:27+09:00,iota,2
2026-09-23T13:08:27+09:00,kappa,8
2026-09-23T13:08:27+09:00,lambda,19
2026-09-23T13:08:27+09:00,lounge,0
2026-09-23T13:08:27+09:00,mu,12
2026-09-23T13:08:27+09:00,omega,0
2026-09-23T13:08:27+09:00,omicron,9
2026-09-23T13:08:27+09:00,sigma,4
2026-09-23T13:08:27+09:00,tau,32
2026-09-23T13:08:27+09:00,theta,0
2026-09-23T13:08:27+09:00,all,134
2026-09-23T13:18:30+09:00,alpha,9
2026-09-23T13:18:30+09:00,delta,35
2026-09-23T13:18:30+09:00,epsilon,4
2026-09-23T13:18:30+09:00,iota,2
2026-09-23T13:18:30+09:00,kappa,8
2026-09-23T13:18:30+09:00,lambda,22
2026-09-23T13:18:30+09:00,lounge,0
2026-09-23T13:18:30+09:00,mu,12
2026-09-23T13:18:30+09:00,omega,0
2026-09-23T13:18:30+09:00,omicron,10
2026-09-23T13:18:30+09:00,sigma,3
2026-09-23T13:18:30+09:00,tau,29
2026-09-23T13:18:30+09:00,theta,1
2026-09-23T13:18:30+09:00,all,135
2026-09-23T13:20:01+09:00,all,0
2026-09-23T13:28:33+09:00,alpha,9
2026-09-23T13:28:33+09:00,delta,35
2026-09-23T13:28:33+09:00,epsilon,4
2026-09-23T13:28:33+09:00,iota,2
2026-09-23T13:28:33+09:00,kappa,7
2026-09-23T13:28:33+09:00,lambda,22
2026-09-23T13:28:33+09:00,lounge,0
2026-09-23T13:28:33+09:00,mu,12
2026-09-23T13:28:33+09:00,omega,0
2026-09-23T13:28:33+09:00,omicron,10
2026-09-23T13:28:33+09:00,sigma,3
2026-09-23T13:28:33+09:00,tau,28
2026-09-23T13:28:33+09:00,theta,1
2026-09-23T13:28:33+09:00,all,133
2026-09-23T13:38:38+09:00,alpha,9
2026-09-23T13:38:38+09:00,delta,35
2026-09-23T13:38:38+09:00,epsilon,4
2026-09-23T13:38:38+09:00,iota,2
2026-09-23T13:38:38+09:00,kappa,7
2026-09-23T13:38:38+09:00,lambda,21
2026-09-23T13:38:38+09:00,lounge,0
2026-09-23T13:38:38+09:00,mu,12
2026-09-23T13:38:38+09:00,omega,0
2026-09-23T13:38:38+09:00,omicron,12
2026-09-23T13:38:38+09:00,sigma,3
2026-09-23T13:38:38+09:00,tau,30
2026-09-23T13:38:38+09:00,theta,0
2026-09-23T13:38:38+09:00,all,135
2026-09-23T13:48:42+09:00,alpha,9
2026-09-23T13:48:42+09:00,delta,34
2026-09-23T13:48:42+09:00,epsilon,4
2026-09-23T13:48:42+09:00,iota,2
2026-09-23T13:48:42+09:00,kappa,6
2026-09-23T13:48:42+09:00,lambda,21
2026-09-23T13:48:42+09:00,lounge,0
2026-09-23T13:48:42+09:00,mu,12
2026-09-23T13:48:42+09:00,omega,0
2026-09-23T13:48:42+09:00,omicron,10
2026-09-23T13:48:42+09:00,sigma,3
2026-09-23T13:48:42+09:00,tau,31
2026-09-23T13:48:42+09:00,theta,0
2026-09-23T13:48:42+09:00,all,132
2026-09-23T13:58:45+09:00,alpha,9
2026-09-23T13:58:45+09:00,delta,34
2026-09-23T13:58:45+09:00,epsilon,4
2026-09-23T13:58:45+09:00,iota,2
2026-09-23T13:58:45+09:00,kappa,7
2026-09-23T13:58:45+09:00,lambda,23
2026-09-23T13:58:45+09:00,lounge,0
2026-09-23T13:58:45+09:00,mu,12
2026-09-23T13:58:45+09:00,omega,0
2026-09-23T13:58:45+09:00,omicron,9
2026-09-23T13:58:45+09:00,sigma,3
2026-09-23T13:58:45+09:00,tau,31
2026-09-23T13:58:45+09:00,theta,0
2026-09-23T13:58:45+09:00,all,134
2026-09-23T14:08:50+09:00,alpha,9
2026-09-23T14:08:50+09:00,delta,34
2026-09-23T14:08:50+09:00,epsilon,7
2026-09-23T14:08:50+09:00,iota,2
2026-09-23T14:08:50+09:00,kappa,5
2026-09-23T14:08:50+09:00,lambda,22
2026-09-23T14:08:50+09:00,lounge,0
2026-09-23T14:08:50+09:00,mu,12
2026-09-23T14:08:50+09:00,omega,0
2026-09-23T14:08:50+09:00,omicron,12
2026-09-23T14:08:50+09:00,sigma,4
2026-09-23T14:08:50+09:00,tau,34
2026-09-23T14:08:50+09:00,theta,0
2026-09-23T14:08:50+09:00,all,141
2026-09-23T14:18:54+09:00,alpha,9
2026-09-23T14:18:54+09:00,delta,34
2026-09-23T14:18:54+09:00,epsilon,8
2026-09-23T14:18:54+09:00,iota,2
2026-09-23T14:18:54+09:00,kappa,7
2026-09-23T14:18:54+09:00,lambda,23
2026-09-23T14:18:54+09:00,lounge,0
2026-09-23T14:18:54+09:00,mu,12
2026-09-23T14:18:54+09:00,omega,0
2026-09-23T14:18:54+09:00,omicron,11
2026-09-23T14:18:54+09:00,sigma,4
2026-09-23T14:18:54+09:00,tau,35
2026-09-23T14:18:54+09:00,theta,0
2026-09-23T14:18:54+09:00,all,145
2026-09-23T14:28:59+09:00,alpha,9
2026-09-23T14:28:59+09:00,delta,34
2026-09-23T14:28:59+09:00,epsilon,8
2026-09-23T14:28:59+09:00,iota,2
2026-09-23T14:28:59+09:00,kappa,7
2026-09-23T14:28:59+09:00,lambda,21
2026-09-23T14:28:59+09:00,lounge,1
2026-09-23T14:28:59+09:00,mu,12
2026-09-23T14:28:59+09:00,omega,0
2026-09-23T14:28:59+09:00,omicron,10
2026-09-23T14:28:59+09:00,sigma,4
2026-09-23T14:28:59+09:00,tau,34
2026-09-23T14:28:59+09:00,theta,0
2026-09-23T14:28:59+09:00,all,142
2026-09-23T14:39:04+09:00,alpha,9
2026-09-23T14:39:04+09:00,delta,34
2026-09-23T14:39:04+09:00,epsilon,9
2026-09-23T14:39:04+09:00,iota,2
2026-09-23T14:39:04+09:00,kappa,7
2026-09-23T14:39:04+09:00,lambda,20
2026-09-23T14:39:04+09:00,lounge,0
2026-09-23T14:39:04+09:00,mu,12
2026-09-23T14:39:04+09:00,omega,1
2026-09-23T14:39:04+09:00,omicron,10
2026-09-23T14:39:04+09:00,sigma,4
2026-09-23T14:39:04+09:00,tau,33
2026-09-23T14:39:04+09:00,theta,0
2026-09-23T14:39:04+09:00,all,141
2026-09-23T14:49:07+09:00,alpha,9
2026-09-23T14:49:07+09:00,delta,35
2026-09-23T14:49:07+09:00,epsilon,9
2026-09-23T14:49:07+09:00,iota,2
2026-09-23T14:49:07+09:00,kappa,7
2026-09-23T14:49:07+09:00,lambda,21
2026-09-23T14:49:07+09:00,lounge,0
2026-09-23T14:49:07+09:00,mu,12
2026-09-23T14:49:07+09:00,omega,0
2026-09-23T14:49:07+09:00,omicron,9
2026-09-23T14:49:07+09:00,sigma,4
2026-09-23T14:49:07+09:00,tau,35
2026-09-23T14:49:07+09:00,theta,1
2026-09-23T14:49:07+09:00,all,144
2026-09-23T14:59:12+09:00,alpha,9
2026-09-23T14:59:12+09:00,delta,35
2026-09-23T14:59:12+09:00,epsilon,9
2026-09-23T14:59:12+09:00,iota,2
2026-09-23T14:59:12+09:00,kappa,6
2026-09-23T14:59:12+09:00,lambda,21
2026-09-23T14:59:12+09:00,lounge,0
2026-09-23T14:59:12+09:00,mu,12
2026-09-23T14:59:12+09:00,omega,0
2026-09-23T14:59:12+09:00,omicron,9
2026-09-23T14:59:12+09:00,sigma,4
2026-09-23T14:59:12+09:00,tau,36
2026-09-23T14:59:12+09:00,theta,3
2026-09-23T14:59:12+09:00,all,146
2026-09-23T15:09:15+09:00,alpha,9
2026-09-23T15:09:15+09:00,delta,35
2026-09-23T15:09:15+09:00,epsilon,5
2026-09-23T15:09:15+09:00,iota,2
2026-09-23T15:09:15+09:00,kappa,6
2026-09-23T15:09:15+09:00,lambda,24
2026-09-23T15:09:15+09:00,lounge,0
2026-09-23T15:09:15+09:00,mu,11
2026-09-23T15:09:15+09:00,omega,0
2026-09-23T15:09:15+09:00,omicron,8
2026-09-23T15:09:15+09:00,sigma,5
2026-09-23T15:09:15+09:00,tau,36
2026-09-23T15:09:15+09:00,theta,4
2026-09-23T15:09:15+09:00,all,145
2026-09-23T15:19:19+09:00,alpha,9
2026-09-23T15:19:19+09:00,delta,35
2026-09-23T15:19:19+09:00,epsilon,4
2026-09-23T15:19:19+09:00,iota,2
2026-09-23T15:19:19+09:00,kappa,6
2026-09-23T15:19:19+09:00,lambda,21
2026-09-23T15:19:19+09:00,lounge,0
2026-09-23T15:19:19+09:00,mu,13
2026-09-23T15:19:19+09:00,omega,0
2026-09-23T15:19:19+09:00,omicron,8
2026-09-23T15:19:19+09:00,sigma,4
2026-09-23T15:19:19+09:00,tau,36
2026-09-23T15:19:19+09:00,theta,5
2026-09-23T15:19:19+09:00,all,143
2026-09-23T15:29:22+09:00,alpha,9
2026-09-23T15:29:22+09:00,delta,35
2026-09-23T15:29:22+09:00,epsilon,4
2026-09-23T15:29:22+09:00,iota,2
2026-09-23T15:29:22+09:00,kappa,6
2026-09-23T15:29:22+09:00,lambda,21
2026-09-23T15:29:22+09:00,lounge,0
2026-09-23T15:29:22+09:00,mu,12
2026-09-23T15:29:22+09:00,omega,0
2026-09-23T15:29:22+09:00,omicron,9
2026-09-23T15:29:22+09:00,sigma,5
2026-09-23T15:29:22+09:00,tau,34
2026-09-23T15:29:22+09:00,theta,5
2026-09-23T15:29:22+09:00,all,142
2026-09-23T15:39:25+09:00,alpha,10
2026-09-23T15:39:25+09:00,delta,35
2026-09-23T15:39:25+09:00,epsilon,5
2026-09-23T15:39:25+09:00,iota,2
2026-09-23T15:39:25+09:00,kappa,6
2026-09-23T15:39:25+09:00,lambda,18
2026-09-23T15:39:25+09:00,lounge,0
2026-09-23T15:39:25+09:00,mu,11
2026-09-23T15:39:25+09:00,omega,0
2026-09-23T15:39:25+09:00,omicron,11
2026-09-23T15:39:25+09:00,sigma,5
2026-09-23T15:39:25+09:00,tau,34
2026-09-23T15:39:25+09:00,theta,4
2026-09-23T15:39:25+09:00,all,141
2026-09-23T15:49:28+09:00,alpha,10
2026-09-23T15:49:28+09:00,delta,35
2026-09-23T15:49:28+09:00,epsilon,5
2026-09-23T15:49:28+09:00,iota,2
2026-09-23T15:49:28+09:00,kappa,7
2026-09-23T15:49:28+09:00,lambda,19
2026-09-23T15:49:28+09:00,lounge,0
2026-09-23T15:49:28+09:00,mu,11
2026-09-23T15:49:28+09:00,omega,0
2026-09-23T15:49:28+09:00,omicron,10
2026-09-23T15:49:28+09:00,sigma,4
2026-09-23T15:49:28+09:00,tau,35
2026-09-23T15:49:28+09:00,theta,5
2026-09-23T15:49:28+09:00,all,143
2026-09-23T15:59:34+09:00,alpha,9
2026-09-23T15:59:34+09:00,delta,35
2026-09-23T15:59:34+09:00,epsilon,4
2026-09-23T15:59:34+09:00,iota,3
2026-09-23T15:59:34+09:00,kappa,7
2026-09-23T15:59:34+09:00,lambda,17
2026-09-23T15:59:34+09:00,lounge,0
2026-09-23T15:59:34+09:00,mu,12
2026-09-23T15:59:34+09:00,omega,0
2026-09-23T15:59:34+09:00,omicron,11
2026-09-23T15:59:34+09:00,sigma,5
2026-09-23T15:59:34+09:00,tau,31
2026-09-23T15:59:34+09:00,theta,5
2026-09-23T15:59:34+09:00,all,139
2026-09-23T15:59:48+09:00,alpha,9
2026-09-23T15:59:48+09:00,delta,35
2026-09-23T15:59:48+09:00,epsilon,4
2026-09-23T15:59:48+09:00,iota,3
2026-09-23T15:59:48+09:00,kappa,7
2026-09-23T15:59:48+09:00,lambda,17
2026-09-23T15:59:48+09:00,lounge,0
2026-09-23T15:59:48+09:00,mu,12
2026-09-23T15:59:48+09:00,omega,0
2026-09-23T15:59:48+09:00,omicron,11
2026-09-23T15:59:48+09:00,sigma,5
2026-09-23T15:59:48+09:00,tau,31
2026-09-23T15:59:48+09:00,theta,5
2026-09-23T15:59:48+09:00,all,139
2026-09-23T16:09:52+09:00,alpha,9
2026-09-23T16:09:52+09:00,delta,35
2026-09-23T16:09:52+09:00,epsilon,4
2026-09-23T16:09:52+09:00,iota,2
2026-09-23T16:09:52+09:00,kappa,7
2026-09-23T16:09:52+09:00,lambda,17
2026-09-23T16:09:52+09:00,lounge,0
2026-09-23T16:09:52+09:00,mu,12
2026-09-23T16:09:52+09:00,omega,0
2026-09-23T16:09:52+09:00,omicron,12
2026-09-23T16:09:52+09:00,sigma,4
2026-09-23T16:09:52+09:00,tau,35
2026-09-23T16:09:52+09:00,theta,5
2026-09-23T16:09:52+09:00,all,142
2026-09-23T16:19:55+09:00,alpha,9
2026-09-23T16:19:55+09:00,delta,35
2026-09-23T16:19:55+09:00,epsilon,4
2026-09-23T16:19:55+09:00,iota,2
2026-09-23T16:19:55+09:00,kappa,6
2026-09-23T16:19:55+09:00,lambda,18
2026-09-23T16:19:55+09:00,lounge,0
2026-09-23T16:19:55+09:00,mu,11
2026-09-23T16:19:55+09:00,omega,0
2026-09-23T16:19:55+09:00,omicron,11
2026-09-23T16:19:55+09:00,sigma,4
2026-09-23T16:19:55+09:00,tau,35
2026-09-23T16:19:55+09:00,theta,1
2026-09-23T16:19:55+09:00,all,136
2026-09-23T16:29:58+09:00,alpha,9
2026-09-23T16:29:58+09:00,delta,35
2026-09-23T16:29:58+09:00,epsilon,4
2026-09-23T16:29:58+09:00,iota,2
2026-09-23T16:29:58+09:00,kappa,6
2026-09-23T16:29:58+09:00,lambda,19
2026-09-23T16:29:58+09:00,lounge,0
2026-09-23T16:29:58+09:00,mu,11
2026-09-23T16:29:58+09:00,omega,0
2026-09-23T16:29:58+09:00,omicron,12
2026-09-23T16:29:58+09:00,sigma,4
2026-09-23T16:29:58+09:00,tau,35
2026-09-23T16:29:58+09:00,theta,0
2026-09-23T16:29:58+09:00,all,137
2026-09-23T16:40:01+09:00,alpha,9
2026-09-23T16:40:01+09:00,delta,35
2026-09-23T16:40:01+09:00,epsilon,4
2026-09-23T16:40:01+09:00,iota,4
2026-09-23T16:40:01+09:00,kappa,6
2026-09-23T16:40:01+09:00,lambda,19
2026-09-23T16:40:01+09:00,lounge,0
2026-09-23T16:40:01+09:00,mu,11
2026-09-23T16:40:01+09:00,omega,0
2026-09-23T16:40:01+09:00,omicron,10
2026-09-23T16:40:01+09:00,sigma,4
2026-09-23T16:40:01+09:00,tau,34
2026-09-23T16:40:01+09:00,theta,1
2026-09-23T16:40:01+09:00,all,137
2026-09-23T16:50:05+09:00,alpha,9
2026-09-23T16:50:05+09:00,delta,35
2026-09-23T16:50:05+09:00,epsilon,4
2026-09-23T16:50:05+09:00,iota,4
2026-09-23T16:50:05+09:00,kappa,6
2026-09-23T16:50:05+09:00,lambda,17
2026-09-23T16:50:05+09:00,lounge,0
2026-09-23T16:50:05+09:00,mu,11
2026-09-23T16:50:05+09:00,omega,0
2026-09-23T16:50:05+09:00,omicron,10
2026-09-23T16:50:05+09:00,sigma,4
2026-09-23T16:50:05+09:00,tau,34
2026-09-23T16:50:05+09:00,theta,1
2026-09-23T16:50:05+09:00,all,135
2026-09-23T17:00:08+09:00,alpha,9
2026-09-23T17:00:08+09:00,delta,35
2026-09-23T17:00:08+09:00,epsilon,4
2026-09-23T17:00:08+09:00,iota,2
2026-09-23T17:00:08+09:00,kappa,6
2026-09-23T17:00:08+09:00,lambda,17
2026-09-23T17:00:08+09:00,lounge,0
2026-09-23T17:00:08+09:00,mu,11
2026-09-23T17:00:08+09:00,omega,0
2026-09-23T17:00:08+09:00,omicron,10
2026-09-23T17:00:08+09:00,sigma,4
2026-09-23T17:00:08+09:00,tau,34
2026-09-23T17:00:08+09:00,theta,0
2026-09-23T17:00:08+09:00,all,132
2026-09-23T17:10:13+09:00,alpha,9
2026-09-23T17:10:13+09:00,delta,35
2026-09-23T17:10:13+09:00,epsilon,2
2026-09-23T17:10:13+09:00,iota,2
2026-09-23T17:10:13+09:00,kappa,6
2026-09-23T17:10:13+09:00,lambda,16
2026-09-23T17:10:13+09:00,lounge,0
2026-09-23T17:10:13+09:00,mu,11
2026-09-23T17:10:13+09:00,omega,0
2026-09-23T17:10:13+09:00,omicron,12
2026-09-23T17:10:13+09:00,sigma,4
2026-09-23T17:10:13+09:00,tau,32
2026-09-23T17:10:13+09:00,theta,0
2026-09-23T17:10:13+09:00,all,129
2026-09-23T17:20:16+09:00,alpha,9
2026-09-23T17:20:16+09:00,delta,35
2026-09-23T17:20:16+09:00,epsilon,4
2026-09-23T17:20:16+09:00,iota,2
2026-09-23T17:20:16+09:00,kappa,6
2026-09-23T17:20:16+09:00,lambda,19
2026-09-23T17:20:16+09:00,lounge,0
2026-09-23T17:20:16+09:00,mu,13
2026-09-23T17:20:16+09:00,omega,0
2026-09-23T17:20:16+09:00,omicron,10
2026-09-23T17:20:16+09:00,sigma,4
2026-09-23T17:20:16+09:00,tau,30
2026-09-23T17:20:16+09:00,theta,0
2026-09-23T17:20:16+09:00,all,132
2026-09-23T17:30:19+09:00,alpha,9
2026-09-23T17:30:19+09:00,delta,35
2026-09-23T17:30:19+09:00,epsilon,4
2026-09-23T17:30:19+09:00,iota,2
2026-09-23T17:30:19+09:00,kappa,6
2026-09-23T17:30:19+09:00,lambda,16
2026-09-23T17:30:19+09:00,lounge,0
2026-09-23T17:30:19+09:00,mu,14
2026-09-23T17:30:19+09:00,omega,0
2026-09-23T17:30:19+09:00,omicron,11
2026-09-23T17:30:19+09:00,sigma,4
2026-09-23T17:30:19+09:00,tau,26
2026-09-23T17:30:19+09:00,theta,0
2026-09-23T17:30:19+09:00,all,127
2026-09-23T17:40:22+09:00,alpha,9
2026-09-23T17:40:22+09:00,delta,35
2026-09-23T17:40:22+09:00,epsilon,4
2026-09-23T17:40:22+09:00,iota,2
2026-09-23T17:40:22+09:00,kappa,6
2026-09-23T17:40:22+09:00,lambda,20
2026-09-23T17:40:22+09:00,lounge,0
2026-09-23T17:40:22+09:00,mu,18
2026-09-23T17:40:22+09:00,omega,1
2026-09-23T17:40:22+09:00,omicron,12
2026-09-23T17:40:22+09:00,sigma,4
2026-09-23T17:40:22+09:00,tau,18
2026-09-23T17:40:22+09:00,theta,1
2026-09-23T17:40:22+09:00,all,130
2026-09-23T17:50:26+09:00,alpha,9
2026-09-23T17:50:26+09:00,delta,35
2026-09-23T17:50:26+09:00,epsilon,4
2026-09-23T17:50:26+09:00,iota,3
2026-09-23T17:50:26+09:00,kappa,6
2026-09-23T17:50:26+09:00,lambda,21
2026-09-23T17:50:26+09:00,lounge,0
2026-09-23T17:50:26+09:00,mu,13
2026-09-23T17:50:26+09:00,omega,0
2026-09-23T17:50:26+09:00,omicron,10
2026-09-23T17:50:26+09:00,sigma,4
2026-09-23T17:50:26+09:00,tau,12
2026-09-23T17:50:26+09:00,theta,3
2026-09-23T17:50:26+09:00,all,120
2026-09-23T18:00:30+09:00,alpha,9
2026-09-23T18:00:30+09:00,delta,35
2026-09-23T18:00:30+09:00,epsilon,4
2026-09-23T18:00:30+09:00,iota,2
2026-09-23T18:00:30+09:00,kappa,6
2026-09-23T18:00:30+09:00,lambda,20
2026-09-23T18:00:30+09:00,lounge,0
2026-09-23T18:00:30+09:00,mu,12
2026-09-23T18:00:30+09:00,omega,0
2026-09-23T18:00:30+09:00,omicron,10
2026-09-23T18:00:30+09:00,sigma,4
2026-09-23T18:00:30+09:00,tau,12
2026-09-23T18:00:30+09:00,theta,2
2026-09-23T18:00:30+09:00,all,116
2026-09-23T18:10:36+09:00,alpha,9
2026-09-23T18:10:36+09:00,delta,35
2026-09-23T18:10:36+09:00,epsilon,4
2026-09-23T18:10:36+09:00,iota,2
2026-09-23T18:10:36+09:00,kappa,6
2026-09-23T18:10:36+09:00,lambda,19
2026-09-23T18:10:36+09:00,lounge,0
2026-09-23T18:10:36+09:00,mu,11
2026-09-23T18:10:36+09:00,omega,0
2026-09-23T18:10:36+09:00,omicron,9
2026-09-23T18:10:36+09:00,sigma,4
2026-09-23T18:10:36+09:00,tau,12
2026-09-23T18:10:36+09:00,theta,0
2026-09-23T18:10:36+09:00,all,111
2026-09-23T18:20:40+09:00,alpha,9
2026-09-23T18:20:40+09:00,delta,35
2026-09-23T18:20:40+09:00,epsilon,4
2026-09-23T18:20:40+09:00,iota,2
2026-09-23T18:20:40+09:00,kappa,6
2026-09-23T18:20:40+09:00,lambda,17
2026-09-23T18:20:40+09:00,lounge,0
2026-09-23T18:20:40+09:00,mu,11
2026-09-23T18:20:40+09:00,omega,0
2026-09-23T18:20:40+09:00,omicron,9
2026-09-23T18:20:40+09:00,sigma,4
2026-09-23T18:20:40+09:00,tau,11
2026-09-23T18:20:40+09:00,theta,1
2026-09-23T18:20:40+09:00,all,109
2026-09-23T18:30:43+09:00,alpha,9
2026-09-23T18:30:43+09:00,delta,35
2026-09-23T18:30:43+09:00,epsilon,5
2026-09-23T18:30:43+09:00,iota,2
2026-09-23T18:30:43+09:00,kappa,6
2026-09-23T18:30:43+09:00,lambda,18
2026-09-23T18:30:43+09:00,lounge,0
2026-09-23T18:30:43+09:00,mu,12
2026-09-23T18:30:43+09:00,omega,1
2026-09-23T18:30:43+09:00,omicron,10
2026-09-23T18:30:43+09:00,sigma,4
2026-09-23T18:30:43+09:00,tau,9
2026-09-23T18:30:43+09:00,theta,2
2026-09-23T18:30:43+09:00,all,113
2026-09-23T18:40:46+09:00,alpha,9
2026-09-23T18:40:46+09:00,delta,35
2026-09-23T18:40:46+09:00,epsilon,4
2026-09-23T18:40:46+09:00,iota,2
2026-09-23T18:40:46+09:00,kappa,6
2026-09-23T18:40:46+09:00,lambda,17
2026-09-23T18:40:46+09:00,lounge,0
2026-09-23T18:40:46+09:00,mu,12
2026-09-23T18:40:46+09:00,omega,0
2026-09-23T18:40:46+09:00,omicron,13
2026-09-23T18:40:46+09:00,sigma,3
2026-09-23T18:40:46+09:00,tau,9
2026-09-23T18:40:46+09:00,theta,2
2026-09-23T18:40:46+09:00,all,112
2026-09-23T18:50:49+09:00,alpha,9
2026-09-23T18:50:49+09:00,delta,38
2026-09-23T18:50:49+09:00,epsilon,4
2026-09-23T18:50:49+09:00,iota,2
2026-09-23T18:50:49+09:00,kappa,6
2026-09-23T18:50:49+09:00,lambda,18
2026-09-23T18:50:49+09:00,lounge,0
2026-09-23T18:50:49+09:00,mu,12
2026-09-23T18:50:49+09:00,omega,0
2026-09-23T18:50:49+09:00,omicron,11
2026-09-23T18:50:49+09:00,sigma,3
2026-09-23T18:50:49+09:00,tau,12
2026-09-23T18:50:49+09:00,theta,1
2026-09-23T18:50:49+09:00,all,116
2026-09-23T19:00:57+09:00,alpha,9
2026-09-23T19:00:57+09:00,delta,37
2026-09-23T19:00:57+09:00,epsilon,4
2026-09-23T19:00:57+09:00,iota,2
2026-09-23T19:00:57+09:00,kappa,6
2026-09-23T19:00:57+09:00,lambda,16
2026-09-23T19:00:57+09:00,lounge,0
2026-09-23T19:00:57+09:00,mu,11
2026-09-23T19:00:57+09:00,omega,0
2026-09-23T19:00:57+09:00,omicron,9
2026-09-23T19:00:57+09:00,sigma,3
2026-09-23T19:00:57+09:00,tau,11
2026-09-23T19:00:57+09:00,theta,1
2026-09-23T19:00:57+09:00,all,109
2026-09-23T19:11:00+09:00,alpha,9
2026-09-23T19:11:00+09:00,delta,36
2026-09-23T19:11:00+09:00,epsilon,4
2026-09-23T19:11:00+09:00,iota,2
2026-09-23T19:11:00+09:00,kappa,7
2026-09-23T19:11:00+09:00,lambda,15
2026-09-23T19:11:00+09:00,lounge,0
2026-09-23T19:11:00+09:00,mu,11
2026-09-23T19:11:00+09:00,omega,0
2026-09-23T19:11:00+09:00,omicron,9
2026-09-23T19:11:00+09:00,sigma,3
2026-09-23T19:11:00+09:00,tau,11
2026-09-23T19:11:00+09:00,theta,1
2026-09-23T19:11:00+09:00,all,108
2026-09-23T19:21:03+09:00,alpha,10
2026-09-23T19:21:03+09:00,delta,36
2026-09-23T19:21:03+09:00,epsilon,4
2026-09-23T19:21:03+09:00,iota,2
2026-09-23T19:21:03+09:00,kappa,7
2026-09-23T19:21:03+09:00,lambda,15
2026-09-23T19:21:03+09:00,lounge,0
2026-09-23T19:21:03+09:00,mu,11
2026-09-23T19:21:03+09:00,omega,0
2026-09-23T19:21:03+09:00,omicron,9
2026-09-23T19:21:03+09:00,sigma,3
2026-09-23T19:21:03+09:00,tau,12
2026-09-23T19:21:03+09:00,theta,0
2026-09-23T19:21:03+09:00,all,109
2026-09-23T19:31:08+09:00,alpha,10
2026-09-23T19:31:08+09:00,delta,37
2026-09-23T19:31:08+09:00,epsilon,4
2026-09-23T19:31:08+09:00,iota,2
2026-09-23T19:31:08+09:00,kappa,7
2026-09-23T19:31:08+09:00,lambda,15
2026-09-23T19:31:08+09:00,lounge,0
2026-09-23T19:31:08+09:00,mu,11
2026-09-23T19:31:08+09:00,omega,0
2026-09-23T19:31:08+09:00,omicron,9
2026-09-23T19:31:08+09:00,sigma,3
2026-09-23T19:31:08+09:00,tau,13
2026-09-23T19:31:08+09:00,theta,0
2026-09-23T19:31:08+09:00,all,111
2026-09-23T19:41:11+09:00,alpha,10
2026-09-23T19:41:11+09:00,delta,38
2026-09-23T19:41:11+09:00,epsilon,4
2026-09-23T19:41:11+09:00,iota,2
2026-09-23T19:41:11+09:00,kappa,7
2026-09-23T19:41:11+09:00,lambda,15
2026-09-23T19:41:11+09:00,lounge,0
2026-09-23T19:41:11+09:00,mu,11
2026-09-23T19:41:11+09:00,omega,0
2026-09-23T19:41:11+09:00,omicron,9
2026-09-23T19:41:11+09:00,sigma,3
2026-09-23T19:41:11+09:00,tau,12
2026-09-23T19:41:11+09:00,theta,0
2026-09-23T19:41:11+09:00,all,111
2026-09-23T19:51:14+09:00,alpha,9
2026-09-23T19:51:14+09:00,delta,38
2026-09-23T19:51:14+09:00,epsilon,4
2026-09-23T19:51:14+09:00,iota,2
2026-09-23T19:51:14+09:00,kappa,7
2026-09-23T19:51:14+09:00,lambda,15
2026-09-23T19:51:14+09:00,lounge,0
2026-09-23T19:51:14+09:00,mu,11
2026-09-23T19:51:14+09:00,omega,0
2026-09-23T19:51:14+09:00,omicron,9
2026-09-23T19:51:14+09:00,sigma,3
2026-09-23T19:51:14+09:00,tau,9
2026-09-23T19:51:14+09:00,theta,0
2026-09-23T19:51:14+09:00,all,107
2026-09-23T20:01:17+09:00,alpha,9
2026-09-23T20:01:17+09:00,delta,36
2026-09-23T20:01:17+09:00,epsilon,4
2026-09-23T20:01:17+09:00,iota,2
2026-09-23T20:01:17+09:00,kappa,7
2026-09-23T20:01:17+09:00,lambda,16
2026-09-23T20:01:17+09:00,lounge,0
2026-09-23T20:01:17+09:00,mu,11
2026-09-23T20:01:17+09:00,omega,0
2026-09-23T20:01:17+09:00,omicron,9
2026-09-23T20:01:17+09:00,sigma,3
2026-09-23T20:01:17+09:00,tau,10
2026-09-23T20:01:17+09:00,theta,0
2026-09-23T20:01:17+09:00,all,107
2026-09-23T20:11:20+09:00,alpha,9
2026-09-23T20:11:20+09:00,delta,32
2026-09-23T20:11:20+09:00,epsilon,4
2026-09-23T20:11:20+09:00,iota,2
2026-09-23T20:11:20+09:00,kappa,7
2026-09-23T20:11:20+09:00,lambda,18
2026-09-23T20:11:20+09:00,lounge,0
2026-09-23T20:11:20+09:00,mu,11
2026-09-23T20:11:20+09:00,omega,0
2026-09-23T20:11:20+09:00,omicron,9
2026-09-23T20:11:20+09:00,sigma,3
2026-09-23T20:11:20+09:00,tau,8
2026-09-23T20:11:20+09:00,theta,0
2026-09-23T20:11:20+09:00,all,103
2026-09-23T20:21:23+09:00,alpha,9
2026-09-23T20:21:23+09:00,delta,32
2026-09-23T20:21:23+09:00,epsilon,4
2026-09-23T20:21:23+09:00,iota,2
2026-09-23T20:21:23+09:00,kappa,7
2026-09-23T20:21:23+09:00,lambda,18
2026-09-23T20:21:23+09:00,lounge,0
2026-09-23T20:21:23+09:00,mu,11
2026-09-23T20:21:23+09:00,omega,0
2026-09-23T20:21:23+09:00,omicron,9
2026-09-23T20:21:23+09:00,sigma,3
2026-09-23T20:21:23+09:00,tau,8
2026-09-23T20:21:23+09:00,theta,0
2026-09-23T20:21:23+09:00,all,103
2026-09-23T20:31:26+09:00,alpha,9
2026-09-23T20:31:26+09:00,delta,34
2026-09-23T20:31:26+09:00,epsilon,4
2026-09-23T20:31:26+09:00,iota,2
2026-09-23T20:31:26+09:00,kappa,7
2026-09-23T20:31:26+09:00,lambda,18
2026-09-23T20:31:26+09:00,lounge,0
2026-09-23T20:31:26+09:00,mu,11
2026-09-23T20:31:26+09:00,omega,0
2026-09-23T20:31:26+09:00,omicron,9
2026-09-23T20:31:26+09:00,sigma,3
2026-09-23T20:31:26+09:00,tau,8
2026-09-23T20:31:26+09:00,theta,0
2026-09-23T20:31:26+09:00,all,105
2026-09-23T20:41:28+09:00,alpha,9
2026-09-23T20:41:28+09:00,delta,34
2026-09-23T20:41:28+09:00,epsilon,4
2026-09-23T20:41:28+09:00,iota,2
2026-09-23T20:41:28+09:00,kappa,7
2026-09-23T20:41:28+09:00,lambda,16
2026-09-23T20:41:28+09:00,lounge,0
2026-09-23T20:41:28+09:00,mu,11
2026-09-23T20:41:28+09:00,omega,0
2026-09-23T20:41:28+09:00,omicron,9
2026-09-23T20:41:28+09:00,sigma,3
2026-09-23T20:41:28+09:00,tau,8
2026-09-23T20:41:28+09:00,theta,0
2026-09-23T20:41:28+09:00,all,103
2026-09-23T20:51:31+09:00,alpha,10
2026-09-23T20:51:31+09:00,delta,34
2026-09-23T20:51:31+09:00,epsilon,4
2026-09-23T20:51:31+09:00,iota,2
2026-09-23T20:51:31+09:00,kappa,8
2026-09-23T20:51:31+09:00,lambda,16
2026-09-23T20:51:31+09:00,lounge,0
2026-09-23T20:51:31+09:00,mu,11
2026-09-23T20:51:31+09:00,omega,0
2026-09-23T20:51:31+09:00,omicron,8
2026-09-23T20:51:31+09:00,sigma,3
2026-09-23T20:51:31+09:00,tau,8
2026-09-23T20:51:31+09:00,theta,0
2026-09-23T20:51:31+09:00,all,104
2026-09-23T21:01:37+09:00,alpha,9
2026-09-23T21:01:37+09:00,delta,34
2026-09-23T21:01:37+09:00,epsilon,4
2026-09-23T21:01:37+09:00,iota,2
2026-09-23T21:01:37+09:00,kappa,8
2026-09-23T21:01:37+09:00,lambda,17
2026-09-23T21:01:37+09:00,lounge,0
2026-09-23T21:01:37+09:00,mu,11
2026-09-23T21:01:37+09:00,omega,0
2026-09-23T21:01:37+09:00,omicron,8
2026-09-23T21:01:37+09:00,sigma,3
2026-09-23T21:01:37+09:00,tau,8
2026-09-23T21:01:37+09:00,theta,0
2026-09-23T21:01:37+09:00,all,104
2026-09-23T21:11:40+09:00,alpha,9
2026-09-23T21:11:40+09:00,delta,34
2026-09-23T21:11:40+09:00,epsilon,4
2026-09-23T21:11:40+09:00,iota,2
2026-09-23T21:11:40+09:00,kappa,8
2026-09-23T21:11:40+09:00,lambda,17
2026-09-23T21:11:40+09:00,lounge,0
2026-09-23T21:11:40+09:00,mu,12
2026-09-23T21:11:40+09:00,omega,0
2026-09-23T21:11:40+09:00,omicron,8
2026-09-23T21:11:40+09:00,sigma,3
2026-09-23T21:11:40+09:00,tau,8
2026-09-23T21:11:40+09:00,theta,0
2026-09-23T21:11:40+09:00,all,105
2026-09-23T21:21:44+09:00,alpha,9
2026-09-23T21:21:44+09:00,delta,34
2026-09-23T21:21:44+09:00,epsilon,4
2026-09-23T21:21:44+09:00,iota,2
2026-09-23T21:21:44+09:00,kappa,8
2026-09-23T21:21:44+09:00,lambda,16
2026-09-23T21:21:44+09:00,lounge,0
2026-09-23T21:21:44+09:00,mu,12
2026-09-23T21:21:44+09:00,omega,0
2026-09-23T21:21:44+09:00,omicron,8
2026-09-23T21:21:44+09:00,sigma,3
2026-09-23T21:21:44+09:00,tau,7
2026-09-23T21:21:44+09:00,theta,0
2026-09-23T21:21:44+09:00,all,103
2026-09-23T21:22:02+09:00,alpha,9
2026-09-23T21:22:02+09:00,delta,34
2026-09-23T21:22:02+09:00,epsilon,4
2026-09-23T21:22:02+09:00,iota,2
2026-09-23T21:22:02+09:00,kappa,8
2026-09-23T21:22:02+09:00,lambda,16
2026-09-23T21:22:02+09:00,lounge,0
2026-09-23T21:22:02+09:00,mu,12
2026-09-23T21:22:02+09:00,omega,0
2026-09-23T21:22:02+09:00,omicron,8
2026-09-23T21:22:02+09:00,sigma,3
2026-09-23T21:22:02+09:00,tau,7
2026-09-23T21:22:02+09:00,theta,0
2026-09-23T21:22:02+09:00,all,103
2026-09-23T21:32:06+09:00,alpha,9
2026-09-23T21:32:06+09:00,delta,34
2026-09-23T21:32:06+09:00,epsilon,4
2026-09-23T21:32:06+09:00,iota,2
2026-09-23T21:32:06+09:00,kappa,8
2026-09-23T21:32:06+09:00,lambda,16
2026-09-23T21:32:06+09:00,lounge,0
2026-09-23T21:32:06+09:00,mu,11
2026-09-23T21:32:06+09:00,omega,0
2026-09-23T21:32:06+09:00,omicron,8
2026-09-23T21:32:06+09:00,sigma,3
2026-09-23T21:32:06+09:00,tau,7
2026-09-23T21:32:06+09:00,theta,0
2026-09-23T21:32:06+09:00,all,102
2026-09-23T21:42:10+09:00,alpha,9
2026-09-23T21:42:10+09:00,delta,34
2026-09-23T21:42:10+09:00,epsilon,4
2026-09-23T21:42:10+09:00,iota,2
2026-09-23T21:42:10+09:00,kappa,8
2026-09-23T21:42:10+09:00,lambda,16
2026-09-23T21:42:10+09:00,lounge,0
2026-09-23T21:42:10+09:00,mu,11
2026-09-23T21:42:10+09:00,omega,0
2026-09-23T21:42:10+09:00,omicron,8
2026-09-23T21:42:10+09:00,sigma,3
2026-09-23T21:42:10+09:00,tau,7
2026-09-23T21:42:10+09:00,theta,0
2026-09-23T21:42:10+09:00,all,102
2026-09-23T21:52:15+09:00,alpha,9
2026-09-23T21:52:15+09:00,delta,34
2026-09-23T21:52:15+09:00,epsilon,4
2026-09-23T21:52:15+09:00,iota,2
2026-09-23T21:52:15+09:00,kappa,8
2026-09-23T21:52:15+09:00,lambda,16
2026-09-23T21:52:15+09:00,lounge,0
2026-09-23T21:52:15+09:00,mu,11
2026-09-23T21:52:15+09:00,omega,0
2026-09-23T21:52:15+09:00,omicron,8
2026-09-23T21:52:15+09:00,sigma,3
2026-09-23T21:52:15+09:00,tau,7
2026-09-23T21:52:15+09:00,theta,0
2026-09-23T21:52:15+09:00,all,102
2026-09-23T22:02:18+09:00,alpha,9
2026-09-23T22:02:18+09:00,delta,34
2026-09-23T22:02:18+09:00,epsilon,4
2026-09-23T22:02:18+09:00,iota,2
2026-09-23T22:02:18+09:00,kappa,8
2026-09-23T22:02:18+09:00,lambda,16
2026-09-23T22:02:18+09:00,lounge,0
2026-09-23T22:02:18+09:00,mu,11
2026-09-23T22:02:18+09:00,omega,0
2026-09-23T22:02:18+09:00,omicron,8
2026-09-23T22:02:18+09:00,sigma,3
2026-09-23T22:02:18+09:00,tau,7
2026-09-23T22:02:18+09:00,theta,0
2026-09-23T22:02:18+09:00,all,102
2026-09-23T22:12:24+09:00,alpha,9
2026-09-23T22:12:24+09:00,delta,34
2026-09-23T22:12:24+09:00,epsilon,4
2026-09-23T22:12:24+09:00,iota,2
2026-09-23T22:12:24+09:00,kappa,8
2026-09-23T22:12:24+09:00,lambda,16
2026-09-23T22:12:24+09:00,lounge,0
2026-09-23T22:12:24+09:00,mu,11
2026-09-23T22:12:24+09:00,omega,0
2026-09-23T22:12:24+09:00,omicron,8
2026-09-23T22:12:24+09:00,sigma,3
2026-09-23T22:12:24+09:00,tau,7
2026-09-23T22:12:24+09:00,theta,0
2026-09-23T22:12:24+09:00,all,102
2026-09-23T22:22:30+09:00,alpha,9
2026-09-23T22:22:30+09:00,delta,34
2026-09-23T22:22:30+09:00,epsilon,4
2026-09-23T22:22:30+09:00,iota,2
2026-09-23T22:22:30+09:00,kappa,8
2026-09-23T22:22:30+09:00,lambda,16
2026-09-23T22:22:30+09:00,lounge,0
2026-09-23T22:22:30+09:00,mu,11
2026-09-23T22:22:30+09:00,omega,0
2026-09-23T22:22:30+09:00,omicron,8
2026-09-23T22:22:30+09:00,sigma,3
2026-09-23T22:22:30+09:00,tau,7
2026-09-23T22:22:30+09:00,theta,0
2026-09-23T22:22:30+09:00,all,102
2026-09-23T22:32:33+09:00,alpha,9
2026-09-23T22:32:33+09:00,delta,34
2026-09-23T22:32:33+09:00,epsilon,4
2026-09-23T22:32:33+09:00,iota,2
2026-09-23T22:32:33+09:00,kappa,8
2026-09-23T22:32:33+09:00,lambda,16
2026-09-23T22:32:33+09:00,lounge,0
2026-09-23T22:32:33+09:00,mu,11
2026-09-23T22:32:33+09:00,omega,0
2026-09-23T22:32:33+09:00,omicron,8
2026-09-23T22:32:33+09:00,sigma,3
2026-09-23T22:32:33+09:00,tau,7
2026-09-23T22:32:33+09:00,theta,0
2026-09-23T22:32:33+09:00,all,102
2026-09-23T22:42:36+09:00,alpha,9
2026-09-23T22:42:36+09:00,delta,34
2026-09-23T22:42:36+09:00,epsilon,4
2026-09-23T22:42:36+09:00,iota,2
2026-09-23T22:42:36+09:00,kappa,6
2026-09-23T22:42:36+09:00,lambda,16
2026-09-23T22:42:36+09:00,lounge,0
2026-09-23T22:42:36+09:00,mu,11
2026-09-23T22:42:36+09:00,omega,0
2026-09-23T22:42:36+09:00,omicron,8
2026-09-23T22:42:36+09:00,sigma,3
2026-09-23T22:42:36+09:00,tau,7
2026-09-23T22:42:36+09:00,theta,0
2026-09-23T22:42:36+09:00,all,100
2026-09-23T22:52:40+09:00,alpha,9
2026-09-23T22:52:40+09:00,delta,34
2026-09-23T22:52:40+09:00,epsilon,4
2026-09-23T22:52:40+09:00,iota,2
2026-09-23T22:52:40+09:00,kappa,6
2026-09-23T22:52:40+09:00,lambda,16
2026-09-23T22:52:40+09:00,lounge,0
2026-09-23T22:52:40+09:00,mu,10
2026-09-23T22:52:40+09:00,omega,0
2026-09-23T22:52:40+09:00,omicron,8
2026-09-23T22:52:40+09:00,sigma,3
2026-09-23T22:52:40+09:00,tau,7
2026-09-23T22:52:40+09:00,theta,0
2026-09-23T22:52:40+09:00,all,99
2026-09-23T23:02:44+09:00,alpha,9
2026-09-23T23:02:44+09:00,delta,34
2026-09-23T23:02:44+09:00,epsilon,4
2026-09-23T23:02:44+09:00,iota,2
2026-09-23T23:02:44+09:00,kappa,6
2026-09-23T23:02:44+09:00,lambda,16
2026-09-23T23:02:44+09:00,lounge,0
2026-09-23T23:02:44+09:00,mu,11
2026-09-23T23:02:44+09:00,omega,0
2026-09-23T23:02:44+09:00,omicron,8
2026-09-23T23:02:44+09:00,sigma,3
2026-09-23T23:02:44+09:00,tau,7
2026-09-23T23:02:44+09:00,theta,0
2026-09-23T23:02:44+09:00,all,100
2026-09-23T23:12:56+09:00,alpha,9
2026-09-23T23:12:56+09:00,delta,34
2026-09-23T23:12:56+09:00,epsilon,4
2026-09-23T23:12:56+09:00,iota,2
2026-09-23T23:12:56+09:00,kappa,6
2026-09-23T23:12:56+09:00,lambda,16
2026-09-23T23:12:56+09:00,lounge,0
2026-09-23T23:12:56+09:00,mu,11
2026-09-23T23:12:56+09:00,omega,0
2026-09-23T23:12:56+09:00,omicron,8
2026-09-23T23:12:56+09:00,sigma,3
2026-09-23T23:12:56+09:00,tau,7
2026-09-23T23:12:56+09:00,theta,0
2026-09-23T23:12:56+09:00,all,100
2026-09-23T23:23:00+09:00,alpha,9
2026-09-23T23:23:00+09:00,delta,34
2026-09-23T23:23:00+09:00,epsilon,4
2026-09-23T23:23:00+09:00,iota,2
2026-09-23T23:23:00+09:00,kappa,6
2026-09-23T23:23:00+09:00,lambda,16
2026-09-23T23:23:00+09:00,lounge,0
2026-09-23T23:23:00+09:00,mu,11
2026-09-23T23:23:00+09:00,omega,0
2026-09-23T23:23:00+09:00,omicron,8
2026-09-23T23:23:00+09:00,sigma,3
2026-09-23T23:23:00+09:00,tau,8
2026-09-23T23:23:00+09:00,theta,1
2026-09-23T23:23:00+09:00,all,102
2026-09-23T23:33:06+09:00,alpha,9
2026-09-23T23:33:06+09:00,delta,33
2026-09-23T23:33:06+09:00,epsilon,4
2026-09-23T23:33:06+09:00,iota,2
2026-09-23T23:33:06+09:00,kappa,6
2026-09-23T23:33:06+09:00,lambda,16
2026-09-23T23:33:06+09:00,lounge,0
2026-09-23T23:33:06+09:00,mu,11
2026-09-23T23:33:06+09:00,omega,0
2026-09-23T23:33:06+09:00,omicron,8
2026-09-23T23:33:06+09:00,sigma,3
2026-09-23T23:33:06+09:00,tau,9
2026-09-23T23:33:06+09:00,theta,1
2026-09-23T23:33:06+09:00,all,102
2026-09-23T23:43:09+09:00,alpha,9
2026-09-23T23:43:09+09:00,delta,33
2026-09-23T23:43:09+09:00,epsilon,4
2026-09-23T23:43:09+09:00,iota,2
2026-09-23T23:43:09+09:00,kappa,6
2026-09-23T23:43:09+09:00,lambda,17
2026-09-23T23:43:09+09:00,lounge,0
2026-09-23T23:43:09+09:00,mu,11
2026-09-23T23:43:09+09:00,omega,2
2026-09-23T23:43:09+09:00,omicron,8
2026-09-23T23:43:09+09:00,sigma,3
2026-09-23T23:43:09+09:00,tau,8
2026-09-23T23:43:09+09:00,theta,3
2026-09-23T23:43:09+09:00,all,106
2026-09-23T23:53:14+09:00,alpha,9
2026-09-23T23:53:14+09:00,delta,32
2026-09-23T23:53:14+09:00,epsilon,4
2026-09-23T23:53:14+09:00,iota,2
2026-09-23T23:53:14+09:00,kappa,6
2026-09-23T23:53:14+09:00,lambda,16
2026-09-23T23:53:14+09:00,lounge,0
2026-09-23T23:53:14+09:00,mu,11
2026-09-23T23:53:14+09:00,omega,1
2026-09-23T23:53:14+09:00,omicron,8
2026-09-23T23:53:14+09:00,sigma,3
2026-09-23T23:53:14+09:00,tau,7
2026-09-23T23:53:14+09:00,theta,1
2026-09-23T23:53:14+09:00,all,100
2026-09-24T00:03:17+09:00,alpha,9
2026-09-24T00:03:17+09:00,delta,32
2026-09-24T00:03:17+09:00,epsilon,4
2026-09-24T00:03:17+09:00,iota,2
2026-09-24T00:03:17+09:00,kappa,6
2026-09-24T00:03:17+09:00,lambda,16
2026-09-24T00:03:17+09:00,lounge,0
2026-09-24T00:03:17+09:00,mu,11
2026-09-24T00:03:17+09:00,omega,0
2026-09-24T00:03:17+09:00,omicron,8
2026-09-24T00:03:17+09:00,sigma,3
2026-09-24T00:03:17+09:00,tau,7
2026-09-24T00:03:17+09:00,theta,0
2026-09-24T00:03:17+09:00,all,98
2026-09-24T00:13:17+09:00,alpha,9
2026-09-24T00:13:17+09:00,delta,32
2026-09-24T00:13:17+09:00,epsilon,4
2026-09-24T00:13:17+09:00,iota,2
2026-09-24T00:13:17+09:00,kappa,6
2026-09-24T00:13:17+09:00,lambda,16
2026-09-24T00:13:17+09:00,lounge,0
2026-09-24T00:13:17+09:00,mu,11
2026-09-24T00:13:17+09:00,omega,0
2026-09-24T00:13:17+09:00,omicron,8
2026-09-24T00:13:17+09:00,sigma,3
2026-09-24T00:13:17+09:00,tau,7
2026-09-24T00:13:17+09:00,theta,0
2026-09-24T00:13:17+09:00,all,98
2026-09-24T00:23:17+09:00,alpha,9
2026-09-24T00:23:17+09:00,delta,32
2026-09-24T00:23:17+09:00,epsilon,4
2026-09-24T00:23:17+09:00,iota,2
2026-09-24T00:23:17+09:00,kappa,6
2026-09-24T00:23:17+09:00,lambda,16
2026-09-24T00:23:17+09:00,lounge,0
2026-09-24T00:23:17+09:00,mu,11
2026-09-24T00:23:17+09:00,omega,0
2026-09-24T00:23:17+09:00,omicron,8
2026-09-24T00:23:17+09:00,sigma,3
2026-09-24T00:23:17+09:00,tau,7
2026-09-24T00:23:17+09:00,theta,0
2026-09-24T00:23:17+09:00,all,98
2026-09-24T00:33:17+09:00,alpha,9
2026-09-24T00:33:17+09:00,delta,32
2026-09-24T00:33:17+09:00,epsilon,4
2026-09-24T00:33:17+09:00,iota,2
2026-09-24T00:33:17+09:00,kappa,6
2026-09-24T00:33:17+09:00,lambda,16
2026-09-24T00:33:17+09:00,lounge,1
2026-09-24T00:33:17+09:00,mu,11
2026-09-24T00:33:17+09:00,omega,0
2026-09-24T00:33:17+09:00,omicron,8
2026-09-24T00:33:17+09:00,sigma,3
2026-09-24T00:33:17+09:00,tau,7
2026-09-24T00:33:17+09:00,theta,1
2026-09-24T00:33:17+09:00,all,100
2026-09-24T00:43:17+09:00,alpha,9
2026-09-24T00:43:17+09:00,delta,32
2026-09-24T00:43:17+09:00,epsilon,4
2026-09-24T00:43:17+09:00,iota,2
2026-09-24T00:43:17+09:00,kappa,6
2026-09-24T00:43:17+09:00,lambda,16
2026-09-24T00:43:17+09:00,lounge,1
2026-09-24T00:43:17+09:00,mu,11
2026-09-24T00:43:17+09:00,omega,0
2026-09-24T00:43:17+09:00,omicron,8
2026-09-24T00:43:17+09:00,sigma,3
2026-09-24T00:43:17+09:00,tau,7
2026-09-24T00:43:17+09:00,theta,1
2026-09-24T00:43:17+09:00,all,100
2026-09-24T00:53:17+09:00,alpha,9
2026-09-24T00:53:17+09:00,delta,32
2026-09-24T00:53:17+09:00,epsilon,4
2026-09-24T00:53:17+09:00,iota,2
2026-09-24T00:53:17+09:00,kappa,6
2026-09-24T00:53:17+09:00,lambda,16
2026-09-24T00:53:17+09:00,lounge,0
2026-09-24T00:53:17+09:00,mu,11
2026-09-24T00:53:17+09:00,omega,0
2026-09-24T00:53:17+09:00,omicron,8
2026-09-24T00:53:17+09:00,sigma,3
2026-09-24T00:53:17+09:00,tau,7
2026-09-24T00:53:17+09:00,theta,0
2026-09-24T00:53:17+09:00,all,98
2026-09-24T01:03:17+09:00,alpha,9
2026-09-24T01:03:17+09:00,delta,32
2026-09-24T01:03:17+09:00,epsilon,4
2026-09-24T01:03:17+09:00,iota,2
2026-09-24T01:03:17+09:00,kappa,6
2026-09-24T01:03:17+09:00,lambda,16
2026-09-24T01:03:17+09:00,lounge,0
2026-09-24T01:03:17+09:00,mu,11
2026-09-24T01:03:17+09:00,omega,0
2026-09-24T01:03:17+09:00,omicron,8
2026-09-24T01:03:17+09:00,sigma,3
2026-09-24T01:03:17+09:00,tau,7
2026-09-24T01:03:17+09:00,theta,0
2026-09-24T01:03:17+09:00,all,98
2026-09-24T01:13:17+09:00,alpha,9
2026-09-24T01:13:17+09:00,delta,32
2026-09-24T01:13:17+09:00,epsilon,4
2026-09-24T01:13:17+09:00,iota,2
2026-09-24T01:13:17+09:00,kappa,6
2026-09-24T01:13:17+09:00,lambda,15
2026-09-24T01:13:17+09:00,lounge,0
2026-09-24T01:13:17+09:00,mu,11
2026-09-24T01:13:17+09:00,omega,0
2026-09-24T01:13:17+09:00,omicron,8
2026-09-24T01:13:17+09:00,sigma,3
2026-09-24T01:13:17+09:00,tau,7
2026-09-24T01:13:17+09:00,theta,0
2026-09-24T01:13:17+09:00,all,97
2026-09-24T01:23:17+09:00,alpha,9
2026-09-24T01:23:17+09:00,delta,32
2026-09-24T01:23:17+09:00,epsilon,4
2026-09-24T01:23:17+09:00,iota,2
2026-09-24T01:23:17+09:00,kappa,6
2026-09-24T01:23:17+09:00,lambda,16
2026-09-24T01:23:17+09:00,lounge,0
2026-09-24T01:23:17+09:00,mu,11
2026-09-24T01:23:17+09:00,omega,0
2026-09-24T01:23:17+09:00,omicron,8
2026-09-24T01:23:17+09:00,sigma,3
2026-09-24T01:23:17+09:00,tau,7
2026-09-24T01:23:17+09:00,theta,0
2026-09-24T01:23:17+09:00,all,98
2026-09-24T01:33:17+09:00,alpha,9
2026-09-24T01:33:17+09:00,delta,32
2026-09-24T01:33:17+09:00,epsilon,4
2026-09-24T01:33:17+09:00,iota,2
2026-09-24T01:33:17+09:00,kappa,6
2026-09-24T01:33:17+09:00,lambda,16
2026-09-24T01:33:17+09:00,lounge,0
2026-09-24T01:33:17+09:00,mu,11
2026-09-24T01:33:17+09:00,omega,0
2026-09-24T01:33:17+09:00,omicron,8
2026-09-24T01:33:17+09:00,sigma,3
2026-09-24T01:33:17+09:00,tau,7
2026-09-24T01:33:17+09:00,theta,2
2026-09-24T01:33:17+09:00,all,100
2026-09-24T01:43:17+09:00,alpha,9
2026-09-24T01:43:17+09:00,delta,32
2026-09-24T01:43:17+09:00,epsilon,4
2026-09-24T01:43:17+09:00,iota,2
2026-09-24T01:43:17+09:00,kappa,6
2026-09-24T01:43:17+09:00,lambda,16
2026-09-24T01:43:17+09:00,lounge,0
2026-09-24T01:43:17+09:00,mu,11
2026-09-24T01:43:17+09:00,omega,0
2026-09-24T01:43:17+09:00,omicron,8
2026-09-24T01:43:17+09:00,sigma,3
2026-09-24T01:43:17+09:00,tau,7
2026-09-24T01:43:17+09:00,theta,0
2026-09-24T01:43:17+09:00,all,98
2026-09-24T01:50:40+09:00,alpha,9
2026-09-24T01:50:40+09:00,delta,32
2026-09-24T01:50:40+09:00,epsilon,4
2026-09-24T01:50:40+09:00,iota,2
2026-09-24T01:50:40+09:00,kappa,6
2026-09-24T01:50:40+09:00,lambda,16
2026-09-24T01:50:40+09:00,lounge,0
2026-09-24T01:50:40+09:00,mu,11
2026-09-24T01:50:40+09:00,omega,0
2026-09-24T01:50:40+09:00,omicron,8
2026-09-24T01:50:40+09:00,sigma,3
2026-09-24T01:50:40+09:00,tau,7
2026-09-24T01:50:40+09:00,theta,0
2026-09-24T01:50:40+09:00,all,98
2026-09-24T02:00:44+09:00,alpha,9
2026-09-24T02:00:44+09:00,delta,32
2026-09-24T02:00:44+09:00,epsilon,4
2026-09-24T02:00:44+09:00,iota,2
2026-09-24T02:00:44+09:00,kappa,6
2026-09-24T02:00:44+09:00,lambda,16
2026-09-24T02:00:44+09:00,lounge,0
2026-09-24T02:00:44+09:00,mu,11
2026-09-24T02:00:44+09:00,omega,0
2026-09-24T02:00:44+09:00,omicron,8
2026-09-24T02:00:44+09:00,sigma,3
2026-09-24T02:00:44+09:00,tau,7
2026-09-24T02:00:44+09:00,theta,0
2026-09-24T02:00:44+09:00,all,98
2026-09-24T02:10:48+09:00,alpha,9
2026-09-24T02:10:48+09:00,delta,32
2026-09-24T02:10:48+09:00,epsilon,4
2026-09-24T02:10:48+09:00,iota,2
2026-09-24T02:10:48+09:00,kappa,6
2026-09-24T02:10:48+09:00,lambda,16
2026-09-24T02:10:48+09:00,lounge,0
2026-09-24T02:10:48+09:00,mu,11
2026-09-24T02:10:48+09:00,omega,0
2026-09-24T02:10:48+09:00,omicron,8
2026-09-24T02:10:48+09:00,sigma,3
2026-09-24T02:10:48+09:00,tau,7
2026-09-24T02:10:48+09:00,theta,0
2026-09-24T02:10:48+09:00,all,98
2026-09-24T02:20:55+09:00,alpha,9
2026-09-24T02:20:55+09:00,delta,32
2026-09-24T02:20:55+09:00,epsilon,4
2026-09-24T02:20:55+09:00,iota,2
2026-09-24T02:20:55+09:00,kappa,6
2026-09-24T02:20:55+09:00,lambda,16
2026-09-24T02:20:55+09:00,lounge,0
2026-09-24T02:20:55+09:00,mu,11
2026-09-24T02:20:55+09:00,omega,0
2026-09-24T02:20:55+09:00,omicron,8
2026-09-24T02:20:55+09:00,sigma,3
2026-09-24T02:20:55+09:00,tau,7
2026-09-24T02:20:55+09:00,theta,0
2026-09-24T02:20:55+09:00,all,98
2026-09-24T02:30:58+09:00,alpha,9
2026-09-24T02:30:58+09:00,delta,32
2026-09-24T02:30:58+09:00,epsilon,4
2026-09-24T02:30:58+09:00,iota,2
2026-09-24T02:30:58+09:00,kappa,6
2026-09-24T02:30:58+09:00,lambda,16
2026-09-24T02:30:58+09:00,lounge,0
2026-09-24T02:30:58+09:00,mu,11
2026-09-24T02:30:58+09:00,omega,0
2026-09-24T02:30:58+09:00,omicron,9
2026-09-24T02:30:58+09:00,sigma,3
2026-09-24T02:30:58+09:00,tau,4
2026-09-24T02:30:58+09:00,theta,1
2026-09-24T02:30:58+09:00,all,97
2026-09-24T02:41:01+09:00,alpha,9
2026-09-24T02:41:01+09:00,delta,32
2026-09-24T02:41:01+09:00,epsilon,4
2026-09-24T02:41:01+09:00,iota,2
2026-09-24T02:41:01+09:00,kappa,6
2026-09-24T02:41:01+09:00,lambda,16
2026-09-24T02:41:01+09:00,lounge,0
2026-09-24T02:41:01+09:00,mu,11
2026-09-24T02:41:01+09:00,omega,0
2026-09-24T02:41:01+09:00,omicron,9
2026-09-24T02:41:01+09:00,sigma,3
2026-09-24T02:41:01+09:00,tau,4
2026-09-24T02:41:01+09:00,theta,1
2026-09-24T02:41:01+09:00,all,97
2026-09-24T02:51:04+09:00,alpha,9
2026-09-24T02:51:04+09:00,delta,32
2026-09-24T02:51:04+09:00,epsilon,4
2026-09-24T02:51:04+09:00,iota,1
2026-09-24T02:51:04+09:00,kappa,6
2026-09-24T02:51:04+09:00,lambda,16
2026-09-24T02:51:04+09:00,lounge,0
2026-09-24T02:51:04+09:00,mu,11
2026-09-24T02:51:04+09:00,omega,0
2026-09-24T02:51:04+09:00,omicron,8
2026-09-24T02:51:04+09:00,sigma,3
2026-09-24T02:51:04+09:00,tau,4
2026-09-24T02:51:04+09:00,theta,0
2026-09-24T02:51:04+09:00,all,94
2026-09-24T03:01:07+09:00,alpha,9
2026-09-24T03:01:07+09:00,delta,32
2026-09-24T03:01:07+09:00,epsilon,4
2026-09-24T03:01:07+09:00,iota,2
2026-09-24T03:01:07+09:00,kappa,6
2026-09-24T03:01:07+09:00,lambda,16
2026-09-24T03:01:07+09:00,lounge,0
2026-09-24T03:01:07+09:00,mu,11
2026-09-24T03:01:07+09:00,omega,0
2026-09-24T03:01:07+09:00,omicron,8
2026-09-24T03:01:07+09:00,sigma,3
2026-09-24T03:01:07+09:00,tau,4
2026-09-24T03:01:07+09:00,theta,0
2026-09-24T03:01:07+09:00,all,95
2026-09-24T03:11:10+09:00,alpha,9
2026-09-24T03:11:10+09:00,delta,32
2026-09-24T03:11:10+09:00,epsilon,4
2026-09-24T03:11:10+09:00,iota,2
2026-09-24T03:11:10+09:00,kappa,6
2026-09-24T03:11:10+09:00,lambda,16
2026-09-24T03:11:10+09:00,lounge,0
2026-09-24T03:11:10+09:00,mu,11
2026-09-24T03:11:10+09:00,omega,0
2026-09-24T03:11:10+09:00,omicron,8
2026-09-24T03:11:10+09:00,sigma,3
2026-09-24T03:11:10+09:00,tau,4
2026-09-24T03:11:10+09:00,theta,0
2026-09-24T03:11:10+09:00,all,95
2026-09-24T03:21:13+09:00,alpha,9
2026-09-24T03:21:13+09:00,delta,32
2026-09-24T03:21:13+09:00,epsilon,4
2026-09-24T03:21:13+09:00,iota,2
2026-09-24T03:21:13+09:00,kappa,6
2026-09-24T03:21:13+09:00,lambda,16
2026-09-24T03:21:13+09:00,lounge,0
2026-09-24T03:21:13+09:00,mu,11
2026-09-24T03:21:13+09:00,omega,0
2026-09-24T03:21:13+09:00,omicron,8
2026-09-24T03:21:13+09:00,sigma,3
2026-09-24T03:21:13+09:00,tau,4
2026-09-24T03:21:13+09:00,theta,0
2026-09-24T03:21:13+09:00,all,95
2026-09-24T03:31:15+09:00,alpha,9
2026-09-24T03:31:15+09:00,delta,32
2026-09-24T03:31:15+09:00,epsilon,4
2026-09-24T03:31:15+09:00,iota,2
2026-09-24T03:31:15+09:00,kappa,5
2026-09-24T03:31:15+09:00,lambda,16
2026-09-24T03:31:15+09:00,lounge,0
2026-09-24T03:31:15+09:00,mu,12
2026-09-24T03:31:15+09:00,omega,0
2026-09-24T03:31:15+09:00,omicron,8
2026-09-24T03:31:15+09:00,sigma,3
2026-09-24T03:31:15+09:00,tau,4
2026-09-24T03:31:15+09:00,theta,0
2026-09-24T03:31:15+09:00,all,95
2026-09-24T03:41:26+09:00,alpha,9
2026-09-24T03:41:26+09:00,delta,32
2026-09-24T03:41:26+09:00,epsilon,4
2026-09-24T03:41:26+09:00,iota,2
2026-09-24T03:41:26+09:00,kappa,6
2026-09-24T03:41:26+09:00,lambda,16
2026-09-24T03:41:26+09:00,lounge,0
2026-09-24T03:41:26+09:00,mu,12
2026-09-24T03:41:26+09:00,omega,0
2026-09-24T03:41:26+09:00,omicron,8
2026-09-24T03:41:26+09:00,sigma,3
2026-09-24T03:41:26+09:00,tau,4
2026-09-24T03:41:26+09:00,theta,0
2026-09-24T03:41:26+09:00,all,96
2026-09-24T03:51:29+09:00,alpha,9
2026-09-24T03:51:29+09:00,delta,32
2026-09-24T03:51:29+09:00,epsilon,4
2026-09-24T03:51:29+09:00,iota,2
2026-09-24T03:51:29+09:00,kappa,6
2026-09-24T03:51:29+09:00,lambda,16
2026-09-24T03:51:29+09:00,lounge,0
2026-09-24T03:51:29+09:00,mu,12
2026-09-24T03:51:29+09:00,omega,0
2026-09-24T03:51:29+09:00,omicron,8
2026-09-24T03:51:29+09:00,sigma,3
2026-09-24T03:51:29+09:00,tau,4
2026-09-24T03:51:29+09:00,theta,0
2026-09-24T03:51:29+09:00,all,96
2026-09-24T04:01:32+09:00,alpha,9
2026-09-24T04:01:32+09:00,delta,32
2026-09-24T04:01:32+09:00,epsilon,4
2026-09-24T04:01:32+09:00,iota,2
2026-09-24T04:01:32+09:00,kappa,6
2026-09-24T04:01:32+09:00,lambda,16
2026-09-24T04:01:32+09:00,lounge,0
2026-09-24T04:01:32+09:00,mu,12
2026-09-24T04:01:32+09:00,omega,0
2026-09-24T04:01:32+09:00,omicron,8
2026-09-24T04:01:32+09:00,sigma,3
2026-09-24T04:01:32+09:00,tau,4
2026-09-24T04:01:32+09:00,theta,0
2026-09-24T04:01:32+09:00,all,96
2026-09-24T04:11:35+09:00,alpha,9
2026-09-24T04:11:35+09:00,delta,32
2026-09-24T04:11:35+09:00,epsilon,4
2026-09-24T04:11:35+09:00,iota,2
2026-09-24T04:11:35+09:00,kappa,6
2026-09-24T04:11:35+09:00,lambda,16
2026-09-24T04:11:35+09:00,lounge,0
2026-09-24T04:11:35+09:00,mu,12
2026-09-24T04:11:35+09:00,omega,0
2026-09-24T04:11:35+09:00,omicron,8
2026-09-24T04:11:35+09:00,sigma,3
2026-09-24T04:11:35+09:00,tau,4
2026-09-24T04:11:35+09:00,theta,0
2026-09-24T04:11:35+09:00,all,96
2026-09-24T04:21:39+09:00,alpha,9
2026-09-24T04:21:39+09:00,delta,32
2026-09-24T04:21:39+09:00,epsilon,4
2026-09-24T04:21:39+09:00,iota,2
2026-09-24T04:21:39+09:00,kappa,6
2026-09-24T04:21:39+09:00,lambda,16
2026-09-24T04:21:39+09:00,lounge,0
2026-09-24T04:21:39+09:00,mu,12
2026-09-24T04:21:39+09:00,omega,0
2026-09-24T04:21:39+09:00,omicron,8
2026-09-24T04:21:39+09:00,sigma,3
2026-09-24T04:21:39+09:00,tau,4
2026-09-24T04:21:39+09:00,theta,0
2026-09-24T04:21:39+09:00,all,96
2026-09-24T04:31:42+09:00,alpha,9
2026-09-24T04:31:42+09:00,delta,32
2026-09-24T04:31:42+09:00,epsilon,4
2026-09-24T04:31:42+09:00,iota,2
2026-09-24T04:31:42+09:00,kappa,6
2026-09-24T04:31:42+09:00,lambda,16
2026-09-24T04:31:42+09:00,lounge,0
2026-09-24T04:31:42+09:00,mu,12
2026-09-24T04:31:42+09:00,omega,0
2026-09-24T04:31:42+09:00,omicron,8
2026-09-24T04:31:42+09:00,sigma,3
2026-09-24T04:31:42+09:00,tau,4
2026-09-24T04:31:42+09:00,theta,0
2026-09-24T04:31:42+09:00,all,96
2026-09-24T04:41:45+09:00,alpha,9
2026-09-24T04:41:45+09:00,delta,32
2026-09-24T04:41:45+09:00,epsilon,4
2026-09-24T04:41:45+09:00,iota,2
2026-09-24T04:41:45+09:00,kappa,6
2026-09-24T04:41:45+09:00,lambda,16
2026-09-24T04:41:45+09:00,lounge,0
2026-09-24T04:41:45+09:00,mu,12
2026-09-24T04:41:45+09:00,omega,0
2026-09-24T04:41:45+09:00,omicron,8
2026-09-24T04:41:45+09:00,sigma,3
2026-09-24T04:41:45+09:00,tau,4
2026-09-24T04:41:45+09:00,theta,0
2026-09-24T04:41:45+09:00,all,96
2026-09-24T04:51:48+09:00,alpha,9
2026-09-24T04:51:48+09:00,delta,32
2026-09-24T04:51:48+09:00,epsilon,4
2026-09-24T04:51:48+09:00,iota,2
2026-09-24T04:51:48+09:00,kappa,6
2026-09-24T04:51:48+09:00,lambda,16
2026-09-24T04:51:48+09:00,lounge,0
2026-09-24T04:51:48+09:00,mu,12
2026-09-24T04:51:48+09:00,omega,0
2026-09-24T04:51:48+09:00,omicron,8
2026-09-24T04:51:48+09:00,sigma,3
2026-09-24T04:51:48+09:00,tau,4
2026-09-24T04:51:48+09:00,theta,0
2026-09-24T04:51:48+09:00,all,96
2026-09-24T05:01:51+09:00,alpha,9
2026-09-24T05:01:51+09:00,delta,32
2026-09-24T05:01:51+09:00,epsilon,4
2026-09-24T05:01:51+09:00,iota,2
2026-09-24T05:01:51+09:00,kappa,6
2026-09-24T05:01:51+09:00,lambda,16
2026-09-24T05:01:51+09:00,lounge,0
2026-09-24T05:01:51+09:00,mu,12
2026-09-24T05:01:51+09:00,omega,0
2026-09-24T05:01:51+09:00,omicron,8
2026-09-24T05:01:51+09:00,sigma,3
2026-09-24T05:01:51+09:00,tau,4
2026-09-24T05:01:51+09:00,theta,0
2026-09-24T05:01:51+09:00,all,96
2026-09-24T05:11:53+09:00,alpha,9
2026-09-24T05:11:53+09:00,delta,32
2026-09-24T05:11:53+09:00,epsilon,4
2026-09-24T05:11:53+09:00,iota,2
2026-09-24T05:11:53+09:00,kappa,6
2026-09-24T05:11:53+09:00,lambda,16
2026-09-24T05:11:53+09:00,lounge,0
2026-09-24T05:11:53+09:00,mu,12
2026-09-24T05:11:53+09:00,omega,0
2026-09-24T05:11:53+09:00,omicron,8
2026-09-24T05:11:53+09:00,sigma,3
2026-09-24T05:11:53+09:00,tau,4
2026-09-24T05:11:53+09:00,theta,0
2026-09-24T05:11:53+09:00,all,96
2026-09-24T05:21:56+09:00,alpha,9
2026-09-24T05:21:56+09:00,delta,32
2026-09-24T05:21:56+09:00,epsilon,4
2026-09-24T05:21:56+09:00,iota,2
2026-09-24T05:21:56+09:00,kappa,6
2026-09-24T05:21:56+09:00,lambda,16
2026-09-24T05:21:56+09:00,lounge,0
2026-09-24T05:21:56+09:00,mu,12
2026-09-24T05:21:56+09:00,omega,0
2026-09-24T05:21:56+09:00,omicron,8
2026-09-24T05:21:56+09:00,sigma,3
2026-09-24T05:21:56+09:00,tau,4
2026-09-24T05:21:56+09:00,theta,0
2026-09-24T05:21:56+09:00,all,96
2026-09-24T05:31:58+09:00,alpha,9
2026-09-24T05:31:58+09:00,delta,32
2026-09-24T05:31:58+09:00,epsilon,4
2026-09-24T05:31:58+09:00,iota,2
2026-09-24T05:31:58+09:00,kappa,6
2026-09-24T05:31:58+09:00,lambda,16
2026-09-24T05:31:58+09:00,lounge,0
2026-09-24T05:31:58+09:00,mu,12
2026-09-24T05:31:58+09:00,omega,0
2026-09-24T05:31:58+09:00,omicron,8
2026-09-24T05:31:58+09:00,sigma,3
2026-09-24T05:31:58+09:00,tau,4
2026-09-24T05:31:58+09:00,theta,0
2026-09-24T05:31:58+09:00,all,96
2026-09-24T05:42:01+09:00,alpha,9
2026-09-24T05:42:01+09:00,delta,32
2026-09-24T05:42:01+09:00,epsilon,4
2026-09-24T05:42:01+09:00,iota,2
2026-09-24T05:42:01+09:00,kappa,6
2026-09-24T05:42:01+09:00,lambda,16
2026-09-24T05:42:01+09:00,lounge,0
2026-09-24T05:42:01+09:00,mu,12
2026-09-24T05:42:01+09:00,omega,0
2026-09-24T05:42:01+09:00,omicron,8
2026-09-24T05:42:01+09:00,sigma,3
2026-09-24T05:42:01+09:00,tau,4
2026-09-24T05:42:01+09:00,theta,0
2026-09-24T05:42:01+09:00,all,96
2026-09-24T05:52:04+09:00,alpha,9
2026-09-24T05:52:04+09:00,delta,32
2026-09-24T05:52:04+09:00,epsilon,4
2026-09-24T05:52:04+09:00,iota,2
2026-09-24T05:52:04+09:00,kappa,6
2026-09-24T05:52:04+09:00,lambda,16
2026-09-24T05:52:04+09:00,lounge,0
2026-09-24T05:52:04+09:00,mu,12
2026-09-24T05:52:04+09:00,omega,0
2026-09-24T05:52:04+09:00,omicron,8
2026-09-24T05:52:04+09:00,sigma,3
2026-09-24T05:52:04+09:00,tau,4
2026-09-24T05:52:04+09:00,theta,0
2026-09-24T05:52:04+09:00,all,96
2026-09-24T06:02:07+09:00,alpha,9
2026-09-24T06:02:07+09:00,delta,32
2026-09-24T06:02:07+09:00,epsilon,4
2026-09-24T06:02:07+09:00,iota,2
2026-09-24T06:02:07+09:00,kappa,6
2026-09-24T06:02:07+09:00,lambda,16
2026-09-24T06:02:07+09:00,lounge,0
2026-09-24T06:02:07+09:00,mu,13
2026-09-24T06:02:07+09:00,omega,0
2026-09-24T06:02:07+09:00,omicron,8
2026-09-24T06:02:07+09:00,sigma,3
2026-09-24T06:02:07+09:00,tau,4
2026-09-24T06:02:07+09:00,theta,0
2026-09-24T06:02:07+09:00,all,97
2026-09-24T06:12:10+09:00,alpha,9
2026-09-24T06:12:10+09:00,delta,32
2026-09-24T06:12:10+09:00,epsilon,4
2026-09-24T06:12:10+09:00,iota,2
2026-09-24T06:12:10+09:00,kappa,6
2026-09-24T06:12:10+09:00,lambda,16
2026-09-24T06:12:10+09:00,lounge,0
2026-09-24T06:12:10+09:00,mu,13
2026-09-24T06:12:10+09:00,omega,0
2026-09-24T06:12:10+09:00,omicron,8
2026-09-24T06:12:10+09:00,sigma,3
2026-09-24T06:12:10+09:00,tau,4
2026-09-24T06:12:10+09:00,theta,0
2026-09-24T06:12:10+09:00,all,97
2026-09-24T06:22:13+09:00,alpha,9
2026-09-24T06:22:13+09:00,delta,32
2026-09-24T06:22:13+09:00,epsilon,4
2026-09-24T06:22:13+09:00,iota,2
2026-09-24T06:22:13+09:00,kappa,6
2026-09-24T06:22:13+09:00,lambda,16
2026-09-24T06:22:13+09:00,lounge,0
2026-09-24T06:22:13+09:00,mu,11
2026-09-24T06:22:13+09:00,omega,0
2026-09-24T06:22:13+09:00,omicron,8
2026-09-24T06:22:13+09:00,sigma,3
2026-09-24T06:22:13+09:00,tau,4
2026-09-24T06:22:13+09:00,theta,0
2026-09-24T06:22:13+09:00,all,95
2026-09-24T06:32:15+09:00,alpha,9
2026-09-24T06:32:15+09:00,delta,32
2026-09-24T06:32:15+09:00,epsilon,4
2026-09-24T06:32:15+09:00,iota,2
2026-09-24T06:32:15+09:00,kappa,6
2026-09-24T06:32:15+09:00,lambda,16
2026-09-24T06:32:15+09:00,lounge,0
2026-09-24T06:32:15+09:00,mu,11
2026-09-24T06:32:15+09:00,omega,0
2026-09-24T06:32:15+09:00,omicron,8
2026-09-24T06:32:15+09:00,sigma,3
2026-09-24T06:32:15+09:00,tau,4
2026-09-24T06:32:15+09:00,theta,0
2026-09-24T06:32:15+09:00,all,95
2026-09-24T06:42:18+09:00,alpha,9
2026-09-24T06:42:18+09:00,delta,31
2026-09-24T06:42:18+09:00,epsilon,4
2026-09-24T06:42:18+09:00,iota,2
2026-09-24T06:42:18+09:00,kappa,7
2026-09-24T06:42:18+09:00,lambda,16
2026-09-24T06:42:18+09:00,lounge,0
2026-09-24T06:42:18+09:00,mu,11
2026-09-24T06:42:18+09:00,omega,0
2026-09-24T06:42:18+09:00,omicron,8
2026-09-24T06:42:18+09:00,sigma,3
2026-09-24T06:42:18+09:00,tau,4
2026-09-24T06:42:18+09:00,theta,0
2026-09-24T06:42:18+09:00,all,95
2026-09-24T06:52:20+09:00,alpha,9
2026-09-24T06:52:20+09:00,delta,31
2026-09-24T06:52:20+09:00,epsilon,4
2026-09-24T06:52:20+09:00,iota,2
2026-09-24T06:52:20+09:00,kappa,6
2026-09-24T06:52:20+09:00,lambda,16
2026-09-24T06:52:20+09:00,lounge,0
2026-09-24T06:52:20+09:00,mu,11
2026-09-24T06:52:20+09:00,omega,0
2026-09-24T06:52:20+09:00,omicron,8
2026-09-24T06:52:20+09:00,sigma,3
2026-09-24T06:52:20+09:00,tau,4
2026-09-24T06:52:20+09:00,theta,0
2026-09-24T06:52:20+09:00,all,94
2026-09-24T07:02:23+09:00,alpha,9
2026-09-24T07:02:23+09:00,delta,31
2026-09-24T07:02:23+09:00,epsilon,4
2026-09-24T07:02:23+09:00,iota,2
2026-09-24T07:02:23+09:00,kappa,6
2026-09-24T07:02:23+09:00,lambda,16
2026-09-24T07:02:23+09:00,lounge,0
2026-09-24T07:02:23+09:00,mu,11
2026-09-24T07:02:23+09:00,omega,0
2026-09-24T07:02:23+09:00,omicron,8
2026-09-24T07:02:23+09:00,sigma,3
2026-09-24T07:02:23+09:00,tau,4
2026-09-24T07:02:23+09:00,theta,0
2026-09-24T07:02:23+09:00,all,94
2026-09-24T07:12:26+09:00,alpha,9
2026-09-24T07:12:26+09:00,delta,31
2026-09-24T07:12:26+09:00,epsilon,4
2026-09-24T07:12:26+09:00,iota,2
2026-09-24T07:12:26+09:00,kappa,6
2026-09-24T07:12:26+09:00,lambda,15
2026-09-24T07:12:26+09:00,lounge,1
2026-09-24T07:12:26+09:00,mu,11
2026-09-24T07:12:26+09:00,omega,0
2026-09-24T07:12:26+09:00,omicron,8
2026-09-24T07:12:26+09:00,sigma,3
2026-09-24T07:12:26+09:00,tau,4
2026-09-24T07:12:26+09:00,theta,0
2026-09-24T07:12:26+09:00,all,94
2026-09-24T07:12:39+09:00,alpha,9
2026-09-24T07:12:39+09:00,delta,31
2026-09-24T07:12:39+09:00,epsilon,4
2026-09-24T07:12:39+09:00,iota,2
2026-09-24T07:12:39+09:00,kappa,6
2026-09-24T07:12:39+09:00,lambda,15
2026-09-24T07:12:39+09:00,lounge,1
2026-09-24T07:12:39+09:00,mu,11
2026-09-24T07:12:39+09:00,omega,0
2026-09-24T07:12:39+09:00,omicron,8
2026-09-24T07:12:39+09:00,sigma,3
2026-09-24T07:12:39+09:00,tau,4
2026-09-24T07:12:39+09:00,theta,0
2026-09-24T07:12:39+09:00,all,94
2026-09-24T07:22:41+09:00,alpha,9
2026-09-24T07:22:41+09:00,delta,31
2026-09-24T07:22:41+09:00,epsilon,4
2026-09-24T07:22:41+09:00,iota,2
2026-09-24T07:22:41+09:00,kappa,6
2026-09-24T07:22:41+09:00,lambda,16
2026-09-24T07:22:41+09:00,lounge,1
2026-09-24T07:22:41+09:00,mu,11
2026-09-24T07:22:41+09:00,omega,0
2026-09-24T07:22:41+09:00,omicron,8
2026-09-24T07:22:41+09:00,sigma,3
2026-09-24T07:22:41+09:00,tau,4
2026-09-24T07:22:41+09:00,theta,1
2026-09-24T07:22:41+09:00,all,96
2026-09-24T07:32:44+09:00,alpha,9
2026-09-24T07:32:44+09:00,delta,31
2026-09-24T07:32:44+09:00,epsilon,4
2026-09-24T07:32:44+09:00,iota,2
2026-09-24T07:32:44+09:00,kappa,6
2026-09-24T07:32:44+09:00,lambda,15
2026-09-24T07:32:44+09:00,lounge,0
2026-09-24T07:32:44+09:00,mu,12
2026-09-24T07:32:44+09:00,omega,0
2026-09-24T07:32:44+09:00,omicron,8
2026-09-24T07:32:44+09:00,sigma,3
2026-09-24T07:32:44+09:00,tau,4
2026-09-24T07:32:44+09:00,theta,0
2026-09-24T07:32:44+09:00,all,94
2026-09-24T07:42:47+09:00,alpha,9
2026-09-24T07:42:47+09:00,delta,31
2026-09-24T07:42:47+09:00,epsilon,4
2026-09-24T07:42:47+09:00,iota,2
2026-09-24T07:42:47+09:00,kappa,6
2026-09-24T07:42:47+09:00,lambda,16
2026-09-24T07:42:47+09:00,lounge,0
2026-09-24T07:42:47+09:00,mu,13
2026-09-24T07:42:47+09:00,omega,0
2026-09-24T07:42:47+09:00,omicron,8
2026-09-24T07:42:47+09:00,sigma,3
2026-09-24T07:42:47+09:00,tau,4
2026-09-24T07:42:47+09:00,theta,0
2026-09-24T07:42:47+09:00,all,96
2026-09-24T07:52:49+09:00,alpha,10
2026-09-24T07:52:49+09:00,delta,31
2026-09-24T07:52:49+09:00,epsilon,4
2026-09-24T07:52:49+09:00,iota,2
2026-09-24T07:52:49+09:00,kappa,6
2026-09-24T07:52:49+09:00,lambda,16
2026-09-24T07:52:49+09:00,lounge,0
2026-09-24T07:52:49+09:00,mu,12
2026-09-24T07:52:49+09:00,omega,0
2026-09-24T07:52:49+09:00,omicron,8
2026-09-24T07:52:49+09:00,sigma,3
2026-09-24T07:52:49+09:00,tau,4
2026-09-24T07:52:49+09:00,theta,0
2026-09-24T07:52:49+09:00,all,96
2026-09-24T08:02:52+09:00,alpha,12
2026-09-24T08:02:52+09:00,delta,31
2026-09-24T08:02:52+09:00,epsilon,4
2026-09-24T08:02:52+09:00,iota,2
2026-09-24T08:02:52+09:00,kappa,6
2026-09-24T08:02:52+09:00,lambda,16
2026-09-24T08:02:52+09:00,lounge,0
2026-09-24T08:02:52+09:00,mu,12
2026-09-24T08:02:52+09:00,omega,0
2026-09-24T08:02:52+09:00,omicron,8
2026-09-24T08:02:52+09:00,sigma,3
2026-09-24T08:02:52+09:00,tau,4
2026-09-24T08:02:52+09:00,theta,0
2026-09-24T08:02:52+09:00,all,98
2026-09-24T08:12:55+09:00,alpha,13
2026-09-24T08:12:55+09:00,delta,31
2026-09-24T08:12:55+09:00,epsilon,4
2026-09-24T08:12:55+09:00,iota,2
2026-09-24T08:12:55+09:00,kappa,6
2026-09-24T08:12:55+09:00,lambda,16
2026-09-24T08:12:55+09:00,lounge,0
2026-09-24T08:12:55+09:00,mu,12
2026-09-24T08:12:55+09:00,omega,0
2026-09-24T08:12:55+09:00,omicron,8
2026-09-24T08:12:55+09:00,sigma,3
2026-09-24T08:12:55+09:00,tau,4
2026-09-24T08:12:55+09:00,theta,0
2026-09-24T08:12:55+09:00,all,99
2026-09-24T08:22:57+09:00,alpha,13
2026-09-24T08:22:57+09:00,delta,31
2026-09-24T08:22:57+09:00,epsilon,4
2026-09-24T08:22:57+09:00,iota,2
2026-09-24T08:22:57+09:00,kappa,6
2026-09-24T08:22:57+09:00,lambda,18
2026-09-24T08:22:57+09:00,lounge,0
2026-09-24T08:22:57+09:00,mu,12
2026-09-24T08:22:57+09:00,omega,3
2026-09-24T08:22:57+09:00,omicron,8
2026-09-24T08:22:57+09:00,sigma,3
2026-09-24T08:22:57+09:00,tau,4
2026-09-24T08:22:57+09:00,theta,0
2026-09-24T08:22:57+09:00,all,104
2026-09-24T08:33:00+09:00,alpha,25
2026-09-24T08:33:00+09:00,delta,31
2026-09-24T08:33:00+09:00,epsilon,4
2026-09-24T08:33:00+09:00,iota,2
2026-09-24T08:33:00+09:00,kappa,6
2026-09-24T08:33:00+09:00,lambda,18
2026-09-24T08:33:00+09:00,lounge,0
2026-09-24T08:33:00+09:00,mu,17
2026-09-24T08:33:00+09:00,omega,1
2026-09-24T08:33:00+09:00,omicron,8
2026-09-24T08:33:00+09:00,sigma,3
2026-09-24T08:33:00+09:00,tau,4
2026-09-24T08:33:00+09:00,theta,3
2026-09-24T08:33:00+09:00,all,122
2026-09-24T08:43:03+09:00,alpha,40
2026-09-24T08:43:03+09:00,delta,31
2026-09-24T08:43:03+09:00,epsilon,4
2026-09-24T08:43:03+09:00,iota,3
2026-09-24T08:43:03+09:00,kappa,6
2026-09-24T08:43:03+09:00,lambda,20
2026-09-24T08:43:03+09:00,lounge,0
2026-09-24T08:43:03+09:00,mu,20
2026-09-24T08:43:03+09:00,omega,1
2026-09-24T08:43:03+09:00,omicron,8
2026-09-24T08:43:03+09:00,sigma,3
2026-09-24T08:43:03+09:00,tau,4
2026-09-24T08:43:03+09:00,theta,0
2026-09-24T08:43:03+09:00,all,140
2026-09-24T08:53:05+09:00,alpha,91
2026-09-24T08:53:05+09:00,delta,34
2026-09-24T08:53:05+09:00,epsilon,4
2026-09-24T08:53:05+09:00,iota,4
2026-09-24T08:53:05+09:00,kappa,8
2026-09-24T08:53:05+09:00,lambda,19
2026-09-24T08:53:05+09:00,lounge,0
2026-09-24T08:53:05+09:00,mu,35
2026-09-24T08:53:05+09:00,omega,0
2026-09-24T08:53:05+09:00,omicron,8
2026-09-24T08:53:05+09:00,sigma,3
2026-09-24T08:53:05+09:00,tau,5
2026-09-24T08:53:05+09:00,theta,4
2026-09-24T08:53:05+09:00,all,215
2026-09-24T09:03:08+09:00,alpha,126
2026-09-24T09:03:08+09:00,delta,35
2026-09-24T09:03:08+09:00,epsilon,5
2026-09-24T09:03:08+09:00,iota,4
2026-09-24T09:03:08+09:00,kappa,7
2026-09-24T09:03:08+09:00,lambda,19
2026-09-24T09:03:08+09:00,lounge,0
2026-09-24T09:03:08+09:00,mu,40
2026-09-24T09:03:08+09:00,omega,1
2026-09-24T09:03:08+09:00,omicron,8
2026-09-24T09:03:08+09:00,sigma,3
2026-09-24T09:03:08+09:00,tau,11
2026-09-24T09:03:08+09:00,theta,3
2026-09-24T09:03:08+09:00,all,262
2026-09-24T09:13:23+09:00,alpha,111
2026-09-24T09:13:23+09:00,delta,35
2026-09-24T09:13:23+09:00,epsilon,5
2026-09-24T09:13:23+09:00,iota,4
2026-09-24T09:13:23+09:00,kappa,6
2026-09-24T09:13:23+09:00,lambda,20
2026-09-24T09:13:23+09:00,lounge,0
2026-09-24T09:13:23+09:00,mu,35
2026-09-24T09:13:23+09:00,omega,1
2026-09-24T09:13:23+09:00,omicron,12
2026-09-24T09:13:23+09:00,sigma,3
2026-09-24T09:13:23+09:00,tau,10
2026-09-24T09:13:23+09:00,theta,0
2026-09-24T09:13:23+09:00,all,242
2026-09-24T09:23:26+09:00,alpha,105
2026-09-24T09:23:26+09:00,delta,35
2026-09-24T09:23:26+09:00,epsilon,5
2026-09-24T09:23:26+09:00,iota,4
2026-09-24T09:23:26+09:00,kappa,6
2026-09-24T09:23:26+09:00,lambda,18
2026-09-24T09:23:26+09:00,lounge,0
2026-09-24T09:23:26+09:00,mu,41
2026-09-24T09:23:26+09:00,omega,0
2026-09-24T09:23:26+09:00,omicron,9
2026-09-24T09:23:26+09:00,sigma,3
2026-09-24T09:23:26+09:00,tau,10
2026-09-24T09:23:26+09:00,theta,0
2026-09-24T09:23:26+09:00,all,236
2026-09-24T09:33:29+09:00,alpha,102
2026-09-24T09:33:29+09:00,delta,37
2026-09-24T09:33:29+09:00,epsilon,5
2026-09-24T09:33:29+09:00,iota,5
2026-09-24T09:33:29+09:00,kappa,6
2026-09-24T09:33:29+09:00,lambda,20
2026-09-24T09:33:29+09:00,lounge,1
2026-09-24T09:33:29+09:00,mu,47
2026-09-24T09:33:29+09:00,omega,0
2026-09-24T09:33:29+09:00,omicron,10
2026-09-24T09:33:29+09:00,sigma,3
2026-09-24T09:33:29+09:00,tau,13
2026-09-24T09:33:29+09:00,theta,2
2026-09-24T09:33:29+09:00,all,251
2026-09-24T09:43:32+09:00,alpha,103
2026-09-24T09:43:32+09:00,delta,37
2026-09-24T09:43:32+09:00,epsilon,5
2026-09-24T09:43:32+09:00,iota,5
2026-09-24T09:43:32+09:00,kappa,6
2026-09-24T09:43:32+09:00,lambda,19
2026-09-24T09:43:32+09:00,lounge,1
2026-09-24T09:43:32+09:00,mu,48
2026-09-24T09:43:32+09:00,omega,1
2026-09-24T09:43:32+09:00,omicron,8
2026-09-24T09:43:32+09:00,sigma,4
2026-09-24T09:43:32+09:00,tau,16
2026-09-24T09:43:32+09:00,theta,1
2026-09-24T09:43:32+09:00,all,254
2026-09-24T09:53:35+09:00,alpha,101
2026-09-24T09:53:35+09:00,delta,40
2026-09-24T09:53:35+09:00,epsilon,6
2026-09-24T09:53:35+09:00,iota,5
2026-09-24T09:53:35+09:00,kappa,9
2026-09-24T09:53:35+09:00,lambda,22
2026-09-24T09:53:35+09:00,lounge,2
2026-09-24T09:53:35+09:00,mu,53
2026-09-24T09:53:35+09:00,omega,0
2026-09-24T09:53:35+09:00,omicron,9
2026-09-24T09:53:35+09:00,sigma,5
2026-09-24T09:53:35+09:00,tau,16
2026-09-24T09:53:35+09:00,theta,1
2026-09-24T09:53:35+09:00,all,269
2026-09-24T10:03:38+09:00,alpha,101
2026-09-24T10:03:38+09:00,delta,40
2026-09-24T10:03:38+09:00,epsilon,6
2026-09-24T10:03:38+09:00,iota,5
2026-09-24T10:03:38+09:00,kappa,15
2026-09-24T10:03:38+09:00,lambda,20
2026-09-24T10:03:38+09:00,lounge,0
2026-09-24T10:03:38+09:00,mu,50
2026-09-24T10:03:38+09:00,omega,0
2026-09-24T10:03:38+09:00,omicron,11
2026-09-24T10:03:38+09:00,sigma,4
2026-09-24T10:03:38+09:00,tau,17
2026-09-24T10:03:38+09:00,theta,1
2026-09-24T10:03:38+09:00,all,270
2026-09-24T10:13:41+09:00,alpha,103
2026-09-24T10:13:41+09:00,delta,41
2026-09-24T10:13:41+09:00,epsilon,5
2026-09-24T10:13:41+09:00,iota,3
2026-09-24T10:13:41+09:00,kappa,14
2026-09-24T10:13:41+09:00,lambda,23
2026-09-24T10:13:41+09:00,lounge,0
2026-09-24T10:13:41+09:00,mu,52
2026-09-24T10:13:41+09:00,omega,0
2026-09-24T10:13:41+09:00,omicron,11
2026-09-24T10:13:41+09:00,sigma,4
2026-09-24T10:13:41+09:00,tau,17
2026-09-24T10:13:41+09:00,theta,3
2026-09-24T10:13:41+09:00,all,276
2026-09-24T10:23:44+09:00,alpha,106
2026-09-24T10:23:44+09:00,delta,42
2026-09-24T10:23:44+09:00,epsilon,5
2026-09-24T10:23:44+09:00,iota,4
2026-09-24T10:23:44+09:00,kappa,15
2026-09-24T10:23:44+09:00,lambda,26
2026-09-24T10:23:44+09:00,lounge,0
2026-09-24T10:23:44+09:00,mu,49
2026-09-24T10:23:44+09:00,omega,0
2026-09-24T10:23:44+09:00,omicron,10
2026-09-24T10:23:44+09:00,sigma,4
2026-09-24T10:23:44+09:00,tau,16
2026-09-24T10:23:44+09:00,theta,2
2026-09-24T10:23:44+09:00,all,279
2026-09-24T10:33:49+09:00,alpha,102
2026-09-24T10:33:49+09:00,delta,42
2026-09-24T10:33:49+09:00,epsilon,5
2026-09-24T10:33:49+09:00,iota,4
2026-09-24T10:33:49+09:00,kappa,15
2026-09-24T10:33:49+09:00,lambda,29
2026-09-24T10:33:49+09:00,lounge,0
2026-09-24T10:33:49+09:00,mu,54
2026-09-24T10:33:49+09:00,omega,0
2026-09-24T10:33:49+09:00,omicron,8
2026-09-24T10:33:49+09:00,sigma,5
2026-09-24T10:33:49+09:00,tau,17
2026-09-24T10:33:49+09:00,theta,2
2026-09-24T10:33:49+09:00,all,283
2026-09-24T10:43:52+09:00,alpha,100
2026-09-24T10:43:52+09:00,delta,43
2026-09-24T10:43:52+09:00,epsilon,5
2026-09-24T10:43:52+09:00,iota,4
2026-09-24T10:43:52+09:00,kappa,14
2026-09-24T10:43:52+09:00,lambda,27
2026-09-24T10:43:52+09:00,lounge,1
2026-09-24T10:43:52+09:00,mu,53
2026-09-24T10:43:52+09:00,omega,2
2026-09-24T10:43:52+09:00,omicron,8
2026-09-24T10:43:52+09:00,sigma,5
2026-09-24T10:43:52+09:00,tau,19
2026-09-24T10:43:52+09:00,theta,3
2026-09-24T10:43:52+09:00,all,284
2026-09-24T10:53:55+09:00,alpha,102
2026-09-24T10:53:55+09:00,delta,43
2026-09-24T10:53:55+09:00,epsilon,5
2026-09-24T10:53:55+09:00,iota,5
2026-09-24T10:53:55+09:00,kappa,14
2026-09-24T10:53:55+09:00,lambda,27
2026-09-24T10:53:55+09:00,lounge,2
2026-09-24T10:53:55+09:00,mu,52
2026-09-24T10:53:55+09:00,omega,2
2026-09-24T10:53:55+09:00,omicron,8
2026-09-24T10:53:55+09:00,sigma,7
2026-09-24T10:53:55+09:00,tau,21
2026-09-24T10:53:55+09:00,theta,2
2026-09-24T10:53:55+09:00,all,290
2026-09-24T11:03:58+09:00,alpha,104
2026-09-24T11:03:58+09:00,delta,43
2026-09-24T11:03:58+09:00,epsilon,5
2026-09-24T11:03:58+09:00,iota,5
2026-09-24T11:03:58+09:00,kappa,9
2026-09-24T11:03:58+09:00,lambda,26
2026-09-24T11:03:58+09:00,lounge,1
2026-09-24T11:03:58+09:00,mu,55
2026-09-24T11:03:58+09:00,omega,1
2026-09-24T11:03:58+09:00,omicron,8
2026-09-24T11:03:58+09:00,sigma,6
2026-09-24T11:03:58+09:00,tau,21
2026-09-24T11:03:58+09:00,theta,1
2026-09-24T11:03:58+09:00,all,285
2026-09-24T11:14:01+09:00,alpha,104
2026-09-24T11:14:01+09:00,delta,44
2026-09-24T11:14:01+09:00,epsilon,5
2026-09-24T11:14:01+09:00,iota,7
2026-09-24T11:14:01+09:00,kappa,10
2026-09-24T11:14:01+09:00,lambda,26
2026-09-24T11:14:01+09:00,lounge,0
2026-09-24T11:14:01+09:00,mu,61
2026-09-24T11:14:01+09:00,omega,1
2026-09-24T11:14:01+09:00,omicron,7
2026-09-24T11:14:01+09:00,sigma,7
2026-09-24T11:14:01+09:00,tau,20
2026-09-24T11:14:01+09:00,theta,2
2026-09-24T11:14:01+09:00,all,294
2026-09-24T11:24:04+09:00,alpha,105
2026-09-24T11:24:04+09:00,delta,44
2026-09-24T11:24:04+09:00,epsilon,5
2026-09-24T11:24:04+09:00,iota,8
2026-09-24T11:24:04+09:00,kappa,10
2026-09-24T11:24:04+09:00,lambda,28
2026-09-24T11:24:04+09:00,lounge,3
2026-09-24T11:24:04+09:00,mu,66
2026-09-24T11:24:04+09:00,omega,1
2026-09-24T11:24:04+09:00,omicron,7
2026-09-24T11:24:04+09:00,sigma,7
2026-09-24T11:24:04+09:00,tau,19
2026-09-24T11:24:04+09:00,theta,1
2026-09-24T11:24:04+09:00,all,304
2026-09-24T11:34:07+09:00,alpha,107
2026-09-24T11:34:07+09:00,delta,45
2026-09-24T11:34:07+09:00,epsilon,5
2026-09-24T11:34:07+09:00,iota,11
2026-09-24T11:34:07+09:00,kappa,11
2026-09-24T11:34:07+09:00,lambda,25
2026-09-24T11:34:07+09:00,lounge,2
2026-09-24T11:34:07+09:00,mu,68
2026-09-24T11:34:07+09:00,omega,0
2026-09-24T11:34:07+09:00,omicron,8
2026-09-24T11:34:07+09:00,sigma,7
2026-09-24T11:34:07+09:00,tau,18
2026-09-24T11:34:07+09:00,theta,2
2026-09-24T11:34:07+09:00,all,309
2026-09-24T11:44:15+09:00,alpha,79
2026-09-24T11:44:15+09:00,delta,48
2026-09-24T11:44:15+09:00,epsilon,5
2026-09-24T11:44:15+09:00,iota,10
2026-09-24T11:44:15+09:00,kappa,15
2026-09-24T11:44:15+09:00,lambda,22
2026-09-24T11:44:15+09:00,lounge,4
2026-09-24T11:44:15+09:00,mu,73
2026-09-24T11:44:15+09:00,omega,3
2026-09-24T11:44:15+09:00,omicron,8
2026-09-24T11:44:15+09:00,sigma,21
2026-09-24T11:44:15+09:00,tau,19
2026-09-24T11:44:15+09:00,theta,3
2026-09-24T11:44:15+09:00,all,310
2026-09-24T11:54:18+09:00,alpha,77
2026-09-24T11:54:18+09:00,delta,48
2026-09-24T11:54:18+09:00,epsilon,5
2026-09-24T11:54:18+09:00,iota,10
2026-09-24T11:54:18+09:00,kappa,14
2026-09-24T11:54:18+09:00,lambda,23
2026-09-24T11:54:18+09:00,lounge,4
2026-09-24T11:54:18+09:00,mu,70
2026-09-24T11:54:18+09:00,omega,1
2026-09-24T11:54:18+09:00,omicron,8
2026-09-24T11:54:18+09:00,sigma,32
2026-09-24T11:54:18+09:00,tau,18
2026-09-24T11:54:18+09:00,theta,1
2026-09-24T11:54:18+09:00,all,311
2026-09-24T12:04:24+09:00,alpha,75
2026-09-24T12:04:24+09:00,delta,46
2026-09-24T12:04:24+09:00,epsilon,8
2026-09-24T12:04:24+09:00,iota,9
2026-09-24T12:04:24+09:00,kappa,13
2026-09-24T12:04:24+09:00,lambda,25
2026-09-24T12:04:24+09:00,lounge,2
2026-09-24T12:04:24+09:00,mu,66
2026-09-24T12:04:24+09:00,omega,0
2026-09-24T12:04:24+09:00,omicron,7
2026-09-24T12:04:24+09:00,sigma,34
2026-09-24T12:04:24+09:00,tau,19
2026-09-24T12:04:24+09:00,theta,6
2026-09-24T12:04:24+09:00,all,310
2026-09-24T12:14:30+09:00,alpha,80
2026-09-24T12:14:30+09:00,delta,47
2026-09-24T12:14:30+09:00,epsilon,7
2026-09-24T12:14:30+09:00,iota,11
2026-09-24T12:14:30+09:00,kappa,16
2026-09-24T12:14:30+09:00,lambda,28
2026-09-24T12:14:30+09:00,lounge,4
2026-09-24T12:14:30+09:00,mu,64
2026-09-24T12:14:30+09:00,omega,0
2026-09-24T12:14:30+09:00,omicron,10
2026-09-24T12:14:30+09:00,sigma,36
2026-09-24T12:14:30+09:00,tau,18
2026-09-24T12:14:30+09:00,theta,4
2026-09-24T12:14:30+09:00,all,325
2026-09-24T12:24:35+09:00,alpha,86
2026-09-24T12:24:35+09:00,delta,47
2026-09-24T12:24:35+09:00,epsilon,11
2026-09-24T12:24:35+09:00,iota,11
2026-09-24T12:24:35+09:00,kappa,13
2026-09-24T12:24:35+09:00,lambda,32
2026-09-24T12:24:35+09:00,lounge,5
2026-09-24T12:24:35+09:00,mu,68
2026-09-24T12:24:35+09:00,omega,0
2026-09-24T12:24:35+09:00,omicron,11
2026-09-24T12:24:35+09:00,sigma,35
2026-09-24T12:24:35+09:00,tau,12
2026-09-24T12:24:35+09:00,theta,2
2026-09-24T12:24:35+09:00,all,333
2026-09-24T12:34:40+09:00,alpha,91
2026-09-24T12:34:40+09:00,delta,50
2026-09-24T12:34:40+09:00,epsilon,15
2026-09-24T12:34:40+09:00,iota,10
2026-09-24T12:34:40+09:00,kappa,13
2026-09-24T12:34:40+09:00,lambda,33
2026-09-24T12:34:40+09:00,lounge,4
2026-09-24T12:34:40+09:00,mu,72
2026-09-24T12:34:40+09:00,omega,0
2026-09-24T12:34:40+09:00,omicron,10
2026-09-24T12:34:40+09:00,sigma,26
2026-09-24T12:34:40+09:00,tau,15
2026-09-24T12:34:40+09:00,theta,4
2026-09-24T12:34:40+09:00,all,343
2026-09-24T12:44:45+09:00,alpha,102
2026-09-24T12:44:45+09:00,delta,52
2026-09-24T12:44:45+09:00,epsilon,13
2026-09-24T12:44:45+09:00,iota,9
2026-09-24T12:44:45+09:00,kappa,10
2026-09-24T12:44:45+09:00,lambda,30
2026-09-24T12:44:45+09:00,lounge,5
2026-09-24T12:44:45+09:00,mu,71
2026-09-24T12:44:45+09:00,omega,0
2026-09-24T12:44:45+09:00,omicron,15
2026-09-24T12:44:45+09:00,sigma,21
2026-09-24T12:44:45+09:00,tau,19
2026-09-24T12:44:45+09:00,theta,4
2026-09-24T12:44:45+09:00,all,351
2026-09-24T12:45:01+09:00,all,0
2026-09-24T12:54:49+09:00,alpha,93
2026-09-24T12:54:49+09:00,delta,51
2026-09-24T12:54:49+09:00,epsilon,16
2026-09-24T12:54:49+09:00,iota,9
2026-09-24T12:54:49+09:00,kappa,10
2026-09-24T12:54:49+09:00,lambda,31
2026-09-24T12:54:49+09:00,lounge,4
2026-09-24T12:54:49+09:00,mu,74
2026-09-24T12:54:49+09:00,omega,1
2026-09-24T12:54:49+09:00,omicron,18
2026-09-24T12:54:49+09:00,sigma,25
2026-09-24T12:54:49+09:00,tau,17
2026-09-24T12:54:49+09:00,theta,1
2026-09-24T12:54:49+09:00,all,350
2026-09-24T13:04:52+09:00,alpha,88
2026-09-24T13:04:52+09:00,delta,55
2026-09-24T13:04:52+09:00,epsilon,12
2026-09-24T13:04:52+09:00,iota,10
2026-09-24T13:04:52+09:00,kappa,10
2026-09-24T13:04:52+09:00,lambda,28
2026-09-24T13:04:52+09:00,lounge,19
2026-09-24T13:04:52+09:00,mu,62
2026-09-24T13:04:52+09:00,omega,0
2026-09-24T13:04:52+09:00,omicron,27
2026-09-24T13:04:52+09:00,sigma,21
2026-09-24T13:04:52+09:00,tau,20
2026-09-24T13:04:52+09:00,theta,1
2026-09-24T13:04:52+09:00,all,353
2026-09-24T13:14:59+09:00,alpha,95
2026-09-24T13:14:59+09:00,delta,58
2026-09-24T13:14:59+09:00,epsilon,15
2026-09-24T13:14:59+09:00,iota,10
2026-09-24T13:14:59+09:00,kappa,19
2026-09-24T13:14:59+09:00,lambda,29
2026-09-24T13:14:59+09:00,lounge,14
2026-09-24T13:14:59+09:00,mu,63
2026-09-24T13:14:59+09:00,omega,0
2026-09-24T13:14:59+09:00,omicron,32
2026-09-24T13:14:59+09:00,sigma,14
2026-09-24T13:14:59+09:00,tau,21
2026-09-24T13:14:59+09:00,theta,1
2026-09-24T13:14:59+09:00,all,371
2026-09-24T13:25:03+09:00,alpha,97
2026-09-24T13:25:03+09:00,delta,58
2026-09-24T13:25:03+09:00,epsilon,16
2026-09-24T13:25:03+09:00,iota,10
2026-09-24T13:25:03+09:00,kappa,22
2026-09-24T13:25:03+09:00,lambda,28
2026-09-24T13:25:03+09:00,lounge,11
2026-09-24T13:25:03+09:00,mu,65
2026-09-24T13:25:03+09:00,omega,0
2026-09-24T13:25:03+09:00,omicron,28
2026-09-24T13:25:03+09:00,sigma,15
2026-09-24T13:25:03+09:00,tau,21
2026-09-24T13:25:03+09:00,theta,1
2026-09-24T13:25:03+09:00,all,372
2026-09-24T13:35:06+09:00,alpha,99
2026-09-24T13:35:06+09:00,delta,58
2026-09-24T13:35:06+09:00,epsilon,17
2026-09-24T13:35:06+09:00,iota,11
2026-09-24T13:35:06+09:00,kappa,17
2026-09-24T13:35:06+09:00,lambda,26
2026-09-24T13:35:06+09:00,lounge,12
2026-09-24T13:35:06+09:00,mu,65
2026-09-24T13:35:06+09:00,omega,0
2026-09-24T13:35:06+09:00,omicron,29
2026-09-24T13:35:06+09:00,sigma,16
2026-09-24T13:35:06+09:00,tau,19
2026-09-24T13:35:06+09:00,theta,2
2026-09-24T13:35:06+09:00,all,371
2026-09-24T13:45:11+09:00,alpha,102
2026-09-24T13:45:11+09:00,delta,58
2026-09-24T13:45:11+09:00,epsilon,17
2026-09-24T13:45:11+09:00,iota,12
2026-09-24T13:45:11+09:00,kappa,26
2026-09-24T13:45:11+09:00,lambda,28
2026-09-24T13:45:11+09:00,lounge,3
2026-09-24T13:45:11+09:00,mu,68
2026-09-24T13:45:11+09:00,omega,0
2026-09-24T13:45:11+09:00,omicron,28
2026-09-24T13:45:11+09:00,sigma,15
2026-09-24T13:45:11+09:00,tau,19
2026-09-24T13:45:11+09:00,theta,2
2026-09-24T13:45:11+09:00,all,378
2026-09-24T13:55:16+09:00,alpha,106
2026-09-24T13:55:16+09:00,delta,57
2026-09-24T13:55:16+09:00,epsilon,17
2026-09-24T13:55:16+09:00,iota,11
2026-09-24T13:55:16+09:00,kappa,20
2026-09-24T13:55:16+09:00,lambda,28
2026-09-24T13:55:16+09:00,lounge,1
2026-09-24T13:55:16+09:00,mu,71
2026-09-24T13:55:16+09:00,omega,0
2026-09-24T13:55:16+09:00,omicron,30
2026-09-24T13:55:16+09:00,sigma,10
2026-09-24T13:55:16+09:00,tau,20
2026-09-24T13:55:16+09:00,theta,0
2026-09-24T13:55:16+09:00,all,371
2026-09-24T14:05:19+09:00,alpha,105
2026-09-24T14:05:19+09:00,delta,60
2026-09-24T14:05:19+09:00,epsilon,15
2026-09-24T14:05:19+09:00,iota,10
2026-09-24T14:05:19+09:00,kappa,14
2026-09-24T14:05:19+09:00,lambda,27
2026-09-24T14:05:19+09:00,lounge,1
2026-09-24T14:05:19+09:00,mu,74
2026-09-24T14:05:19+09:00,omega,2
2026-09-24T14:05:19+09:00,omicron,31
2026-09-24T14:05:19+09:00,sigma,12
2026-09-24T14:05:19+09:00,tau,23
2026-09-24T14:05:19+09:00,theta,3
2026-09-24T14:05:19+09:00,all,377
2026-09-24T14:15:23+09:00,alpha,104
2026-09-24T14:15:23+09:00,delta,60
2026-09-24T14:15:23+09:00,epsilon,16
2026-09-24T14:15:23+09:00,iota,8
2026-09-24T14:15:23+09:00,kappa,12
2026-09-24T14:15:23+09:00,lambda,26
2026-09-24T14:15:23+09:00,lounge,0
2026-09-24T14:15:23+09:00,mu,82
2026-09-24T14:15:23+09:00,omega,3
2026-09-24T14:15:23+09:00,omicron,33
2026-09-24T14:15:23+09:00,sigma,14
2026-09-24T14:15:23+09:00,tau,22
2026-09-24T14:15:23+09:00,theta,5
2026-09-24T14:15:23+09:00,all,385
2026-09-24T14:25:31+09:00,alpha,104
2026-09-24T14:25:31+09:00,delta,64
2026-09-24T14:25:31+09:00,epsilon,16
2026-09-24T14:25:31+09:00,iota,8
2026-09-24T14:25:31+09:00,kappa,9
2026-09-24T14:25:31+09:00,lambda,26
2026-09-24T14:25:31+09:00,lounge,1
2026-09-24T14:25:31+09:00,mu,85
2026-09-24T14:25:31+09:00,omega,3
2026-09-24T14:25:31+09:00,omicron,28
2026-09-24T14:25:31+09:00,sigma,20
2026-09-24T14:25:31+09:00,tau,23
2026-09-24T14:25:31+09:00,theta,3
2026-09-24T14:25:31+09:00,all,390
2026-09-24T14:35:36+09:00,alpha,101
2026-09-24T14:35:36+09:00,delta,64
2026-09-24T14:35:36+09:00,epsilon,13
2026-09-24T14:35:36+09:00,iota,9
2026-09-24T14:35:36+09:00,kappa,8
2026-09-24T14:35:36+09:00,lambda,25
2026-09-24T14:35:36+09:00,lounge,0
2026-09-24T14:35:36+09:00,mu,83
2026-09-24T14:35:36+09:00,omega,2
2026-09-24T14:35:36+09:00,omicron,27
2026-09-24T14:35:36+09:00,sigma,21
2026-09-24T14:35:36+09:00,tau,26
2026-09-24T14:35:36+09:00,theta,3
2026-09-24T14:35:36+09:00,all,382
2026-09-24T14:35:54+09:00,alpha,107
2026-09-24T14:35:54+09:00,delta,64
2026-09-24T14:35:54+09:00,epsilon,14
2026-09-24T14:35:54+09:00,iota,9
2026-09-24T14:35:54+09:00,kappa,11
2026-09-24T14:35:54+09:00,lambda,24
2026-09-24T14:35:54+09:00,lounge,0
2026-09-24T14:35:54+09:00,mu,84
2026-09-24T14:35:54+09:00,omega,0
2026-09-24T14:35:54+09:00,omicron,28
2026-09-24T14:35:54+09:00,sigma,19
2026-09-24T14:35:54+09:00,tau,26
2026-09-24T14:35:54+09:00,theta,3
2026-09-24T14:35:54+09:00,all,389
2026-09-24T14:46:00+09:00,alpha,100
2026-09-24T14:46:00+09:00,delta,63
2026-09-24T14:46:00+09:00,epsilon,12
2026-09-24T14:46:00+09:00,iota,10
2026-09-24T14:46:00+09:00,kappa,10
2026-09-24T14:46:00+09:00,lambda,28
2026-09-24T14:46:00+09:00,lounge,3
2026-09-24T14:46:00+09:00,mu,83
2026-09-24T14:46:00+09:00,omega,1
2026-09-24T14:46:00+09:00,omicron,25
2026-09-24T14:46:00+09:00,sigma,14
2026-09-24T14:46:00+09:00,tau,29
2026-09-24T14:46:00+09:00,theta,2
2026-09-24T14:46:00+09:00,all,380
2026-09-24T14:56:05+09:00,alpha,105
2026-09-24T14:56:05+09:00,delta,63
2026-09-24T14:56:05+09:00,epsilon,13
2026-09-24T14:56:05+09:00,iota,10
2026-09-24T14:56:05+09:00,kappa,11
2026-09-24T14:56:05+09:00,lambda,29
2026-09-24T14:56:05+09:00,lounge,4
2026-09-24T14:56:05+09:00,mu,83
2026-09-24T14:56:05+09:00,omega,0
2026-09-24T14:56:05+09:00,omicron,26
2026-09-24T14:56:05+09:00,sigma,13
2026-09-24T14:56:05+09:00,tau,29
2026-09-24T14:56:05+09:00,theta,1
2026-09-24T14:56:05+09:00,all,387
2026-09-24T15:06:08+09:00,alpha,107
2026-09-24T15:06:08+09:00,delta,63
2026-09-24T15:06:08+09:00,epsilon,13
2026-09-24T15:06:08+09:00,iota,10
2026-09-24T15:06:08+09:00,kappa,13
2026-09-24T15:06:08+09:00,lambda,27
2026-09-24T15:06:08+09:00,lounge,2
2026-09-24T15:06:08+09:00,mu,87
2026-09-24T15:06:08+09:00,omega,0
2026-09-24T15:06:08+09:00,omicron,28
2026-09-24T15:06:08+09:00,sigma,11
2026-09-24T15:06:08+09:00,tau,30
2026-09-24T15:06:08+09:00,theta,1
2026-09-24T15:06:08+09:00,all,392
2026-09-24T15:16:12+09:00,alpha,106
2026-09-24T15:16:12+09:00,delta,62
2026-09-24T15:16:12+09:00,epsilon,15
2026-09-24T15:16:12+09:00,iota,11
2026-09-24T15:16:12+09:00,kappa,12
2026-09-24T15:16:12+09:00,lambda,27
2026-09-24T15:16:12+09:00,lounge,3
2026-09-24T15:16:12+09:00,mu,85
2026-09-24T15:16:12+09:00,omega,0
2026-09-24T15:16:12+09:00,omicron,22
2026-09-24T15:16:12+09:00,sigma,15
2026-09-24T15:16:12+09:00,tau,26
2026-09-24T15:16:12+09:00,theta,2
2026-09-24T15:16:12+09:00,all,386
2026-09-24T15:26:15+09:00,alpha,99
2026-09-24T15:26:15+09:00,delta,62
2026-09-24T15:26:15+09:00,epsilon,14
2026-09-24T15:26:15+09:00,iota,10
2026-09-24T15:26:15+09:00,kappa,11
2026-09-24T15:26:15+09:00,lambda,27
2026-09-24T15:26:15+09:00,lounge,4
2026-09-24T15:26:15+09:00,mu,81
2026-09-24T15:26:15+09:00,omega,1
2026-09-24T15:26:15+09:00,omicron,30
2026-09-24T15:26:15+09:00,sigma,14
2026-09-24T15:26:15+09:00,tau,32
2026-09-24T15:26:15+09:00,theta,7
2026-09-24T15:26:15+09:00,all,392
2026-09-24T15:36:19+09:00,alpha,102
2026-09-24T15:36:19+09:00,delta,63
2026-09-24T15:36:19+09:00,epsilon,14
2026-09-24T15:36:19+09:00,iota,10
2026-09-24T15:36:19+09:00,kappa,14
2026-09-24T15:36:19+09:00,lambda,25
2026-09-24T15:36:19+09:00,lounge,2
2026-09-24T15:36:19+09:00,mu,83
2026-09-24T15:36:19+09:00,omega,0
2026-09-24T15:36:19+09:00,omicron,28
2026-09-24T15:36:19+09:00,sigma,17
2026-09-24T15:36:19+09:00,tau,32
2026-09-24T15:36:19+09:00,theta,3
2026-09-24T15:36:19+09:00,all,393
2026-09-24T15:46:22+09:00,alpha,100
2026-09-24T15:46:22+09:00,delta,64
2026-09-24T15:46:22+09:00,epsilon,13
2026-09-24T15:46:22+09:00,iota,11
2026-09-24T15:46:22+09:00,kappa,14
2026-09-24T15:46:22+09:00,lambda,29
2026-09-24T15:46:22+09:00,lounge,1
2026-09-24T15:46:22+09:00,mu,82
2026-09-24T15:46:22+09:00,omega,1
2026-09-24T15:46:22+09:00,omicron,26
2026-09-24T15:46:22+09:00,sigma,20
2026-09-24T15:46:22+09:00,tau,37
2026-09-24T15:46:22+09:00,theta,1
2026-09-24T15:46:22+09:00,all,399
2026-09-24T15:56:26+09:00,alpha,99
2026-09-24T15:56:26+09:00,delta,66
2026-09-24T15:56:26+09:00,epsilon,9
2026-09-24T15:56:26+09:00,iota,10
2026-09-24T15:56:26+09:00,kappa,13
2026-09-24T15:56:26+09:00,lambda,22
2026-09-24T15:56:26+09:00,lounge,5
2026-09-24T15:56:26+09:00,mu,82
2026-09-24T15:56:26+09:00,omega,2
2026-09-24T15:56:26+09:00,omicron,27
2026-09-24T15:56:26+09:00,sigma,13
2026-09-24T15:56:26+09:00,tau,39
2026-09-24T15:56:26+09:00,theta,3
2026-09-24T15:56:26+09:00,all,390
2026-09-24T16:06:35+09:00,alpha,101
2026-09-24T16:06:35+09:00,delta,66
2026-09-24T16:06:35+09:00,epsilon,9
2026-09-24T16:06:35+09:00,iota,9
2026-09-24T16:06:35+09:00,kappa,13
2026-09-24T16:06:35+09:00,lambda,25
2026-09-24T16:06:35+09:00,lounge,3
2026-09-24T16:06:35+09:00,mu,77
2026-09-24T16:06:35+09:00,omega,3
2026-09-24T16:06:35+09:00,omicron,26
2026-09-24T16:06:35+09:00,sigma,16
2026-09-24T16:06:35+09:00,tau,37
2026-09-24T16:06:35+09:00,theta,5
2026-09-24T16:06:35+09:00,all,390
2026-09-24T16:16:41+09:00,alpha,92
2026-09-24T16:16:41+09:00,delta,67
2026-09-24T16:16:41+09:00,epsilon,10
2026-09-24T16:16:41+09:00,iota,9
2026-09-24T16:16:41+09:00,kappa,11
2026-09-24T16:16:41+09:00,lambda,24
2026-09-24T16:16:41+09:00,lounge,1
2026-09-24T16:16:41+09:00,mu,70
2026-09-24T16:16:41+09:00,omega,2
2026-09-24T16:16:41+09:00,omicron,25
2026-09-24T16:16:41+09:00,sigma,21
2026-09-24T16:16:41+09:00,tau,38
2026-09-24T16:16:41+09:00,theta,10
2026-09-24T16:16:41+09:00,all,380
2026-09-24T16:26:45+09:00,alpha,96
2026-09-24T16:26:45+09:00,delta,67
2026-09-24T16:26:45+09:00,epsilon,8
2026-09-24T16:26:45+09:00,iota,8
2026-09-24T16:26:45+09:00,kappa,10
2026-09-24T16:26:45+09:00,lambda,23
2026-09-24T16:26:45+09:00,lounge,3
2026-09-24T16:26:45+09:00,mu,70
2026-09-24T16:26:45+09:00,omega,0
2026-09-24T16:26:45+09:00,omicron,25
2026-09-24T16:26:45+09:00,sigma,20
2026-09-24T16:26:45+09:00,tau,39
2026-09-24T16:26:45+09:00,theta,8
2026-09-24T16:26:45+09:00,all,377
2026-09-24T16:36:48+09:00,alpha,91
2026-09-24T16:36:48+09:00,delta,69
2026-09-24T16:36:48+09:00,epsilon,8
2026-09-24T16:36:48+09:00,iota,8
2026-09-24T16:36:48+09:00,kappa,10
2026-09-24T16:36:48+09:00,lambda,21
2026-09-24T16:36:48+09:00,lounge,1
2026-09-24T16:36:48+09:00,mu,69
2026-09-24T16:36:48+09:00,omega,1
2026-09-24T16:36:48+09:00,omicron,24
2026-09-24T16:36:48+09:00,sigma,23
2026-09-24T16:36:48+09:00,tau,40
2026-09-24T16:36:48+09:00,theta,8
2026-09-24T16:36:48+09:00,all,373
2026-09-24T16:46:53+09:00,alpha,96
2026-09-24T16:46:53+09:00,delta,68
2026-09-24T16:46:53+09:00,epsilon,6
2026-09-24T16:46:53+09:00,iota,8
2026-09-24T16:46:53+09:00,kappa,11
2026-09-24T16:46:53+09:00,lambda,21
2026-09-24T16:46:53+09:00,lounge,0
2026-09-24T16:46:53+09:00,mu,69
2026-09-24T16:46:53+09:00,omega,0
2026-09-24T16:46:53+09:00,omicron,21
2026-09-24T16:46:53+09:00,sigma,21
2026-09-24T16:46:53+09:00,tau,38
2026-09-24T16:46:53+09:00,theta,8
2026-09-24T16:46:53+09:00,all,367
2026-09-24T16:56:56+09:00,alpha,95
2026-09-24T16:56:56+09:00,delta,67
2026-09-24T16:56:56+09:00,epsilon,6
2026-09-24T16:56:56+09:00,iota,8
2026-09-24T16:56:56+09:00,kappa,11
2026-09-24T16:56:56+09:00,lambda,19
2026-09-24T16:56:56+09:00,lounge,0
2026-09-24T16:56:56+09:00,mu,71
2026-09-24T16:56:56+09:00,omega,1
2026-09-24T16:56:56+09:00,omicron,25
2026-09-24T16:56:56+09:00,sigma,8
2026-09-24T16:56:56+09:00,tau,36
2026-09-24T16:56:56+09:00,theta,11
2026-09-24T16:56:56+09:00,all,358
2026-09-24T17:06:58+09:00,alpha,87
2026-09-24T17:06:58+09:00,delta,64
2026-09-24T17:06:58+09:00,epsilon,9
2026-09-24T17:06:58+09:00,iota,8
2026-09-24T17:06:58+09:00,kappa,17
2026-09-24T17:06:58+09:00,lambda,21
2026-09-24T17:06:58+09:00,lounge,3
2026-09-24T17:06:58+09:00,mu,76
2026-09-24T17:06:58+09:00,omega,1
2026-09-24T17:06:58+09:00,omicron,26
2026-09-24T17:06:58+09:00,sigma,6
2026-09-24T17:06:58+09:00,tau,35
2026-09-24T17:06:58+09:00,theta,12
2026-09-24T17:06:58+09:00,all,365
2026-09-24T17:17:02+09:00,alpha,80
2026-09-24T17:17:02+09:00,delta,62
2026-09-24T17:17:02+09:00,epsilon,20
2026-09-24T17:17:02+09:00,iota,10
2026-09-24T17:17:02+09:00,kappa,16
2026-09-24T17:17:02+09:00,lambda,22
2026-09-24T17:17:02+09:00,lounge,2
2026-09-24T17:17:02+09:00,mu,81
2026-09-24T17:17:02+09:00,omega,1
2026-09-24T17:17:02+09:00,omicron,25
2026-09-24T17:17:02+09:00,sigma,5
2026-09-24T17:17:02+09:00,tau,36
2026-09-24T17:17:02+09:00,theta,11
2026-09-24T17:17:02+09:00,all,371
2026-09-24T17:27:05+09:00,alpha,81
2026-09-24T17:27:05+09:00,delta,64
2026-09-24T17:27:05+09:00,epsilon,22
2026-09-24T17:27:05+09:00,iota,7
2026-09-24T17:27:05+09:00,kappa,16
2026-09-24T17:27:05+09:00,lambda,20
2026-09-24T17:27:05+09:00,lounge,1
2026-09-24T17:27:05+09:00,mu,75
2026-09-24T17:27:05+09:00,omega,0
2026-09-24T17:27:05+09:00,omicron,18
2026-09-24T17:27:05+09:00,sigma,4
2026-09-24T17:27:05+09:00,tau,35
2026-09-24T17:27:05+09:00,theta,10
2026-09-24T17:27:05+09:00,all,353
2026-09-24T17:37:09+09:00,alpha,72
2026-09-24T17:37:09+09:00,delta,64
2026-09-24T17:37:09+09:00,epsilon,23
2026-09-24T17:37:09+09:00,iota,8
2026-09-24T17:37:09+09:00,kappa,14
2026-09-24T17:37:09+09:00,lambda,23
2026-09-24T17:37:09+09:00,lounge,3
2026-09-24T17:37:09+09:00,mu,72
2026-09-24T17:37:09+09:00,omega,2
2026-09-24T17:37:09+09:00,omicron,16
2026-09-24T17:37:09+09:00,sigma,4
2026-09-24T17:37:09+09:00,tau,10
2026-09-24T17:37:09+09:00,theta,9
2026-09-24T17:37:09+09:00,all,320
2026-09-24T17:47:12+09:00,alpha,67
2026-09-24T17:47:12+09:00,delta,64
2026-09-24T17:47:12+09:00,epsilon,23
2026-09-24T17:47:12+09:00,iota,6
2026-09-24T17:47:12+09:00,kappa,8
2026-09-24T17:47:12+09:00,lambda,22
2026-09-24T17:47:12+09:00,lounge,9
2026-09-24T17:47:12+09:00,mu,59
2026-09-24T17:47:12+09:00,omega,0
2026-09-24T17:47:12+09:00,omicron,17
2026-09-24T17:47:12+09:00,sigma,5
2026-09-24T17:47:12+09:00,tau,9
2026-09-24T17:47:12+09:00,theta,7
2026-09-24T17:47:12+09:00,all,296
2026-09-24T17:57:15+09:00,alpha,60
2026-09-24T17:57:15+09:00,delta,64
2026-09-24T17:57:15+09:00,epsilon,22
2026-09-24T17:57:15+09:00,iota,6
2026-09-24T17:57:15+09:00,kappa,9
2026-09-24T17:57:15+09:00,lambda,20
2026-09-24T17:57:15+09:00,lounge,2
2026-09-24T17:57:15+09:00,mu,46
2026-09-24T17:57:15+09:00,omega,2
2026-09-24T17:57:15+09:00,omicron,19
2026-09-24T17:57:15+09:00,sigma,3
2026-09-24T17:57:15+09:00,tau,9
2026-09-24T17:57:15+09:00,theta,3
2026-09-24T17:57:15+09:00,all,265
2026-09-24T18:07:18+09:00,alpha,54
2026-09-24T18:07:18+09:00,delta,64
2026-09-24T18:07:18+09:00,epsilon,23
2026-09-24T18:07:18+09:00,iota,6
2026-09-24T18:07:18+09:00,kappa,8
2026-09-24T18:07:18+09:00,lambda,23
2026-09-24T18:07:18+09:00,lounge,4
2026-09-24T18:07:18+09:00,mu,32
2026-09-24T18:07:18+09:00,omega,2
2026-09-24T18:07:18+09:00,omicron,16
2026-09-24T18:07:18+09:00,sigma,4
2026-09-24T18:07:18+09:00,tau,11
2026-09-24T18:07:18+09:00,theta,5
2026-09-24T18:07:18+09:00,all,252
2026-09-24T18:17:21+09:00,alpha,50
2026-09-24T18:17:21+09:00,delta,63
2026-09-24T18:17:21+09:00,epsilon,21
2026-09-24T18:17:21+09:00,iota,7
2026-09-24T18:17:21+09:00,kappa,8
2026-09-24T18:17:21+09:00,lambda,25
2026-09-24T18:17:21+09:00,lounge,1
2026-09-24T18:17:21+09:00,mu,21
2026-09-24T18:17:21+09:00,omega,3
2026-09-24T18:17:21+09:00,omicron,16
2026-09-24T18:17:21+09:00,sigma,3
2026-09-24T18:17:21+09:00,tau,12
2026-09-24T18:17:21+09:00,theta,5
2026-09-24T18:17:21+09:00,all,235
2026-09-24T18:27:24+09:00,alpha,44
2026-09-24T18:27:24+09:00,delta,59
2026-09-24T18:27:24+09:00,epsilon,25
2026-09-24T18:27:24+09:00,iota,7
2026-09-24T18:27:24+09:00,kappa,8
2026-09-24T18:27:24+09:00,lambda,22
2026-09-24T18:27:24+09:00,lounge,2
2026-09-24T18:27:24+09:00,mu,15
2026-09-24T18:27:24+09:00,omega,0
2026-09-24T18:27:24+09:00,omicron,16
2026-09-24T18:27:24+09:00,sigma,3
2026-09-24T18:27:24+09:00,tau,12
2026-09-24T18:27:24+09:00,theta,4
2026-09-24T18:27:24+09:00,all,217
2026-09-24T18:37:27+09:00,alpha,43
2026-09-24T18:37:27+09:00,delta,59
2026-09-24T18:37:27+09:00,epsilon,25
2026-09-24T18:37:27+09:00,iota,8
2026-09-24T18:37:27+09:00,kappa,7
2026-09-24T18:37:27+09:00,lambda,21
2026-09-24T18:37:27+09:00,lounge,5
2026-09-24T18:37:27+09:00,mu,13
2026-09-24T18:37:27+09:00,omega,0
2026-09-24T18:37:27+09:00,omicron,16
2026-09-24T18:37:27+09:00,sigma,3
2026-09-24T18:37:27+09:00,tau,10
2026-09-24T18:37:27+09:00,theta,7
2026-09-24T18:37:27+09:00,all,217
2026-09-24T18:47:30+09:00,alpha,41
2026-09-24T18:47:30+09:00,delta,60
2026-09-24T18:47:30+09:00,epsilon,25
2026-09-24T18:47:30+09:00,iota,3
2026-09-24T18:47:30+09:00,kappa,7
2026-09-24T18:47:30+09:00,lambda,19
2026-09-24T18:47:30+09:00,lounge,0
2026-09-24T18:47:30+09:00,mu,18
2026-09-24T18:47:30+09:00,omega,0
2026-09-24T18:47:30+09:00,omicron,17
2026-09-24T18:47:30+09:00,sigma,3
2026-09-24T18:47:30+09:00,tau,9
2026-09-24T18:47:30+09:00,theta,3
2026-09-24T18:47:30+09:00,all,205
2026-09-24T18:57:36+09:00,alpha,35
2026-09-24T18:57:36+09:00,delta,60
2026-09-24T18:57:36+09:00,epsilon,28
2026-09-24T18:57:36+09:00,iota,2
2026-09-24T18:57:36+09:00,kappa,7
2026-09-24T18:57:36+09:00,lambda,18
2026-09-24T18:57:36+09:00,lounge,2
2026-09-24T18:57:36+09:00,mu,16
2026-09-24T18:57:36+09:00,omega,0
2026-09-24T18:57:36+09:00,omicron,12
2026-09-24T18:57:36+09:00,sigma,3
2026-09-24T18:57:36+09:00,tau,9
2026-09-24T18:57:36+09:00,theta,3
2026-09-24T18:57:36+09:00,all,195
2026-09-24T19:07:41+09:00,alpha,32
2026-09-24T19:07:41+09:00,delta,56
2026-09-24T19:07:41+09:00,epsilon,27
2026-09-24T19:07:41+09:00,iota,2
2026-09-24T19:07:41+09:00,kappa,7
2026-09-24T19:07:41+09:00,lambda,15
2026-09-24T19:07:41+09:00,lounge,5
2026-09-24T19:07:41+09:00,mu,13
2026-09-24T19:07:41+09:00,omega,0
2026-09-24T19:07:41+09:00,omicron,11
2026-09-24T19:07:41+09:00,sigma,3
2026-09-24T19:07:41+09:00,tau,12
2026-09-24T19:07:41+09:00,theta,1
2026-09-24T19:07:41+09:00,all,184
2026-09-24T19:17:44+09:00,alpha,31
2026-09-24T19:17:44+09:00,delta,52
2026-09-24T19:17:44+09:00,epsilon,22
2026-09-24T19:17:44+09:00,iota,3
2026-09-24T19:17:44+09:00,kappa,7
2026-09-24T19:17:44+09:00,lambda,16
2026-09-24T19:17:44+09:00,lounge,0
2026-09-24T19:17:44+09:00,mu,16
2026-09-24T19:17:44+09:00,omega,1
2026-09-24T19:17:44+09:00,omicron,10
2026-09-24T19:17:44+09:00,sigma,3
2026-09-24T19:17:44+09:00,tau,12
2026-09-24T19:17:44+09:00,theta,6
2026-09-24T19:17:44+09:00,all,179
2026-09-24T19:27:50+09:00,alpha,29
2026-09-24T19:27:50+09:00,delta,52
2026-09-24T19:27:50+09:00,epsilon,10
2026-09-24T19:27:50+09:00,iota,2
2026-09-24T19:27:50+09:00,kappa,9
2026-09-24T19:27:50+09:00,lambda,14
2026-09-24T19:27:50+09:00,lounge,10
2026-09-24T19:27:50+09:00,mu,21
2026-09-24T19:27:50+09:00,omega,1
2026-09-24T19:27:50+09:00,omicron,11
2026-09-24T19:27:50+09:00,sigma,3
2026-09-24T19:27:50+09:00,tau,10
2026-09-24T19:27:50+09:00,theta,5
2026-09-24T19:27:50+09:00,all,177
2026-09-24T19:37:54+09:00,alpha,25
2026-09-24T19:37:54+09:00,delta,51
2026-09-24T19:37:54+09:00,epsilon,8
2026-09-24T19:37:54+09:00,iota,2
2026-09-24T19:37:54+09:00,kappa,7
2026-09-24T19:37:54+09:00,lambda,15
2026-09-24T19:37:54+09:00,lounge,6
2026-09-24T19:37:54+09:00,mu,17
2026-09-24T19:37:54+09:00,omega,4
2026-09-24T19:37:54+09:00,omicron,10
2026-09-24T19:37:54+09:00,sigma,3
2026-09-24T19:37:54+09:00,tau,8
2026-09-24T19:37:54+09:00,theta,5
2026-09-24T19:37:54+09:00,all,161
2026-09-24T19:47:59+09:00,alpha,25
2026-09-24T19:47:59+09:00,delta,50
2026-09-24T19:47:59+09:00,epsilon,6
2026-09-24T19:47:59+09:00,iota,2
2026-09-24T19:47:59+09:00,kappa,7
2026-09-24T19:47:59+09:00,lambda,14
2026-09-24T19:47:59+09:00,lounge,4
2026-09-24T19:47:59+09:00,mu,14
2026-09-24T19:47:59+09:00,omega,2
2026-09-24T19:47:59+09:00,omicron,9
2026-09-24T19:47:59+09:00,sigma,3
2026-09-24T19:47:59+09:00,tau,8
2026-09-24T19:47:59+09:00,theta,2
2026-09-24T19:47:59+09:00,all,146
2026-09-24T19:58:05+09:00,alpha,21
2026-09-24T19:58:05+09:00,delta,45
2026-09-24T19:58:05+09:00,epsilon,6
2026-09-24T19:58:05+09:00,iota,2
2026-09-24T19:58:05+09:00,kappa,7
2026-09-24T19:58:05+09:00,lambda,13
2026-09-24T19:58:05+09:00,lounge,1
2026-09-24T19:58:05+09:00,mu,14
2026-09-24T19:58:05+09:00,omega,0
2026-09-24T19:58:05+09:00,omicron,9
2026-09-24T19:58:05+09:00,sigma,3
2026-09-24T19:58:05+09:00,tau,5
2026-09-24T19:58:05+09:00,theta,2
2026-09-24T19:58:05+09:00,all,128
2026-09-24T19:58:26+09:00,alpha,21
2026-09-24T19:58:26+09:00,delta,45
2026-09-24T19:58:26+09:00,epsilon,6
2026-09-24T19:58:26+09:00,iota,2
2026-09-24T19:58:26+09:00,kappa,7
2026-09-24T19:58:26+09:00,lambda,13
2026-09-24T19:58:26+09:00,lounge,1
2026-09-24T19:58:26+09:00,mu,14
2026-09-24T19:58:26+09:00,omega,0
2026-09-24T19:58:26+09:00,omicron,9
2026-09-24T19:58:26+09:00,sigma,3
2026-09-24T19:58:26+09:00,tau,5
2026-09-24T19:58:26+09:00,theta,2
2026-09-24T19:58:26+09:00,all,128
2026-09-24T20:08:29+09:00,alpha,21
2026-09-24T20:08:29+09:00,delta,44
2026-09-24T20:08:29+09:00,epsilon,6
2026-09-24T20:08:29+09:00,iota,2
2026-09-24T20:08:29+09:00,kappa,7
2026-09-24T20:08:29+09:00,lambda,13
2026-09-24T20:08:29+09:00,lounge,1
2026-09-24T20:08:29+09:00,mu,13
2026-09-24T20:08:29+09:00,omega,0
2026-09-24T20:08:29+09:00,omicron,9
2026-09-24T20:08:29+09:00,sigma,3
2026-09-24T20:08:29+09:00,tau,8
2026-09-24T20:08:29+09:00,theta,0
2026-09-24T20:08:29+09:00,all,127
2026-09-24T20:18:35+09:00,alpha,19
2026-09-24T20:18:35+09:00,delta,44
2026-09-24T20:18:35+09:00,epsilon,6
2026-09-24T20:18:35+09:00,iota,2
2026-09-24T20:18:35+09:00,kappa,7
2026-09-24T20:18:35+09:00,lambda,13
2026-09-24T20:18:35+09:00,lounge,0
2026-09-24T20:18:35+09:00,mu,13
2026-09-24T20:18:35+09:00,omega,1
2026-09-24T20:18:35+09:00,omicron,7
2026-09-24T20:18:35+09:00,sigma,3
2026-09-24T20:18:35+09:00,tau,9
2026-09-24T20:18:35+09:00,theta,0
2026-09-24T20:18:35+09:00,all,124
2026-09-24T20:28:43+09:00,alpha,18
2026-09-24T20:28:43+09:00,delta,44
2026-09-24T20:28:43+09:00,epsilon,5
2026-09-24T20:28:43+09:00,iota,2
2026-09-24T20:28:43+09:00,kappa,8
2026-09-24T20:28:43+09:00,lambda,15
2026-09-24T20:28:43+09:00,lounge,0
2026-09-24T20:28:43+09:00,mu,13
2026-09-24T20:28:43+09:00,omega,0
2026-09-24T20:28:43+09:00,omicron,7
2026-09-24T20:28:43+09:00,sigma,1
2026-09-24T20:28:43+09:00,tau,8
2026-09-24T20:28:43+09:00,theta,0
2026-09-24T20:28:43+09:00,all,121
2026-09-24T20:38:51+09:00,alpha,18
2026-09-24T20:38:51+09:00,delta,43
2026-09-24T20:38:51+09:00,epsilon,5
2026-09-24T20:38:51+09:00,iota,2
2026-09-24T20:38:51+09:00,kappa,7
2026-09-24T20:38:51+09:00,lambda,15
2026-09-24T20:38:51+09:00,lounge,0
2026-09-24T20:38:51+09:00,mu,12
2026-09-24T20:38:51+09:00,omega,0
2026-09-24T20:38:51+09:00,omicron,7
2026-09-24T20:38:51+09:00,sigma,3
2026-09-24T20:38:51+09:00,tau,8
2026-09-24T20:38:51+09:00,theta,0
2026-09-24T20:38:51+09:00,all,120
2026-09-24T20:48:55+09:00,alpha,18
2026-09-24T20:48:55+09:00,delta,43
2026-09-24T20:48:55+09:00,epsilon,4
2026-09-24T20:48:55+09:00,iota,2
2026-09-24T20:48:55+09:00,kappa,7
2026-09-24T20:48:55+09:00,lambda,16
2026-09-24T20:48:55+09:00,lounge,0
2026-09-24T20:48:55+09:00,mu,15
2026-09-24T20:48:55+09:00,omega,0
2026-09-24T20:48:55+09:00,omicron,7
2026-09-24T20:48:55+09:00,sigma,5
2026-09-24T20:48:55+09:00,tau,8
2026-09-24T20:48:55+09:00,theta,0
2026-09-24T20:48:55+09:00,all,125
2026-09-24T20:59:02+09:00,alpha,18
2026-09-24T20:59:02+09:00,delta,43
2026-09-24T20:59:02+09:00,epsilon,4
2026-09-24T20:59:02+09:00,iota,2
2026-09-24T20:59:02+09:00,kappa,7
2026-09-24T20:59:02+09:00,lambda,15
2026-09-24T20:59:02+09:00,lounge,0
2026-09-24T20:59:02+09:00,mu,13
2026-09-24T20:59:02+09:00,omega,0
2026-09-24T20:59:02+09:00,omicron,7
2026-09-24T20:59:02+09:00,sigma,5
2026-09-24T20:59:02+09:00,tau,8
2026-09-24T20:59:02+09:00,theta,1
2026-09-24T20:59:02+09:00,all,123
2026-09-24T21:09:06+09:00,alpha,17
2026-09-24T21:09:06+09:00,delta,43
2026-09-24T21:09:06+09:00,epsilon,4
2026-09-24T21:09:06+09:00,iota,2
2026-09-24T21:09:06+09:00,kappa,7
2026-09-24T21:09:06+09:00,lambda,15
2026-09-24T21:09:06+09:00,lounge,0
2026-09-24T21:09:06+09:00,mu,12
2026-09-24T21:09:06+09:00,omega,0
2026-09-24T21:09:06+09:00,omicron,7
2026-09-24T21:09:06+09:00,sigma,3
2026-09-24T21:09:06+09:00,tau,8
2026-09-24T21:09:06+09:00,theta,2
2026-09-24T21:09:06+09:00,all,120
2026-09-24T21:19:10+09:00,alpha,14
2026-09-24T21:19:10+09:00,delta,46
2026-09-24T21:19:10+09:00,epsilon,4
2026-09-24T21:19:10+09:00,iota,2
2026-09-24T21:19:10+09:00,kappa,7
2026-09-24T21:19:10+09:00,lambda,16
2026-09-24T21:19:10+09:00,lounge,0
2026-09-24T21:19:10+09:00,mu,13
2026-09-24T21:19:10+09:00,omega,2
2026-09-24T21:19:10+09:00,omicron,7
2026-09-24T21:19:10+09:00,sigma,3
2026-09-24T21:19:10+09:00,tau,8
2026-09-24T21:19:10+09:00,theta,2
2026-09-24T21:19:10+09:00,all,124
2026-09-24T21:29:14+09:00,alpha,13
2026-09-24T21:29:14+09:00,delta,48
2026-09-24T21:29:14+09:00,epsilon,5
2026-09-24T21:29:14+09:00,iota,2
2026-09-24T21:29:14+09:00,kappa,6
2026-09-24T21:29:14+09:00,lambda,14
2026-09-24T21:29:14+09:00,lounge,0
2026-09-24T21:29:14+09:00,mu,14
2026-09-24T21:29:14+09:00,omega,1
2026-09-24T21:29:14+09:00,omicron,7
2026-09-24T21:29:14+09:00,sigma,3
2026-09-24T21:29:14+09:00,tau,6
2026-09-24T21:29:14+09:00,theta,1
2026-09-24T21:29:14+09:00,all,120
2026-09-24T21:39:17+09:00,alpha,12
2026-09-24T21:39:17+09:00,delta,49
2026-09-24T21:39:17+09:00,epsilon,4
2026-09-24T21:39:17+09:00,iota,2
2026-09-24T21:39:17+09:00,kappa,6
2026-09-24T21:39:17+09:00,lambda,15
2026-09-24T21:39:17+09:00,lounge,0
2026-09-24T21:39:17+09:00,mu,12
2026-09-24T21:39:17+09:00,omega,0
2026-09-24T21:39:17+09:00,omicron,7
2026-09-24T21:39:17+09:00,sigma,3
2026-09-24T21:39:17+09:00,tau,6
2026-09-24T21:39:17+09:00,theta,0
2026-09-24T21:39:17+09:00,all,116
2026-09-24T21:49:20+09:00,alpha,12
2026-09-24T21:49:20+09:00,delta,49
2026-09-24T21:49:20+09:00,epsilon,4
2026-09-24T21:49:20+09:00,iota,2
2026-09-24T21:49:20+09:00,kappa,6
2026-09-24T21:49:20+09:00,lambda,15
2026-09-24T21:49:20+09:00,lounge,0
2026-09-24T21:49:20+09:00,mu,12
2026-09-24T21:49:20+09:00,omega,0
2026-09-24T21:49:20+09:00,omicron,7
2026-09-24T21:49:20+09:00,sigma,3
2026-09-24T21:49:20+09:00,tau,6
2026-09-24T21:49:20+09:00,theta,0
2026-09-24T21:49:20+09:00,all,116
2026-09-24T21:59:26+09:00,alpha,12
2026-09-24T21:59:26+09:00,delta,49
2026-09-24T21:59:26+09:00,epsilon,5
2026-09-24T21:59:26+09:00,iota,2
2026-09-24T21:59:26+09:00,kappa,6
2026-09-24T21:59:26+09:00,lambda,15
2026-09-24T21:59:26+09:00,lounge,1
2026-09-24T21:59:26+09:00,mu,13
2026-09-24T21:59:26+09:00,omega,0
2026-09-24T21:59:26+09:00,omicron,7
2026-09-24T21:59:26+09:00,sigma,3
2026-09-24T21:59:26+09:00,tau,6
2026-09-24T21:59:26+09:00,theta,0
2026-09-24T21:59:26+09:00,all,119
2026-09-24T22:09:29+09:00,alpha,12
2026-09-24T22:09:29+09:00,delta,46
2026-09-24T22:09:29+09:00,epsilon,4
2026-09-24T22:09:29+09:00,iota,2
2026-09-24T22:09:29+09:00,kappa,6
2026-09-24T22:09:29+09:00,lambda,16
2026-09-24T22:09:29+09:00,lounge,1
2026-09-24T22:09:29+09:00,mu,13
2026-09-24T22:09:29+09:00,omega,0
2026-09-24T22:09:29+09:00,omicron,7
2026-09-24T22:09:29+09:00,sigma,3
2026-09-24T22:09:29+09:00,tau,6
2026-09-24T22:09:29+09:00,theta,1
2026-09-24T22:09:29+09:00,all,117
2026-09-24T22:19:33+09:00,alpha,12
2026-09-24T22:19:33+09:00,delta,46
2026-09-24T22:19:33+09:00,epsilon,5
2026-09-24T22:19:33+09:00,iota,2
2026-09-24T22:19:33+09:00,kappa,6
2026-09-24T22:19:33+09:00,lambda,15
2026-09-24T22:19:33+09:00,lounge,0
2026-09-24T22:19:33+09:00,mu,12
2026-09-24T22:19:33+09:00,omega,0
2026-09-24T22:19:33+09:00,omicron,7
2026-09-24T22:19:33+09:00,sigma,3
2026-09-24T22:19:33+09:00,tau,6
2026-09-24T22:19:33+09:00,theta,1
2026-09-24T22:19:33+09:00,all,115
2026-09-24T22:29:36+09:00,alpha,12
2026-09-24T22:29:36+09:00,delta,40
2026-09-24T22:29:36+09:00,epsilon,5
2026-09-24T22:29:36+09:00,iota,2
2026-09-24T22:29:36+09:00,kappa,6
2026-09-24T22:29:36+09:00,lambda,15
2026-09-24T22:29:36+09:00,lounge,0
2026-09-24T22:29:36+09:00,mu,12
2026-09-24T22:29:36+09:00,omega,0
2026-09-24T22:29:36+09:00,omicron,7
2026-09-24T22:29:36+09:00,sigma,3
2026-09-24T22:29:36+09:00,tau,6
2026-09-24T22:29:36+09:00,theta,0
2026-09-24T22:29:36+09:00,all,108
2026-09-24T22:39:40+09:00,alpha,12
2026-09-24T22:39:40+09:00,delta,38
2026-09-24T22:39:40+09:00,epsilon,4
2026-09-24T22:39:40+09:00,iota,2
2026-09-24T22:39:40+09:00,kappa,6
2026-09-24T22:39:40+09:00,lambda,15
2026-09-24T22:39:40+09:00,lounge,0
2026-09-24T22:39:40+09:00,mu,12
2026-09-24T22:39:40+09:00,omega,0
2026-09-24T22:39:40+09:00,omicron,7
2026-09-24T22:39:40+09:00,sigma,3
2026-09-24T22:39:40+09:00,tau,7
2026-09-24T22:39:40+09:00,theta,0
2026-09-24T22:39:40+09:00,all,106
2026-09-24T22:49:43+09:00,alpha,12
2026-09-24T22:49:43+09:00,delta,38
2026-09-24T22:49:43+09:00,epsilon,4
2026-09-24T22:49:43+09:00,iota,2
2026-09-24T22:49:43+09:00,kappa,6
2026-09-24T22:49:43+09:00,lambda,15
2026-09-24T22:49:43+09:00,lounge,0
2026-09-24T22:49:43+09:00,mu,12
2026-09-24T22:49:43+09:00,omega,0
2026-09-24T22:49:43+09:00,omicron,7
2026-09-24T22:49:43+09:00,sigma,4
2026-09-24T22:49:43+09:00,tau,6
2026-09-24T22:49:43+09:00,theta,0
2026-09-24T22:49:43+09:00,all,106
2026-09-24T22:59:47+09:00,alpha,12
2026-09-24T22:59:47+09:00,delta,37
2026-09-24T22:59:47+09:00,epsilon,4
2026-09-24T22:59:47+09:00,iota,2
2026-09-24T22:59:47+09:00,kappa,7
2026-09-24T22:59:47+09:00,lambda,15
2026-09-24T22:59:47+09:00,lounge,0
2026-09-24T22:59:47+09:00,mu,12
2026-09-24T22:59:47+09:00,omega,0
2026-09-24T22:59:47+09:00,omicron,7
2026-09-24T22:59:47+09:00,sigma,3
2026-09-24T22:59:47+09:00,tau,6
2026-09-24T22:59:47+09:00,theta,0
2026-09-24T22:59:47+09:00,all,105
2026-09-24T23:09:50+09:00,alpha,12
2026-09-24T23:09:50+09:00,delta,36
2026-09-24T23:09:50+09:00,epsilon,5
2026-09-24T23:09:50+09:00,iota,2
2026-09-24T23:09:50+09:00,kappa,7
2026-09-24T23:09:50+09:00,lambda,14
2026-09-24T23:09:50+09:00,lounge,0
2026-09-24T23:09:50+09:00,mu,12
2026-09-24T23:09:50+09:00,omega,0
2026-09-24T23:09:50+09:00,omicron,7
2026-09-24T23:09:50+09:00,sigma,3
2026-09-24T23:09:50+09:00,tau,6
2026-09-24T23:09:50+09:00,theta,0
2026-09-24T23:09:50+09:00,all,104
2026-09-24T23:19:55+09:00,alpha,12
2026-09-24T23:19:55+09:00,delta,36
2026-09-24T23:19:55+09:00,epsilon,6
2026-09-24T23:19:55+09:00,iota,2
2026-09-24T23:19:55+09:00,kappa,6
2026-09-24T23:19:55+09:00,lambda,13
2026-09-24T23:19:55+09:00,lounge,0
2026-09-24T23:19:55+09:00,mu,12
2026-09-24T23:19:55+09:00,omega,0
2026-09-24T23:19:55+09:00,omicron,7
2026-09-24T23:19:55+09:00,sigma,3
2026-09-24T23:19:55+09:00,tau,6
2026-09-24T23:19:55+09:00,theta,0
2026-09-24T23:19:55+09:00,all,103
2026-09-24T23:30:01+09:00,alpha,12
2026-09-24T23:30:01+09:00,delta,36
2026-09-24T23:30:01+09:00,epsilon,6
2026-09-24T23:30:01+09:00,iota,2
2026-09-24T23:30:01+09:00,kappa,6
2026-09-24T23:30:01+09:00,lambda,13
2026-09-24T23:30:01+09:00,lounge,0
2026-09-24T23:30:01+09:00,mu,12
2026-09-24T23:30:01+09:00,omega,0
2026-09-24T23:30:01+09:00,omicron,7
2026-09-24T23:30:01+09:00,sigma,3
2026-09-24T23:30:01+09:00,tau,6
2026-09-24T23:30:01+09:00,theta,0
2026-09-24T23:30:01+09:00,all,103
2026-09-24T23:40:10+09:00,alpha,12
2026-09-24T23:40:10+09:00,delta,36
2026-09-24T23:40:10+09:00,epsilon,6
2026-09-24T23:40:10+09:00,iota,2
2026-09-24T23:40:10+09:00,kappa,6
2026-09-24T23:40:10+09:00,lambda,13
2026-09-24T23:40:10+09:00,lounge,0
2026-09-24T23:40:10+09:00,mu,12
2026-09-24T23:40:10+09:00,omega,0
2026-09-24T23:40:10+09:00,omicron,7
2026-09-24T23:40:10+09:00,sigma,3
2026-09-24T23:40:10+09:00,tau,6
2026-09-24T23:40:10+09:00,theta,0
2026-09-24T23:40:10+09:00,all,103
2026-09-24T23:50:20+09:00,alpha,12
2026-09-24T23:50:20+09:00,delta,36
2026-09-24T23:50:20+09:00,epsilon,6
2026-09-24T23:50:20+09:00,iota,2
2026-09-24T23:50:20+09:00,kappa,6
2026-09-24T23:50:20+09:00,lambda,13
2026-09-24T23:50:20+09:00,lounge,0
2026-09-24T23:50:20+09:00,mu,12
2026-09-24T23:50:20+09:00,omega,0
2026-09-24T23:50:20+09:00,omicron,7
2026-09-24T23:50:20+09:00,sigma,3
2026-09-24T23:50:20+09:00,tau,6
2026-09-24T23:50:20+09:00,theta,0
2026-09-24T23:50:20+09:00,all,103
2026-09-25T00:00:24+09:00,alpha,12
2026-09-25T00:00:24+09:00,delta,35
2026-09-25T00:00:24+09:00,epsilon,6
2026-09-25T00:00:24+09:00,iota,2
2026-09-25T00:00:24+09:00,kappa,6
2026-09-25T00:00:24+09:00,lambda,13
2026-09-25T00:00:24+09:00,lounge,0
2026-09-25T00:00:24+09:00,mu,12
2026-09-25T00:00:24+09:00,omega,0
2026-09-25T00:00:24+09:00,omicron,7
2026-09-25T00:00:24+09:00,sigma,3
2026-09-25T00:00:24+09:00,tau,6
2026-09-25T00:00:24+09:00,theta,0
2026-09-25T00:00:24+09:00,all,102
2026-09-25T00:10:31+09:00,alpha,12
2026-09-25T00:10:31+09:00,delta,35
2026-09-25T00:10:31+09:00,epsilon,6
2026-09-25T00:10:31+09:00,iota,2
2026-09-25T00:10:31+09:00,kappa,6
2026-09-25T00:10:31+09:00,lambda,13
2026-09-25T00:10:31+09:00,lounge,0
2026-09-25T00:10:31+09:00,mu,12
2026-09-25T00:10:31+09:00,omega,0
2026-09-25T00:10:31+09:00,omicron,7
2026-09-25T00:10:31+09:00,sigma,3
2026-09-25T00:10:31+09:00,tau,6
2026-09-25T00:10:31+09:00,theta,0
2026-09-25T00:10:31+09:00,all,102
2026-09-25T00:20:34+09:00,alpha,12
2026-09-25T00:20:34+09:00,delta,35
2026-09-25T00:20:34+09:00,epsilon,6
2026-09-25T00:20:34+09:00,iota,2
2026-09-25T00:20:34+09:00,kappa,6
2026-09-25T00:20:34+09:00,lambda,13
2026-09-25T00:20:34+09:00,lounge,0
2026-09-25T00:20:34+09:00,mu,12
2026-09-25T00:20:34+09:00,omega,0
2026-09-25T00:20:34+09:00,omicron,7
2026-09-25T00:20:34+09:00,sigma,3
2026-09-25T00:20:34+09:00,tau,6
2026-09-25T00:20:34+09:00,theta,0
2026-09-25T00:20:34+09:00,all,102
2026-09-25T00:30:40+09:00,alpha,12
2026-09-25T00:30:40+09:00,delta,35
2026-09-25T00:30:40+09:00,epsilon,6
2026-09-25T00:30:40+09:00,iota,2
2026-09-25T00:30:40+09:00,kappa,6
2026-09-25T00:30:40+09:00,lambda,13
2026-09-25T00:30:40+09:00,lounge,0
2026-09-25T00:30:40+09:00,mu,12
2026-09-25T00:30:40+09:00,omega,0
2026-09-25T00:30:40+09:00,omicron,7
2026-09-25T00:30:40+09:00,sigma,3
2026-09-25T00:30:40+09:00,tau,6
2026-09-25T00:30:40+09:00,theta,0
2026-09-25T00:30:40+09:00,all,102
2026-09-25T00:40:47+09:00,alpha,12
2026-09-25T00:40:47+09:00,delta,35
2026-09-25T00:40:47+09:00,epsilon,6
2026-09-25T00:40:47+09:00,iota,2
2026-09-25T00:40:47+09:00,kappa,6
2026-09-25T00:40:47+09:00,lambda,13
2026-09-25T00:40:47+09:00,lounge,0
2026-09-25T00:40:47+09:00,mu,11
2026-09-25T00:40:47+09:00,omega,0
2026-09-25T00:40:47+09:00,omicron,7
2026-09-25T00:40:47+09:00,sigma,3
2026-09-25T00:40:47+09:00,tau,6
2026-09-25T00:40:47+09:00,theta,0
2026-09-25T00:40:47+09:00,all,101
2026-09-25T00:50:53+09:00,alpha,12
2026-09-25T00:50:53+09:00,delta,35
2026-09-25T00:50:53+09:00,epsilon,6
2026-09-25T00:50:53+09:00,iota,2
2026-09-25T00:50:53+09:00,kappa,6
2026-09-25T00:50:53+09:00,lambda,13
2026-09-25T00:50:53+09:00,lounge,0
2026-09-25T00:50:53+09:00,mu,10
2026-09-25T00:50:53+09:00,omega,0
2026-09-25T00:50:53+09:00,omicron,7
2026-09-25T00:50:53+09:00,sigma,3
2026-09-25T00:50:53+09:00,tau,6
2026-09-25T00:50:53+09:00,theta,0
2026-09-25T00:50:53+09:00,all,100
2026-09-25T01:00:59+09:00,alpha,11
2026-09-25T01:00:59+09:00,delta,35
2026-09-25T01:00:59+09:00,epsilon,6
2026-09-25T01:00:59+09:00,iota,2
2026-09-25T01:00:59+09:00,kappa,6
2026-09-25T01:00:59+09:00,lambda,13
2026-09-25T01:00:59+09:00,lounge,0
2026-09-25T01:00:59+09:00,mu,10
2026-09-25T01:00:59+09:00,omega,0
2026-09-25T01:00:59+09:00,omicron,7
2026-09-25T01:00:59+09:00,sigma,3
2026-09-25T01:00:59+09:00,tau,6
2026-09-25T01:00:59+09:00,theta,0
2026-09-25T01:00:59+09:00,all,99
2026-09-25T01:11:06+09:00,alpha,12
2026-09-25T01:11:06+09:00,delta,35
2026-09-25T01:11:06+09:00,epsilon,6
2026-09-25T01:11:06+09:00,iota,2
2026-09-25T01:11:06+09:00,kappa,6
2026-09-25T01:11:06+09:00,lambda,13
2026-09-25T01:11:06+09:00,lounge,0
2026-09-25T01:11:06+09:00,mu,10
2026-09-25T01:11:06+09:00,omega,0
2026-09-25T01:11:06+09:00,omicron,7
2026-09-25T01:11:06+09:00,sigma,3
2026-09-25T01:11:06+09:00,tau,6
2026-09-25T01:11:06+09:00,theta,0
2026-09-25T01:11:06+09:00,all,100
2026-09-25T01:21:10+09:00,alpha,12
2026-09-25T01:21:10+09:00,delta,35
2026-09-25T01:21:10+09:00,epsilon,6
2026-09-25T01:21:10+09:00,iota,2
2026-09-25T01:21:10+09:00,kappa,6
2026-09-25T01:21:10+09:00,lambda,13
2026-09-25T01:21:10+09:00,lounge,0
2026-09-25T01:21:10+09:00,mu,10
2026-09-25T01:21:10+09:00,omega,0
2026-09-25T01:21:10+09:00,omicron,7
2026-09-25T01:21:10+09:00,sigma,3
2026-09-25T01:21:10+09:00,tau,6
2026-09-25T01:21:10+09:00,theta,0
2026-09-25T01:21:10+09:00,all,100
2026-09-25T01:21:27+09:00,alpha,12
2026-09-25T01:21:27+09:00,delta,35
2026-09-25T01:21:27+09:00,epsilon,6
2026-09-25T01:21:27+09:00,iota,2
2026-09-25T01:21:27+09:00,kappa,6
2026-09-25T01:21:27+09:00,lambda,13
2026-09-25T01:21:27+09:00,lounge,0
2026-09-25T01:21:27+09:00,mu,10
2026-09-25T01:21:27+09:00,omega,0
2026-09-25T01:21:27+09:00,omicron,7
2026-09-25T01:21:27+09:00,sigma,3
2026-09-25T01:21:27+09:00,tau,6
2026-09-25T01:21:27+09:00,theta,0
2026-09-25T01:21:27+09:00,all,100
2026-09-25T01:31:30+09:00,alpha,12
2026-09-25T01:31:30+09:00,delta,35
2026-09-25T01:31:30+09:00,epsilon,6
2026-09-25T01:31:30+09:00,iota,2
2026-09-25T01:31:30+09:00,kappa,6
2026-09-25T01:31:30+09:00,lambda,13
2026-09-25T01:31:30+09:00,lounge,0
2026-09-25T01:31:30+09:00,mu,10
2026-09-25T01:31:30+09:00,omega,0
2026-09-25T01:31:30+09:00,omicron,7
2026-09-25T01:31:30+09:00,sigma,4
2026-09-25T01:31:30+09:00,tau,6
2026-09-25T01:31:30+09:00,theta,0
2026-09-25T01:31:30+09:00,all,101
2026-09-25T01:41:33+09:00,alpha,12
2026-09-25T01:41:33+09:00,delta,35
2026-09-25T01:41:33+09:00,epsilon,6
2026-09-25T01:41:33+09:00,iota,2
2026-09-25T01:41:33+09:00,kappa,6
2026-09-25T01:41:33+09:00,lambda,13
2026-09-25T01:41:33+09:00,lounge,0
2026-09-25T01:41:33+09:00,mu,10
2026-09-25T01:41:33+09:00,omega,0
2026-09-25T01:41:33+09:00,omicron,7
2026-09-25T01:41:33+09:00,sigma,4
2026-09-25T01:41:33+09:00,tau,6
2026-09-25T01:41:33+09:00,theta,0
2026-09-25T01:41:33+09:00,all,101
2026-09-25T01:51:38+09:00,alpha,12
2026-09-25T01:51:38+09:00,delta,35
2026-09-25T01:51:38+09:00,epsilon,6
2026-09-25T01:51:38+09:00,iota,2
2026-09-25T01:51:38+09:00,kappa,6
2026-09-25T01:51:38+09:00,lambda,13
2026-09-25T01:51:38+09:00,lounge,0
2026-09-25T01:51:38+09:00,mu,10
2026-09-25T01:51:38+09:00,omega,0
2026-09-25T01:51:38+09:00,omicron,7
2026-09-25T01:51:38+09:00,sigma,3
2026-09-25T01:51:38+09:00,tau,6
2026-09-25T01:51:38+09:00,theta,0
2026-09-25T01:51:38+09:00,all,100
2026-09-25T02:01:45+09:00,alpha,12
2026-09-25T02:01:45+09:00,delta,35
2026-09-25T02:01:45+09:00,epsilon,6
2026-09-25T02:01:45+09:00,iota,2
2026-09-25T02:01:45+09:00,kappa,6
2026-09-25T02:01:45+09:00,lambda,13
2026-09-25T02:01:45+09:00,lounge,0
2026-09-25T02:01:45+09:00,mu,10
2026-09-25T02:01:45+09:00,omega,0
2026-09-25T02:01:45+09:00,omicron,7
2026-09-25T02:01:45+09:00,sigma,3
2026-09-25T02:01:45+09:00,tau,6
2026-09-25T02:01:45+09:00,theta,0
2026-09-25T02:01:45+09:00,all,100
2026-09-25T02:11:47+09:00,alpha,12
2026-09-25T02:11:47+09:00,delta,34
2026-09-25T02:11:47+09:00,epsilon,6
2026-09-25T02:11:47+09:00,iota,2
2026-09-25T02:11:47+09:00,kappa,6
2026-09-25T02:11:47+09:00,lambda,13
2026-09-25T02:11:47+09:00,lounge,0
2026-09-25T02:11:47+09:00,mu,10
2026-09-25T02:11:47+09:00,omega,0
2026-09-25T02:11:47+09:00,omicron,7
2026-09-25T02:11:47+09:00,sigma,3
2026-09-25T02:11:47+09:00,tau,6
2026-09-25T02:11:47+09:00,theta,0
2026-09-25T02:11:47+09:00,all,99
2026-09-25T02:21:50+09:00,alpha,12
2026-09-25T02:21:50+09:00,delta,34
2026-09-25T02:21:50+09:00,epsilon,6
2026-09-25T02:21:50+09:00,iota,2
2026-09-25T02:21:50+09:00,kappa,6
2026-09-25T02:21:50+09:00,lambda,13
2026-09-25T02:21:50+09:00,lounge,0
2026-09-25T02:21:50+09:00,mu,11
2026-09-25T02:21:50+09:00,omega,0
2026-09-25T02:21:50+09:00,omicron,7
2026-09-25T02:21:50+09:00,sigma,3
2026-09-25T02:21:50+09:00,tau,6
2026-09-25T02:21:50+09:00,theta,0
2026-09-25T02:21:50+09:00,all,100
2026-09-25T02:31:53+09:00,alpha,12
2026-09-25T02:31:53+09:00,delta,34
2026-09-25T02:31:53+09:00,epsilon,6
2026-09-25T02:31:53+09:00,iota,2
2026-09-25T02:31:53+09:00,kappa,6
2026-09-25T02:31:53+09:00,lambda,13
2026-09-25T02:31:53+09:00,lounge,0
2026-09-25T02:31:53+09:00,mu,11
2026-09-25T02:31:53+09:00,omega,0
2026-09-25T02:31:53+09:00,omicron,7
2026-09-25T02:31:53+09:00,sigma,3
2026-09-25T02:31:53+09:00,tau,6
2026-09-25T02:31:53+09:00,theta,0
2026-09-25T02:31:53+09:00,all,100
2026-09-25T02:41:56+09:00,alpha,12
2026-09-25T02:41:56+09:00,delta,34
2026-09-25T02:41:56+09:00,epsilon,6
2026-09-25T02:41:56+09:00,iota,2
2026-09-25T02:41:56+09:00,kappa,6
2026-09-25T02:41:56+09:00,lambda,13
2026-09-25T02:41:56+09:00,lounge,0
2026-09-25T02:41:56+09:00,mu,10
2026-09-25T02:41:56+09:00,omega,0
2026-09-25T02:41:56+09:00,omicron,7
2026-09-25T02:41:56+09:00,sigma,3
2026-09-25T02:41:56+09:00,tau,6
2026-09-25T02:41:56+09:00,theta,0
2026-09-25T02:41:56+09:00,all,99
2026-09-25T02:51:59+09:00,alpha,12
2026-09-25T02:51:59+09:00,delta,34
2026-09-25T02:51:59+09:00,epsilon,6
2026-09-25T02:51:59+09:00,iota,2
2026-09-25T02:51:59+09:00,kappa,6
2026-09-25T02:51:59+09:00,lambda,13
2026-09-25T02:51:59+09:00,lounge,0
2026-09-25T02:51:59+09:00,mu,10
2026-09-25T02:51:59+09:00,omega,0
2026-09-25T02:51:59+09:00,omicron,7
2026-09-25T02:51:59+09:00,sigma,3
2026-09-25T02:51:59+09:00,tau,4
2026-09-25T02:51:59+09:00,theta,1
2026-09-25T02:51:59+09:00,all,98
2026-09-25T03:02:02+09:00,alpha,12
2026-09-25T03:02:02+09:00,delta,34
2026-09-25T03:02:02+09:00,epsilon,6
2026-09-25T03:02:02+09:00,iota,2
2026-09-25T03:02:02+09:00,kappa,6
2026-09-25T03:02:02+09:00,lambda,13
2026-09-25T03:02:02+09:00,lounge,0
2026-09-25T03:02:02+09:00,mu,10
2026-09-25T03:02:02+09:00,omega,0
2026-09-25T03:02:02+09:00,omicron,7
2026-09-25T03:02:02+09:00,sigma,3
2026-09-25T03:02:02+09:00,tau,3
2026-09-25T03:02:02+09:00,theta,1
2026-09-25T03:02:02+09:00,all,97
2026-09-25T03:12:05+09:00,alpha,12
2026-09-25T03:12:05+09:00,delta,34
2026-09-25T03:12:05+09:00,epsilon,6
2026-09-25T03:12:05+09:00,iota,2
2026-09-25T03:12:05+09:00,kappa,6
2026-09-25T03:12:05+09:00,lambda,13
2026-09-25T03:12:05+09:00,lounge,0
2026-09-25T03:12:05+09:00,mu,10
2026-09-25T03:12:05+09:00,omega,0
2026-09-25T03:12:05+09:00,omicron,7
2026-09-25T03:12:05+09:00,sigma,3
2026-09-25T03:12:05+09:00,tau,3
2026-09-25T03:12:05+09:00,theta,0
2026-09-25T03:12:05+09:00,all,96
2026-09-25T03:22:08+09:00,alpha,12
2026-09-25T03:22:08+09:00,delta,34
2026-09-25T03:22:08+09:00,epsilon,6
2026-09-25T03:22:08+09:00,iota,2
2026-09-25T03:22:08+09:00,kappa,6
2026-09-25T03:22:08+09:00,lambda,13
2026-09-25T03:22:08+09:00,lounge,0
2026-09-25T03:22:08+09:00,mu,10
2026-09-25T03:22:08+09:00,omega,0
2026-09-25T03:22:08+09:00,omicron,7
2026-09-25T03:22:08+09:00,sigma,3
2026-09-25T03:22:08+09:00,tau,3
2026-09-25T03:22:08+09:00,theta,0
2026-09-25T03:22:08+09:00,all,96
2026-09-25T03:32:11+09:00,alpha,12
2026-09-25T03:32:11+09:00,delta,34
2026-09-25T03:32:11+09:00,epsilon,6
2026-09-25T03:32:11+09:00,iota,2
2026-09-25T03:32:11+09:00,kappa,6
2026-09-25T03:32:11+09:00,lambda,13
2026-09-25T03:32:11+09:00,lounge,0
2026-09-25T03:32:11+09:00,mu,11
2026-09-25T03:32:11+09:00,omega,0
2026-09-25T03:32:11+09:00,omicron,7
2026-09-25T03:32:11+09:00,sigma,3
2026-09-25T03:32:11+09:00,tau,3
2026-09-25T03:32:11+09:00,theta,0
2026-09-25T03:32:11+09:00,all,97
2026-09-25T03:42:14+09:00,alpha,12
2026-09-25T03:42:14+09:00,delta,34
2026-09-25T03:42:14+09:00,epsilon,6
2026-09-25T03:42:14+09:00,iota,2
2026-09-25T03:42:14+09:00,kappa,6
2026-09-25T03:42:14+09:00,lambda,13
2026-09-25T03:42:14+09:00,lounge,0
2026-09-25T03:42:14+09:00,mu,11
2026-09-25T03:42:14+09:00,omega,0
2026-09-25T03:42:14+09:00,omicron,7
2026-09-25T03:42:14+09:00,sigma,3
2026-09-25T03:42:14+09:00,tau,3
2026-09-25T03:42:14+09:00,theta,0
2026-09-25T03:42:14+09:00,all,97
2026-09-25T03:52:18+09:00,alpha,12
2026-09-25T03:52:18+09:00,delta,34
2026-09-25T03:52:18+09:00,epsilon,6
2026-09-25T03:52:18+09:00,iota,2
2026-09-25T03:52:18+09:00,kappa,6
2026-09-25T03:52:18+09:00,lambda,13
2026-09-25T03:52:18+09:00,lounge,0
2026-09-25T03:52:18+09:00,mu,11
2026-09-25T03:52:18+09:00,omega,0
2026-09-25T03:52:18+09:00,omicron,7
2026-09-25T03:52:18+09:00,sigma,3
2026-09-25T03:52:18+09:00,tau,3
2026-09-25T03:52:18+09:00,theta,0
2026-09-25T03:52:18+09:00,all,97
2026-09-25T04:02:20+09:00,alpha,13
2026-09-25T04:02:20+09:00,delta,34
2026-09-25T04:02:20+09:00,epsilon,6
2026-09-25T04:02:20+09:00,iota,2
2026-09-25T04:02:20+09:00,kappa,6
2026-09-25T04:02:20+09:00,lambda,13
2026-09-25T04:02:20+09:00,lounge,0
2026-09-25T04:02:20+09:00,mu,11
2026-09-25T04:02:20+09:00,omega,0
2026-09-25T04:02:20+09:00,omicron,7
2026-09-25T04:02:20+09:00,sigma,3
2026-09-25T04:02:20+09:00,tau,3
2026-09-25T04:02:20+09:00,theta,0
2026-09-25T04:02:20+09:00,all,98
2026-09-25T04:12:24+09:00,alpha,13
2026-09-25T04:12:24+09:00,delta,34
2026-09-25T04:12:24+09:00,epsilon,6
2026-09-25T04:12:24+09:00,iota,2
2026-09-25T04:12:24+09:00,kappa,6
2026-09-25T04:12:24+09:00,lambda,13
2026-09-25T04:12:24+09:00,lounge,0
2026-09-25T04:12:24+09:00,mu,10
2026-09-25T04:12:24+09:00,omega,0
2026-09-25T04:12:24+09:00,omicron,7
2026-09-25T04:12:24+09:00,sigma,3
2026-09-25T04:12:24+09:00,tau,3
2026-09-25T04:12:24+09:00,theta,0
2026-09-25T04:12:24+09:00,all,97
2026-09-25T04:22:27+09:00,alpha,12
2026-09-25T04:22:27+09:00,delta,34
2026-09-25T04:22:27+09:00,epsilon,6
2026-09-25T04:22:27+09:00,iota,2
2026-09-25T04:22:27+09:00,kappa,6
2026-09-25T04:22:27+09:00,lambda,13
2026-09-25T04:22:27+09:00,lounge,0
2026-09-25T04:22:27+09:00,mu,10
2026-09-25T04:22:27+09:00,omega,0
2026-09-25T04:22:27+09:00,omicron,7
2026-09-25T04:22:27+09:00,sigma,3
2026-09-25T04:22:27+09:00,tau,3
2026-09-25T04:22:27+09:00,theta,0
2026-09-25T04:22:27+09:00,all,96
2026-09-25T04:32:30+09:00,alpha,12
2026-09-25T04:32:30+09:00,delta,34
2026-09-25T04:32:30+09:00,epsilon,6
2026-09-25T04:32:30+09:00,iota,2
2026-09-25T04:32:30+09:00,kappa,6
2026-09-25T04:32:30+09:00,lambda,13
2026-09-25T04:32:30+09:00,lounge,0
2026-09-25T04:32:30+09:00,mu,10
2026-09-25T04:32:30+09:00,omega,0
2026-09-25T04:32:30+09:00,omicron,7
2026-09-25T04:32:30+09:00,sigma,3
2026-09-25T04:32:30+09:00,tau,3
2026-09-25T04:32:30+09:00,theta,0
2026-09-25T04:32:30+09:00,all,96
2026-09-25T04:42:32+09:00,alpha,12
2026-09-25T04:42:32+09:00,delta,34
2026-09-25T04:42:32+09:00,epsilon,6
2026-09-25T04:42:32+09:00,iota,2
2026-09-25T04:42:32+09:00,kappa,6
2026-09-25T04:42:32+09:00,lambda,13
2026-09-25T04:42:32+09:00,lounge,0
2026-09-25T04:42:32+09:00,mu,11
2026-09-25T04:42:32+09:00,omega,0
2026-09-25T04:42:32+09:00,omicron,7
2026-09-25T04:42:32+09:00,sigma,4
2026-09-25T04:42:32+09:00,tau,3
2026-09-25T04:42:32+09:00,theta,0
2026-09-25T04:42:32+09:00,all,98
2026-09-25T04:52:35+09:00,alpha,12
2026-09-25T04:52:35+09:00,delta,34
2026-09-25T04:52:35+09:00,epsilon,6
2026-09-25T04:52:35+09:00,iota,2
2026-09-25T04:52:35+09:00,kappa,6
2026-09-25T04:52:35+09:00,lambda,13
2026-09-25T04:52:35+09:00,lounge,0
2026-09-25T04:52:35+09:00,mu,11
2026-09-25T04:52:35+09:00,omega,0
2026-09-25T04:52:35+09:00,omicron,7
2026-09-25T04:52:35+09:00,sigma,4
2026-09-25T04:52:35+09:00,tau,3
2026-09-25T04:52:35+09:00,theta,0
2026-09-25T04:52:35+09:00,all,98
2026-09-25T05:02:38+09:00,alpha,12
2026-09-25T05:02:38+09:00,delta,34
2026-09-25T05:02:38+09:00,epsilon,6
2026-09-25T05:02:38+09:00,iota,2
2026-09-25T05:02:38+09:00,kappa,6
2026-09-25T05:02:38+09:00,lambda,13
2026-09-25T05:02:38+09:00,lounge,0
2026-09-25T05:02:38+09:00,mu,11
2026-09-25T05:02:38+09:00,omega,0
2026-09-25T05:02:38+09:00,omicron,6
2026-09-25T05:02:38+09:00,sigma,3
2026-09-25T05:02:38+09:00,tau,3
2026-09-25T05:02:38+09:00,theta,0
2026-09-25T05:02:38+09:00,all,96
2026-09-25T05:12:41+09:00,alpha,12
2026-09-25T05:12:41+09:00,delta,34
2026-09-25T05:12:41+09:00,epsilon,6
2026-09-25T05:12:41+09:00,iota,2
2026-09-25T05:12:41+09:00,kappa,6
2026-09-25T05:12:41+09:00,lambda,13
2026-09-25T05:12:41+09:00,lounge,0
2026-09-25T05:12:41+09:00,mu,11
2026-09-25T05:12:41+09:00,omega,0
2026-09-25T05:12:41+09:00,omicron,7
2026-09-25T05:12:41+09:00,sigma,3
2026-09-25T05:12:41+09:00,tau,3
2026-09-25T05:12:41+09:00,theta,0
2026-09-25T05:12:41+09:00,all,97
2026-09-25T05:22:44+09:00,alpha,12
2026-09-25T05:22:44+09:00,delta,34
2026-09-25T05:22:44+09:00,epsilon,6
2026-09-25T05:22:44+09:00,iota,2
2026-09-25T05:22:44+09:00,kappa,6
2026-09-25T05:22:44+09:00,lambda,13
2026-09-25T05:22:44+09:00,lounge,0
2026-09-25T05:22:44+09:00,mu,11
2026-09-25T05:22:44+09:00,omega,0
2026-09-25T05:22:44+09:00,omicron,7
2026-09-25T05:22:44+09:00,sigma,3
2026-09-25T05:22:44+09:00,tau,3
2026-09-25T05:22:44+09:00,theta,0
2026-09-25T05:22:44+09:00,all,97
2026-09-25T05:32:47+09:00,alpha,13
2026-09-25T05:32:47+09:00,delta,34
2026-09-25T05:32:47+09:00,epsilon,6
2026-09-25T05:32:47+09:00,iota,2
2026-09-25T05:32:47+09:00,kappa,6
2026-09-25T05:32:47+09:00,lambda,13
2026-09-25T05:32:47+09:00,lounge,0
2026-09-25T05:32:47+09:00,mu,11
2026-09-25T05:32:47+09:00,omega,0
2026-09-25T05:32:47+09:00,omicron,7
2026-09-25T05:32:47+09:00,sigma,3
2026-09-25T05:32:47+09:00,tau,3
2026-09-25T05:32:47+09:00,theta,0
2026-09-25T05:32:47+09:00,all,98
2026-09-25T05:42:49+09:00,alpha,13
2026-09-25T05:42:49+09:00,delta,34
2026-09-25T05:42:49+09:00,epsilon,6
2026-09-25T05:42:49+09:00,iota,2
2026-09-25T05:42:49+09:00,kappa,6
2026-09-25T05:42:49+09:00,lambda,13
2026-09-25T05:42:49+09:00,lounge,0
2026-09-25T05:42:49+09:00,mu,11
2026-09-25T05:42:49+09:00,omega,0
2026-09-25T05:42:49+09:00,omicron,7
2026-09-25T05:42:49+09:00,sigma,3
2026-09-25T05:42:49+09:00,tau,3
2026-09-25T05:42:49+09:00,theta,0
2026-09-25T05:42:49+09:00,all,98
2026-09-25T05:52:52+09:00,alpha,13
2026-09-25T05:52:52+09:00,delta,34
2026-09-25T05:52:52+09:00,epsilon,6
2026-09-25T05:52:52+09:00,iota,2
2026-09-25T05:52:52+09:00,kappa,6
2026-09-25T05:52:52+09:00,lambda,13
2026-09-25T05:52:52+09:00,lounge,0
2026-09-25T05:52:52+09:00,mu,11
2026-09-25T05:52:52+09:00,omega,0
2026-09-25T05:52:52+09:00,omicron,7
2026-09-25T05:52:52+09:00,sigma,3
2026-09-25T05:52:52+09:00,tau,3
2026-09-25T05:52:52+09:00,theta,0
2026-09-25T05:52:52+09:00,all,98
2026-09-25T06:02:55+09:00,alpha,13
2026-09-25T06:02:55+09:00,delta,34
2026-09-25T06:02:55+09:00,epsilon,6
2026-09-25T06:02:55+09:00,iota,2
2026-09-25T06:02:55+09:00,kappa,6
2026-09-25T06:02:55+09:00,lambda,13
2026-09-25T06:02:55+09:00,lounge,0
2026-09-25T06:02:55+09:00,mu,11
2026-09-25T06:02:55+09:00,omega,0
2026-09-25T06:02:55+09:00,omicron,7
2026-09-25T06:02:55+09:00,sigma,3
2026-09-25T06:02:55+09:00,tau,3
2026-09-25T06:02:55+09:00,theta,0
2026-09-25T06:02:55+09:00,all,98
2026-09-25T06:10:01+09:00,all,0
2026-09-25T06:12:57+09:00,alpha,13
2026-09-25T06:12:57+09:00,delta,34
2026-09-25T06:12:57+09:00,epsilon,6
2026-09-25T06:12:57+09:00,iota,2
2026-09-25T06:12:57+09:00,kappa,6
2026-09-25T06:12:57+09:00,lambda,13
2026-09-25T06:12:57+09:00,lounge,0
2026-09-25T06:12:57+09:00,mu,11
2026-09-25T06:12:57+09:00,omega,0
2026-09-25T06:12:57+09:00,omicron,7
2026-09-25T06:12:57+09:00,sigma,4
2026-09-25T06:12:57+09:00,tau,3
2026-09-25T06:12:57+09:00,theta,0
2026-09-25T06:12:57+09:00,all,99
2026-09-25T06:23:00+09:00,alpha,13
2026-09-25T06:23:00+09:00,delta,34
2026-09-25T06:23:00+09:00,epsilon,6
2026-09-25T06:23:00+09:00,iota,2
2026-09-25T06:23:00+09:00,kappa,6
2026-09-25T06:23:00+09:00,lambda,13
2026-09-25T06:23:00+09:00,lounge,0
2026-09-25T06:23:00+09:00,mu,11
2026-09-25T06:23:00+09:00,omega,0
2026-09-25T06:23:00+09:00,omicron,7
2026-09-25T06:23:00+09:00,sigma,4
2026-09-25T06:23:00+09:00,tau,3
2026-09-25T06:23:00+09:00,theta,0
2026-09-25T06:23:00+09:00,all,99
2026-09-25T06:33:03+09:00,alpha,13
2026-09-25T06:33:03+09:00,delta,34
2026-09-25T06:33:03+09:00,epsilon,6
2026-09-25T06:33:03+09:00,iota,2
2026-09-25T06:33:03+09:00,kappa,6
2026-09-25T06:33:03+09:00,lambda,13
2026-09-25T06:33:03+09:00,lounge,0
2026-09-25T06:33:03+09:00,mu,11
2026-09-25T06:33:03+09:00,omega,0
2026-09-25T06:33:03+09:00,omicron,7
2026-09-25T06:33:03+09:00,sigma,2
2026-09-25T06:33:03+09:00,tau,2
2026-09-25T06:33:03+09:00,theta,0
2026-09-25T06:33:03+09:00,all,96
2026-09-25T06:43:06+09:00,alpha,13
2026-09-25T06:43:06+09:00,delta,33
2026-09-25T06:43:06+09:00,epsilon,6
2026-09-25T06:43:06+09:00,iota,2
2026-09-25T06:43:06+09:00,kappa,6
2026-09-25T06:43:06+09:00,lambda,13
2026-09-25T06:43:06+09:00,lounge,0
2026-09-25T06:43:06+09:00,mu,11
2026-09-25T06:43:06+09:00,omega,0
2026-09-25T06:43:06+09:00,omicron,7
2026-09-25T06:43:06+09:00,sigma,2
2026-09-25T06:43:06+09:00,tau,3
2026-09-25T06:43:06+09:00,theta,0
2026-09-25T06:43:06+09:00,all,96
2026-09-25T06:43:21+09:00,alpha,13
2026-09-25T06:43:21+09:00,delta,33
2026-09-25T06:43:21+09:00,epsilon,6
2026-09-25T06:43:21+09:00,iota,2
2026-09-25T06:43:21+09:00,kappa,6
2026-09-25T06:43:21+09:00,lambda,13
2026-09-25T06:43:21+09:00,lounge,0
2026-09-25T06:43:21+09:00,mu,11
2026-09-25T06:43:21+09:00,omega,0
2026-09-25T06:43:21+09:00,omicron,7
2026-09-25T06:43:21+09:00,sigma,2
2026-09-25T06:43:21+09:00,tau,3
2026-09-25T06:43:21+09:00,theta,0
2026-09-25T06:43:21+09:00,all,96
2026-09-25T06:53:24+09:00,alpha,13
2026-09-25T06:53:24+09:00,delta,33
2026-09-25T06:53:24+09:00,epsilon,6
2026-09-25T06:53:24+09:00,iota,2
2026-09-25T06:53:24+09:00,kappa,6
2026-09-25T06:53:24+09:00,lambda,13
2026-09-25T06:53:24+09:00,lounge,0
2026-09-25T06:53:24+09:00,mu,11
2026-09-25T06:53:24+09:00,omega,0
2026-09-25T06:53:24+09:00,omicron,7
2026-09-25T06:53:24+09:00,sigma,2
2026-09-25T06:53:24+09:00,tau,3
2026-09-25T06:53:24+09:00,theta,0
2026-09-25T06:53:24+09:00,all,96
2026-09-25T07:03:26+09:00,alpha,13
2026-09-25T07:03:26+09:00,delta,33
2026-09-25T07:03:26+09:00,epsilon,6
2026-09-25T07:03:26+09:00,iota,2
2026-09-25T07:03:26+09:00,kappa,6
2026-09-25T07:03:26+09:00,lambda,13
2026-09-25T07:03:26+09:00,lounge,0
2026-09-25T07:03:26+09:00,mu,11
2026-09-25T07:03:26+09:00,omega,0
2026-09-25T07:03:26+09:00,omicron,7
2026-09-25T07:03:26+09:00,sigma,2
2026-09-25T07:03:26+09:00,tau,3
2026-09-25T07:03:26+09:00,theta,0
2026-09-25T07:03:26+09:00,all,96
2026-09-25T07:13:29+09:00,alpha,13
2026-09-25T07:13:29+09:00,delta,33
2026-09-25T07:13:29+09:00,epsilon,6
2026-09-25T07:13:29+09:00,iota,2
2026-09-25T07:13:29+09:00,kappa,6
2026-09-25T07:13:29+09:00,lambda,13
2026-09-25T07:13:29+09:00,lounge,0
2026-09-25T07:13:29+09:00,mu,11
2026-09-25T07:13:29+09:00,omega,0
2026-09-25T07:13:29+09:00,omicron,7
2026-09-25T07:13:29+09:00,sigma,2
2026-09-25T07:13:29+09:00,tau,3
2026-09-25T07:13:29+09:00,theta,0
2026-09-25T07:13:29+09:00,all,96
2026-09-25T07:23:32+09:00,alpha,13
2026-09-25T07:23:32+09:00,delta,33
2026-09-25T07:23:32+09:00,epsilon,5
2026-09-25T07:23:32+09:00,iota,2
2026-09-25T07:23:32+09:00,kappa,7
2026-09-25T07:23:32+09:00,lambda,13
2026-09-25T07:23:32+09:00,lounge,0
2026-09-25T07:23:32+09:00,mu,11
2026-09-25T07:23:32+09:00,omega,0
2026-09-25T07:23:32+09:00,omicron,7
2026-09-25T07:23:32+09:00,sigma,2
2026-09-25T07:23:32+09:00,tau,3
2026-09-25T07:23:32+09:00,theta,0
2026-09-25T07:23:32+09:00,all,96
2026-09-25T07:33:35+09:00,alpha,13
2026-09-25T07:33:35+09:00,delta,33
2026-09-25T07:33:35+09:00,epsilon,6
2026-09-25T07:33:35+09:00,iota,2
2026-09-25T07:33:35+09:00,kappa,6
2026-09-25T07:33:35+09:00,lambda,13
2026-09-25T07:33:35+09:00,lounge,0
2026-09-25T07:33:35+09:00,mu,12
2026-09-25T07:33:35+09:00,omega,0
2026-09-25T07:33:35+09:00,omicron,7
2026-09-25T07:33:35+09:00,sigma,2
2026-09-25T07:33:35+09:00,tau,3
2026-09-25T07:33:35+09:00,theta,0
2026-09-25T07:33:35+09:00,all,97
2026-09-25T07:43:38+09:00,alpha,13
2026-09-25T07:43:38+09:00,delta,36
2026-09-25T07:43:38+09:00,epsilon,6
2026-09-25T07:43:38+09:00,iota,2
2026-09-25T07:43:38+09:00,kappa,6
2026-09-25T07:43:38+09:00,lambda,13
2026-09-25T07:43:38+09:00,lounge,0
2026-09-25T07:43:38+09:00,mu,12
2026-09-25T07:43:38+09:00,omega,0
2026-09-25T07:43:38+09:00,omicron,7
2026-09-25T07:43:38+09:00,sigma,2
2026-09-25T07:43:38+09:00,tau,3
2026-09-25T07:43:38+09:00,theta,0
2026-09-25T07:43:38+09:00,all,100
2026-09-25T07:53:41+09:00,alpha,16
2026-09-25T07:53:41+09:00,delta,37
2026-09-25T07:53:41+09:00,epsilon,6
2026-09-25T07:53:41+09:00,iota,2
2026-09-25T07:53:41+09:00,kappa,6
2026-09-25T07:53:41+09:00,lambda,13
2026-09-25T07:53:41+09:00,lounge,0
2026-09-25T07:53:41+09:00,mu,11
2026-09-25T07:53:41+09:00,omega,0
2026-09-25T07:53:41+09:00,omicron,7
2026-09-25T07:53:41+09:00,sigma,2
2026-09-25T07:53:41+09:00,tau,3
2026-09-25T07:53:41+09:00,theta,0
2026-09-25T07:53:41+09:00,all,103
2026-09-25T08:03:44+09:00,alpha,21
2026-09-25T08:03:44+09:00,delta,37
2026-09-25T08:03:44+09:00,epsilon,6
2026-09-25T08:03:44+09:00,iota,2
2026-09-25T08:03:44+09:00,kappa,6
2026-09-25T08:03:44+09:00,lambda,13
2026-09-25T08:03:44+09:00,lounge,0
2026-09-25T08:03:44+09:00,mu,10
2026-09-25T08:03:44+09:00,omega,0
2026-09-25T08:03:44+09:00,omicron,7
2026-09-25T08:03:44+09:00,sigma,2
2026-09-25T08:03:44+09:00,tau,3
2026-09-25T08:03:44+09:00,theta,0
2026-09-25T08:03:44+09:00,all,107
2026-09-25T08:13:47+09:00,alpha,24
2026-09-25T08:13:47+09:00,delta,37
2026-09-25T08:13:47+09:00,epsilon,6
2026-09-25T08:13:47+09:00,iota,2
2026-09-25T08:13:47+09:00,kappa,6
2026-09-25T08:13:47+09:00,lambda,13
2026-09-25T08:13:47+09:00,lounge,0
2026-09-25T08:13:47+09:00,mu,11
2026-09-25T08:13:47+09:00,omega,0
2026-09-25T08:13:47+09:00,omicron,7
2026-09-25T08:13:47+09:00,sigma,3
2026-09-25T08:13:47+09:00,tau,3
2026-09-25T08:13:47+09:00,theta,0
2026-09-25T08:13:47+09:00,all,112
2026-09-25T08:23:49+09:00,alpha,27
2026-09-25T08:23:49+09:00,delta,37
2026-09-25T08:23:49+09:00,epsilon,6
2026-09-25T08:23:49+09:00,iota,2
2026-09-25T08:23:49+09:00,kappa,7
2026-09-25T08:23:49+09:00,lambda,13
2026-09-25T08:23:49+09:00,lounge,0
2026-09-25T08:23:49+09:00,mu,11
2026-09-25T08:23:49+09:00,omega,0
2026-09-25T08:23:49+09:00,omicron,7
2026-09-25T08:23:49+09:00,sigma,3
2026-09-25T08:23:49+09:00,tau,3
2026-09-25T08:23:49+09:00,theta,0
2026-09-25T08:23:49+09:00,all,116
2026-09-25T08:33:52+09:00,alpha,32
2026-09-25T08:33:52+09:00,delta,37
2026-09-25T08:33:52+09:00,epsilon,6
2026-09-25T08:33:52+09:00,iota,2
2026-09-25T08:33:52+09:00,kappa,7
2026-09-25T08:33:52+09:00,lambda,13
2026-09-25T08:33:52+09:00,lounge,0
2026-09-25T08:33:52+09:00,mu,15
2026-09-25T08:33:52+09:00,omega,0
2026-09-25T08:33:52+09:00,omicron,7
2026-09-25T08:33:52+09:00,sigma,2
2026-09-25T08:33:52+09:00,tau,3
2026-09-25T08:33:52+09:00,theta,0
2026-09-25T08:33:52+09:00,all,124
2026-09-25T08:43:55+09:00,alpha,43
2026-09-25T08:43:55+09:00,delta,36
2026-09-25T08:43:55+09:00,epsilon,6
2026-09-25T08:43:55+09:00,iota,2
2026-09-25T08:43:55+09:00,kappa,7
2026-09-25T08:43:55+09:00,lambda,15
2026-09-25T08:43:55+09:00,lounge,0
2026-09-25T08:43:55+09:00,mu,19
2026-09-25T08:43:55+09:00,omega,4
2026-09-25T08:43:55+09:00,omicron,7
2026-09-25T08:43:55+09:00,sigma,2
2026-09-25T08:43:55+09:00,tau,3
2026-09-25T08:43:55+09:00,theta,4
2026-09-25T08:43:55+09:00,all,148
2026-09-25T08:53:58+09:00,alpha,81
2026-09-25T08:53:58+09:00,delta,36
2026-09-25T08:53:58+09:00,epsilon,6
2026-09-25T08:53:58+09:00,iota,4
2026-09-25T08:53:58+09:00,kappa,7
2026-09-25T08:53:58+09:00,lambda,21
2026-09-25T08:53:58+09:00,lounge,0
2026-09-25T08:53:58+09:00,mu,25
2026-09-25T08:53:58+09:00,omega,1
2026-09-25T08:53:58+09:00,omicron,10
2026-09-25T08:53:58+09:00,sigma,4
2026-09-25T08:53:58+09:00,tau,7
2026-09-25T08:53:58+09:00,theta,2
2026-09-25T08:53:58+09:00,all,204
2026-09-25T09:04:01+09:00,alpha,106
2026-09-25T09:04:01+09:00,delta,36
2026-09-25T09:04:01+09:00,epsilon,6
2026-09-25T09:04:01+09:00,iota,5
2026-09-25T09:04:01+09:00,kappa,8
2026-09-25T09:04:01+09:00,lambda,21
2026-09-25T09:04:01+09:00,lounge,0
2026-09-25T09:04:01+09:00,mu,32
2026-09-25T09:04:01+09:00,omega,1
2026-09-25T09:04:01+09:00,omicron,8
2026-09-25T09:04:01+09:00,sigma,3
2026-09-25T09:04:01+09:00,tau,14
2026-09-25T09:04:01+09:00,theta,0
2026-09-25T09:04:01+09:00,all,240
2026-09-25T09:14:03+09:00,alpha,105
2026-09-25T09:14:03+09:00,delta,36
2026-09-25T09:14:03+09:00,epsilon,6
2026-09-25T09:14:03+09:00,iota,5
2026-09-25T09:14:03+09:00,kappa,9
2026-09-25T09:14:03+09:00,lambda,21
2026-09-25T09:14:03+09:00,lounge,0
2026-09-25T09:14:03+09:00,mu,33
2026-09-25T09:14:03+09:00,omega,2
2026-09-25T09:14:03+09:00,omicron,10
2026-09-25T09:14:03+09:00,sigma,4
2026-09-25T09:14:03+09:00,tau,19
2026-09-25T09:14:03+09:00,theta,0
2026-09-25T09:14:03+09:00,all,250
2026-09-25T09:24:06+09:00,alpha,103
2026-09-25T09:24:06+09:00,delta,36
2026-09-25T09:24:06+09:00,epsilon,6
2026-09-25T09:24:06+09:00,iota,5
2026-09-25T09:24:06+09:00,kappa,9
2026-09-25T09:24:06+09:00,lambda,24
2026-09-25T09:24:06+09:00,lounge,0
2026-09-25T09:24:06+09:00,mu,40
2026-09-25T09:24:06+09:00,omega,0
2026-09-25T09:24:06+09:00,omicron,12
2026-09-25T09:24:06+09:00,sigma,4
2026-09-25T09:24:06+09:00,tau,19
2026-09-25T09:24:06+09:00,theta,0
2026-09-25T09:24:06+09:00,all,258
2026-09-25T09:34:09+09:00,alpha,107
2026-09-25T09:34:09+09:00,delta,36
2026-09-25T09:34:09+09:00,epsilon,7
2026-09-25T09:34:09+09:00,iota,6
2026-09-25T09:34:09+09:00,kappa,7
2026-09-25T09:34:09+09:00,lambda,31
2026-09-25T09:34:09+09:00,lounge,0
2026-09-25T09:34:09+09:00,mu,37
2026-09-25T09:34:09+09:00,omega,1
2026-09-25T09:34:09+09:00,omicron,11
2026-09-25T09:34:09+09:00,sigma,3
2026-09-25T09:34:09+09:00,tau,26
2026-09-25T09:34:09+09:00,theta,2
2026-09-25T09:34:09+09:00,all,274
2026-09-25T09:44:12+09:00,alpha,101
2026-09-25T09:44:12+09:00,delta,36
2026-09-25T09:44:12+09:00,epsilon,8
2026-09-25T09:44:12+09:00,iota,4
2026-09-25T09:44:12+09:00,kappa,8
2026-09-25T09:44:12+09:00,lambda,37
2026-09-25T09:44:12+09:00,lounge,0
2026-09-25T09:44:12+09:00,mu,41
2026-09-25T09:44:12+09:00,omega,1
2026-09-25T09:44:12+09:00,omicron,11
2026-09-25T09:44:12+09:00,sigma,4
2026-09-25T09:44:12+09:00,tau,28
2026-09-25T09:44:12+09:00,theta,9
2026-09-25T09:44:12+09:00,all,288
2026-09-25T09:54:15+09:00,alpha,99
2026-09-25T09:54:15+09:00,delta,37
2026-09-25T09:54:15+09:00,epsilon,8
2026-09-25T09:54:15+09:00,iota,4
2026-09-25T09:54:15+09:00,kappa,7
2026-09-25T09:54:15+09:00,lambda,35
2026-09-25T09:54:15+09:00,lounge,0
2026-09-25T09:54:15+09:00,mu,44
2026-09-25T09:54:15+09:00,omega,11
2026-09-25T09:54:15+09:00,omicron,11
2026-09-25T09:54:15+09:00,sigma,4
2026-09-25T09:54:15+09:00,tau,35
2026-09-25T09:54:15+09:00,theta,16
2026-09-25T09:54:15+09:00,all,311
2026-09-25T10:04:18+09:00,alpha,100
2026-09-25T10:04:18+09:00,delta,39
2026-09-25T10:04:18+09:00,epsilon,8
2026-09-25T10:04:18+09:00,iota,3
2026-09-25T10:04:18+09:00,kappa,7
2026-09-25T10:04:18+09:00,lambda,32
2026-09-25T10:04:18+09:00,lounge,0
2026-09-25T10:04:18+09:00,mu,49
2026-09-25T10:04:18+09:00,omega,18
2026-09-25T10:04:18+09:00,omicron,12
2026-09-25T10:04:18+09:00,sigma,5
2026-09-25T10:04:18+09:00,tau,42
2026-09-25T10:04:18+09:00,theta,19
2026-09-25T10:04:18+09:00,all,334
2026-09-25T10:14:20+09:00,alpha,106
2026-09-25T10:14:20+09:00,delta,40
2026-09-25T10:14:20+09:00,epsilon,8
2026-09-25T10:14:20+09:00,iota,5
2026-09-25T10:14:20+09:00,kappa,7
2026-09-25T10:14:20+09:00,lambda,33
2026-09-25T10:14:20+09:00,lounge,0
2026-09-25T10:14:20+09:00,mu,43
2026-09-25T10:14:20+09:00,omega,20
2026-09-25T10:14:20+09:00,omicron,14
2026-09-25T10:14:20+09:00,sigma,7
2026-09-25T10:14:20+09:00,tau,45
2026-09-25T10:14:20+09:00,theta,16
2026-09-25T10:14:20+09:00,all,344
2026-09-25T10:24:25+09:00,alpha,107
2026-09-25T10:24:25+09:00,delta,42
2026-09-25T10:24:25+09:00,epsilon,8
2026-09-25T10:24:25+09:00,iota,5
2026-09-25T10:24:25+09:00,kappa,7
2026-09-25T10:24:25+09:00,lambda,36
2026-09-25T10:24:25+09:00,lounge,3
2026-09-25T10:24:25+09:00,mu,44
2026-09-25T10:24:25+09:00,omega,24
2026-09-25T10:24:25+09:00,omicron,15
2026-09-25T10:24:25+09:00,sigma,7
2026-09-25T10:24:25+09:00,tau,44
2026-09-25T10:24:25+09:00,theta,15
2026-09-25T10:24:25+09:00,all,357
2026-09-25T10:34:27+09:00,alpha,121
2026-09-25T10:34:27+09:00,delta,47
2026-09-25T10:34:27+09:00,epsilon,8
2026-09-25T10:34:27+09:00,iota,5
2026-09-25T10:34:27+09:00,kappa,7
2026-09-25T10:34:27+09:00,lambda,36
2026-09-25T10:34:27+09:00,lounge,5
2026-09-25T10:34:27+09:00,mu,56
2026-09-25T10:34:27+09:00,omega,10
2026-09-25T10:34:27+09:00,omicron,16
2026-09-25T10:34:27+09:00,sigma,5
2026-09-25T10:34:27+09:00,tau,49
2026-09-25T10:34:27+09:00,theta,14
2026-09-25T10:34:27+09:00,all,379
2026-09-25T10:44:30+09:00,alpha,116
2026-09-25T10:44:30+09:00,delta,48
2026-09-25T10:44:30+09:00,epsilon,8
2026-09-25T10:44:30+09:00,iota,5
2026-09-25T10:44:30+09:00,kappa,9
2026-09-25T10:44:30+09:00,lambda,35
2026-09-25T10:44:30+09:00,lounge,2
2026-09-25T10:44:30+09:00,mu,59
2026-09-25T10:44:30+09:00,omega,8
2026-09-25T10:44:30+09:00,omicron,16
2026-09-25T10:44:30+09:00,sigma,9
2026-09-25T10:44:30+09:00,tau,52
2026-09-25T10:44:30+09:00,theta,13
2026-09-25T10:44:30+09:00,all,380
2026-09-25T10:54:33+09:00,alpha,114
2026-09-25T10:54:33+09:00,delta,51
2026-09-25T10:54:33+09:00,epsilon,10
2026-09-25T10:54:33+09:00,iota,4
2026-09-25T10:54:33+09:00,kappa,8
2026-09-25T10:54:33+09:00,lambda,34
2026-09-25T10:54:33+09:00,lounge,0
2026-09-25T10:54:33+09:00,mu,64
2026-09-25T10:54:33+09:00,omega,1
2026-09-25T10:54:33+09:00,omicron,14
2026-09-25T10:54:33+09:00,sigma,11
2026-09-25T10:54:33+09:00,tau,53
2026-09-25T10:54:33+09:00,theta,10
2026-09-25T10:54:33+09:00,all,374
2026-09-25T11:04:37+09:00,alpha,117
2026-09-25T11:04:37+09:00,delta,52
2026-09-25T11:04:37+09:00,epsilon,10
2026-09-25T11:04:37+09:00,iota,3
2026-09-25T11:04:37+09:00,kappa,8
2026-09-25T11:04:37+09:00,lambda,34
2026-09-25T11:04:37+09:00,lounge,0
2026-09-25T11:04:37+09:00,mu,66
2026-09-25T11:04:37+09:00,omega,1
2026-09-25T11:04:37+09:00,omicron,15
2026-09-25T11:04:37+09:00,sigma,12
2026-09-25T11:04:37+09:00,tau,54
2026-09-25T11:04:37+09:00,theta,5
2026-09-25T11:04:37+09:00,all,377
2026-09-25T11:14:40+09:00,alpha,115
2026-09-25T11:14:40+09:00,delta,51
2026-09-25T11:14:40+09:00,epsilon,11
2026-09-25T11:14:40+09:00,iota,4
2026-09-25T11:14:40+09:00,kappa,7
2026-09-25T11:14:40+09:00,lambda,35
2026-09-25T11:14:40+09:00,lounge,1
2026-09-25T11:14:40+09:00,mu,67
2026-09-25T11:14:40+09:00,omega,0
2026-09-25T11:14:40+09:00,omicron,17
2026-09-25T11:14:40+09:00,sigma,12
2026-09-25T11:14:40+09:00,tau,53
2026-09-25T11:14:40+09:00,theta,2
2026-09-25T11:14:40+09:00,all,375
2026-09-25T11:24:43+09:00,alpha,116
2026-09-25T11:24:43+09:00,delta,51
2026-09-25T11:24:43+09:00,epsilon,11
2026-09-25T11:24:43+09:00,iota,5
2026-09-25T11:24:43+09:00,kappa,7
2026-09-25T11:24:43+09:00,lambda,43
2026-09-25T11:24:43+09:00,lounge,0
2026-09-25T11:24:43+09:00,mu,63
2026-09-25T11:24:43+09:00,omega,1
2026-09-25T11:24:43+09:00,omicron,16
2026-09-25T11:24:43+09:00,sigma,15
2026-09-25T11:24:43+09:00,tau,57
2026-09-25T11:24:43+09:00,theta,1
2026-09-25T11:24:43+09:00,all,386
2026-09-25T11:34:49+09:00,alpha,113
2026-09-25T11:34:49+09:00,delta,51
2026-09-25T11:34:49+09:00,epsilon,12
2026-09-25T11:34:49+09:00,iota,6
2026-09-25T11:34:49+09:00,kappa,7
2026-09-25T11:34:49+09:00,lambda,36
2026-09-25T11:34:49+09:00,lounge,0
2026-09-25T11:34:49+09:00,mu,68
2026-09-25T11:34:49+09:00,omega,2
2026-09-25T11:34:49+09:00,omicron,15
2026-09-25T11:34:49+09:00,sigma,15
2026-09-25T11:34:49+09:00,tau,56
2026-09-25T11:34:49+09:00,theta,5
2026-09-25T11:34:49+09:00,all,386
2026-09-25T11:44:52+09:00,alpha,87
2026-09-25T11:44:52+09:00,delta,51
2026-09-25T11:44:52+09:00,epsilon,12
2026-09-25T11:44:52+09:00,iota,5
2026-09-25T11:44:52+09:00,kappa,9
2026-09-25T11:44:52+09:00,lambda,31
2026-09-25T11:44:52+09:00,lounge,3
2026-09-25T11:44:52+09:00,mu,71
2026-09-25T11:44:52+09:00,omega,1
2026-09-25T11:44:52+09:00,omicron,15
2026-09-25T11:44:52+09:00,sigma,22
2026-09-25T11:44:52+09:00,tau,56
2026-09-25T11:44:52+09:00,theta,3
2026-09-25T11:44:52+09:00,all,366
2026-09-25T11:54:55+09:00,alpha,78
2026-09-25T11:54:55+09:00,delta,49
2026-09-25T11:54:55+09:00,epsilon,11
2026-09-25T11:54:55+09:00,iota,7
2026-09-25T11:54:55+09:00,kappa,12
2026-09-25T11:54:55+09:00,lambda,30
2026-09-25T11:54:55+09:00,lounge,10
2026-09-25T11:54:55+09:00,mu,79
2026-09-25T11:54:55+09:00,omega,0
2026-09-25T11:54:55+09:00,omicron,16
2026-09-25T11:54:55+09:00,sigma,27
2026-09-25T11:54:55+09:00,tau,52
2026-09-25T11:54:55+09:00,theta,3
2026-09-25T11:54:55+09:00,all,374
2026-09-25T12:04:58+09:00,alpha,87
2026-09-25T12:04:58+09:00,delta,48
2026-09-25T12:04:58+09:00,epsilon,9
2026-09-25T12:04:58+09:00,iota,7
2026-09-25T12:04:58+09:00,kappa,9
2026-09-25T12:04:58+09:00,lambda,34
2026-09-25T12:04:58+09:00,lounge,9
2026-09-25T12:04:58+09:00,mu,75
2026-09-25T12:04:58+09:00,omega,0
2026-09-25T12:04:58+09:00,omicron,15
2026-09-25T12:04:58+09:00,sigma,30
2026-09-25T12:04:58+09:00,tau,59
2026-09-25T12:04:58+09:00,theta,6
2026-09-25T12:04:58+09:00,all,388
2026-09-25T12:05:14+09:00,alpha,87
2026-09-25T12:05:14+09:00,delta,46
2026-09-25T12:05:14+09:00,epsilon,9
2026-09-25T12:05:14+09:00,iota,7
2026-09-25T12:05:14+09:00,kappa,9
2026-09-25T12:05:14+09:00,lambda,34
2026-09-25T12:05:14+09:00,lounge,9
2026-09-25T12:05:14+09:00,mu,75
2026-09-25T12:05:14+09:00,omega,0
2026-09-25T12:05:14+09:00,omicron,15
2026-09-25T12:05:14+09:00,sigma,30
2026-09-25T12:05:14+09:00,tau,59
2026-09-25T12:05:14+09:00,theta,6
2026-09-25T12:05:14+09:00,all,386
2026-09-25T12:15:17+09:00,alpha,87
2026-09-25T12:15:17+09:00,delta,46
2026-09-25T12:15:17+09:00,epsilon,8
2026-09-25T12:15:17+09:00,iota,7
2026-09-25T12:15:17+09:00,kappa,14
2026-09-25T12:15:17+09:00,lambda,39
2026-09-25T12:15:17+09:00,lounge,7
2026-09-25T12:15:17+09:00,mu,65
2026-09-25T12:15:17+09:00,omega,0
2026-09-25T12:15:17+09:00,omicron,13
2026-09-25T12:15:17+09:00,sigma,35
2026-09-25T12:15:17+09:00,tau,56
2026-09-25T12:15:17+09:00,theta,2
2026-09-25T12:15:17+09:00,all,379
2026-09-25T12:25:21+09:00,alpha,85
2026-09-25T12:25:21+09:00,delta,47
2026-09-25T12:25:21+09:00,epsilon,10
2026-09-25T12:25:21+09:00,iota,7
2026-09-25T12:25:21+09:00,kappa,15
2026-09-25T12:25:21+09:00,lambda,37
2026-09-25T12:25:21+09:00,lounge,9
2026-09-25T12:25:21+09:00,mu,58
2026-09-25T12:25:21+09:00,omega,0
2026-09-25T12:25:21+09:00,omicron,12
2026-09-25T12:25:21+09:00,sigma,35
2026-09-25T12:25:21+09:00,tau,56
2026-09-25T12:25:21+09:00,theta,2
2026-09-25T12:25:21+09:00,all,373
2026-09-25T12:35:25+09:00,alpha,110
2026-09-25T12:35:25+09:00,delta,46
2026-09-25T12:35:25+09:00,epsilon,8
2026-09-25T12:35:25+09:00,iota,6
2026-09-25T12:35:25+09:00,kappa,10
2026-09-25T12:35:25+09:00,lambda,42
2026-09-25T12:35:25+09:00,lounge,5
2026-09-25T12:35:25+09:00,mu,65
2026-09-25T12:35:25+09:00,omega,0
2026-09-25T12:35:25+09:00,omicron,15
2026-09-25T12:35:25+09:00,sigma,27
2026-09-25T12:35:25+09:00,tau,49
2026-09-25T12:35:25+09:00,theta,8
2026-09-25T12:35:25+09:00,all,391
2026-09-25T12:45:29+09:00,alpha,93
2026-09-25T12:45:29+09:00,delta,46
2026-09-25T12:45:29+09:00,epsilon,7
2026-09-25T12:45:29+09:00,iota,7
2026-09-25T12:45:29+09:00,kappa,14
2026-09-25T12:45:29+09:00,lambda,44
2026-09-25T12:45:29+09:00,lounge,5
2026-09-25T12:45:29+09:00,mu,68
2026-09-25T12:45:29+09:00,omega,0
2026-09-25T12:45:29+09:00,omicron,15
2026-09-25T12:45:29+09:00,sigma,28
2026-09-25T12:45:29+09:00,tau,38
2026-09-25T12:45:29+09:00,theta,8
2026-09-25T12:45:29+09:00,all,373
2026-09-25T12:55:32+09:00,alpha,88
2026-09-25T12:55:32+09:00,delta,46
2026-09-25T12:55:32+09:00,epsilon,7
2026-09-25T12:55:32+09:00,iota,7
2026-09-25T12:55:32+09:00,kappa,17
2026-09-25T12:55:32+09:00,lambda,41
2026-09-25T12:55:32+09:00,lounge,4
2026-09-25T12:55:32+09:00,mu,60
2026-09-25T12:55:32+09:00,omega,0
2026-09-25T12:55:32+09:00,omicron,15
2026-09-25T12:55:32+09:00,sigma,31
2026-09-25T12:55:32+09:00,tau,39
2026-09-25T12:55:32+09:00,theta,4
2026-09-25T12:55:32+09:00,all,359
2026-09-25T13:05:35+09:00,alpha,98
2026-09-25T13:05:35+09:00,delta,45
2026-09-25T13:05:35+09:00,epsilon,7
2026-09-25T13:05:35+09:00,iota,6
2026-09-25T13:05:35+09:00,kappa,21
2026-09-25T13:05:35+09:00,lambda,40
2026-09-25T13:05:35+09:00,lounge,1
2026-09-25T13:05:35+09:00,mu,59
2026-09-25T13:05:35+09:00,omega,0
2026-09-25T13:05:35+09:00,omicron,16
2026-09-25T13:05:35+09:00,sigma,31
2026-09-25T13:05:35+09:00,tau,43
2026-09-25T13:05:35+09:00,theta,1
2026-09-25T13:05:35+09:00,all,368
2026-09-25T13:15:38+09:00,alpha,96
2026-09-25T13:15:38+09:00,delta,47
2026-09-25T13:15:38+09:00,epsilon,6
2026-09-25T13:15:38+09:00,iota,6
2026-09-25T13:15:38+09:00,kappa,23
2026-09-25T13:15:38+09:00,lambda,41
2026-09-25T13:15:38+09:00,lounge,1
2026-09-25T13:15:38+09:00,mu,59
2026-09-25T13:15:38+09:00,omega,0
2026-09-25T13:15:38+09:00,omicron,16
2026-09-25T13:15:38+09:00,sigma,35
2026-09-25T13:15:38+09:00,tau,42
2026-09-25T13:15:38+09:00,theta,2
2026-09-25T13:15:38+09:00,all,374
2026-09-25T13:25:40+09:00,alpha,99
2026-09-25T13:25:40+09:00,delta,48
2026-09-25T13:25:40+09:00,epsilon,6
2026-09-25T13:25:40+09:00,iota,7
2026-09-25T13:25:40+09:00,kappa,23
2026-09-25T13:25:40+09:00,lambda,40
2026-09-25T13:25:40+09:00,lounge,3
2026-09-25T13:25:40+09:00,mu,68
2026-09-25T13:25:40+09:00,omega,0
2026-09-25T13:25:40+09:00,omicron,15
2026-09-25T13:25:40+09:00,sigma,26
2026-09-25T13:25:40+09:00,tau,40
2026-09-25T13:25:40+09:00,theta,2
2026-09-25T13:25:40+09:00,all,377
2026-09-25T13:35:43+09:00,alpha,105
2026-09-25T13:35:43+09:00,delta,48
2026-09-25T13:35:43+09:00,epsilon,4
2026-09-25T13:35:43+09:00,iota,8
2026-09-25T13:35:43+09:00,kappa,25
2026-09-25T13:35:43+09:00,lambda,43
2026-09-25T13:35:43+09:00,lounge,2
2026-09-25T13:35:43+09:00,mu,58
2026-09-25T13:35:43+09:00,omega,0
2026-09-25T13:35:43+09:00,omicron,19
2026-09-25T13:35:43+09:00,sigma,20
2026-09-25T13:35:43+09:00,tau,37
2026-09-25T13:35:43+09:00,theta,9
2026-09-25T13:35:43+09:00,all,378
2026-09-25T13:45:46+09:00,alpha,105
2026-09-25T13:45:46+09:00,delta,48
2026-09-25T13:45:46+09:00,epsilon,4
2026-09-25T13:45:46+09:00,iota,9
2026-09-25T13:45:46+09:00,kappa,28
2026-09-25T13:45:46+09:00,lambda,44
2026-09-25T13:45:46+09:00,lounge,2
2026-09-25T13:45:46+09:00,mu,57
2026-09-25T13:45:46+09:00,omega,0
2026-09-25T13:45:46+09:00,omicron,16
2026-09-25T13:45:46+09:00,sigma,12
2026-09-25T13:45:46+09:00,tau,37
2026-09-25T13:45:46+09:00,theta,11
2026-09-25T13:45:46+09:00,all,373
2026-09-25T13:55:49+09:00,alpha,108
2026-09-25T13:55:49+09:00,delta,48
2026-09-25T13:55:49+09:00,epsilon,4
2026-09-25T13:55:49+09:00,iota,7
2026-09-25T13:55:49+09:00,kappa,24
2026-09-25T13:55:49+09:00,lambda,44
2026-09-25T13:55:49+09:00,lounge,1
2026-09-25T13:55:49+09:00,mu,62
2026-09-25T13:55:49+09:00,omega,0
2026-09-25T13:55:49+09:00,omicron,17
2026-09-25T13:55:49+09:00,sigma,9
2026-09-25T13:55:49+09:00,tau,37
2026-09-25T13:55:49+09:00,theta,5
2026-09-25T13:55:49+09:00,all,366
2026-09-25T14:05:51+09:00,alpha,111
2026-09-25T14:05:51+09:00,delta,49
2026-09-25T14:05:51+09:00,epsilon,4
2026-09-25T14:05:51+09:00,iota,7
2026-09-25T14:05:51+09:00,kappa,23
2026-09-25T14:05:51+09:00,lambda,44
2026-09-25T14:05:51+09:00,lounge,0
2026-09-25T14:05:51+09:00,mu,56
2026-09-25T14:05:51+09:00,omega,0
2026-09-25T14:05:51+09:00,omicron,17
2026-09-25T14:05:51+09:00,sigma,10
2026-09-25T14:05:51+09:00,tau,35
2026-09-25T14:05:51+09:00,theta,3
2026-09-25T14:05:51+09:00,all,359
2026-09-25T14:15:55+09:00,alpha,106
2026-09-25T14:15:55+09:00,delta,49
2026-09-25T14:15:55+09:00,epsilon,4
2026-09-25T14:15:55+09:00,iota,7
2026-09-25T14:15:55+09:00,kappa,24
2026-09-25T14:15:55+09:00,lambda,47
2026-09-25T14:15:55+09:00,lounge,1
2026-09-25T14:15:55+09:00,mu,63
2026-09-25T14:15:55+09:00,omega,0
2026-09-25T14:15:55+09:00,omicron,17
2026-09-25T14:15:55+09:00,sigma,12
2026-09-25T14:15:55+09:00,tau,36
2026-09-25T14:15:55+09:00,theta,1
2026-09-25T14:15:55+09:00,all,367
2026-09-25T14:25:58+09:00,alpha,115
2026-09-25T14:25:58+09:00,delta,49
2026-09-25T14:25:58+09:00,epsilon,6
2026-09-25T14:25:58+09:00,iota,6
2026-09-25T14:25:58+09:00,kappa,21
2026-09-25T14:25:58+09:00,lambda,44
2026-09-25T14:25:58+09:00,lounge,1
2026-09-25T14:25:58+09:00,mu,54
2026-09-25T14:25:58+09:00,omega,0
2026-09-25T14:25:58+09:00,omicron,20
2026-09-25T14:25:58+09:00,sigma,11
2026-09-25T14:25:58+09:00,tau,40
2026-09-25T14:25:58+09:00,theta,1
2026-09-25T14:25:58+09:00,all,368
2026-09-25T14:36:01+09:00,alpha,115
2026-09-25T14:36:01+09:00,delta,49
2026-09-25T14:36:01+09:00,epsilon,5
2026-09-25T14:36:01+09:00,iota,6
2026-09-25T14:36:01+09:00,kappa,22
2026-09-25T14:36:01+09:00,lambda,43
2026-09-25T14:36:01+09:00,lounge,1
2026-09-25T14:36:01+09:00,mu,60
2026-09-25T14:36:01+09:00,omega,1
2026-09-25T14:36:01+09:00,omicron,22
2026-09-25T14:36:01+09:00,sigma,8
2026-09-25T14:36:01+09:00,tau,41
2026-09-25T14:36:01+09:00,theta,3
2026-09-25T14:36:01+09:00,all,376
2026-09-25T14:46:04+09:00,alpha,109
2026-09-25T14:46:04+09:00,delta,48
2026-09-25T14:46:04+09:00,epsilon,6
2026-09-25T14:46:04+09:00,iota,7
2026-09-25T14:46:04+09:00,kappa,13
2026-09-25T14:46:04+09:00,lambda,35
2026-09-25T14:46:04+09:00,lounge,3
2026-09-25T14:46:04+09:00,mu,67
2026-09-25T14:46:04+09:00,omega,1
2026-09-25T14:46:04+09:00,omicron,24
2026-09-25T14:46:04+09:00,sigma,9
2026-09-25T14:46:04+09:00,tau,43
2026-09-25T14:46:04+09:00,theta,1
2026-09-25T14:46:04+09:00,all,366
2026-09-25T14:56:08+09:00,alpha,112
2026-09-25T14:56:08+09:00,delta,48
2026-09-25T14:56:08+09:00,epsilon,5
2026-09-25T14:56:08+09:00,iota,6
2026-09-25T14:56:08+09:00,kappa,9
2026-09-25T14:56:08+09:00,lambda,33
2026-09-25T14:56:08+09:00,lounge,2
2026-09-25T14:56:08+09:00,mu,58
2026-09-25T14:56:08+09:00,omega,1
2026-09-25T14:56:08+09:00,omicron,21
2026-09-25T14:56:08+09:00,sigma,9
2026-09-25T14:56:08+09:00,tau,43
2026-09-25T14:56:08+09:00,theta,6
2026-09-25T14:56:08+09:00,all,353
2026-09-25T15:06:14+09:00,alpha,121
2026-09-25T15:06:14+09:00,delta,48
2026-09-25T15:06:14+09:00,epsilon,7
2026-09-25T15:06:14+09:00,iota,6
2026-09-25T15:06:14+09:00,kappa,8
2026-09-25T15:06:14+09:00,lambda,35
2026-09-25T15:06:14+09:00,lounge,1
2026-09-25T15:06:14+09:00,mu,59
2026-09-25T15:06:14+09:00,omega,3
2026-09-25T15:06:14+09:00,omicron,24
2026-09-25T15:06:14+09:00,sigma,10
2026-09-25T15:06:14+09:00,tau,41
2026-09-25T15:06:14+09:00,theta,2
2026-09-25T15:06:14+09:00,all,365
2026-09-25T15:16:19+09:00,alpha,117
2026-09-25T15:16:19+09:00,delta,49
2026-09-25T15:16:19+09:00,epsilon,4
2026-09-25T15:16:19+09:00,iota,4
2026-09-25T15:16:19+09:00,kappa,9
2026-09-25T15:16:19+09:00,lambda,34
2026-09-25T15:16:19+09:00,lounge,4
2026-09-25T15:16:19+09:00,mu,61
2026-09-25T15:16:19+09:00,omega,3
2026-09-25T15:16:19+09:00,omicron,30
2026-09-25T15:16:19+09:00,sigma,8
2026-09-25T15:16:19+09:00,tau,44
2026-09-25T15:16:19+09:00,theta,2
2026-09-25T15:16:19+09:00,all,369
2026-09-25T15:26:23+09:00,alpha,113
2026-09-25T15:26:23+09:00,delta,50
2026-09-25T15:26:23+09:00,epsilon,4
2026-09-25T15:26:23+09:00,iota,4
2026-09-25T15:26:23+09:00,kappa,7
2026-09-25T15:26:23+09:00,lambda,34
2026-09-25T15:26:23+09:00,lounge,1
2026-09-25T15:26:23+09:00,mu,63
2026-09-25T15:26:23+09:00,omega,2
2026-09-25T15:26:23+09:00,omicron,28
2026-09-25T15:26:23+09:00,sigma,9
2026-09-25T15:26:23+09:00,tau,42
2026-09-25T15:26:23+09:00,theta,2
2026-09-25T15:26:23+09:00,all,359
2026-09-25T15:36:26+09:00,alpha,112
2026-09-25T15:36:26+09:00,delta,50
2026-09-25T15:36:26+09:00,epsilon,4
2026-09-25T15:36:26+09:00,iota,5
2026-09-25T15:36:26+09:00,kappa,7
2026-09-25T15:36:26+09:00,lambda,32
2026-09-25T15:36:26+09:00,lounge,0
2026-09-25T15:36:26+09:00,mu,56
2026-09-25T15:36:26+09:00,omega,1
2026-09-25T15:36:26+09:00,omicron,23
2026-09-25T15:36:26+09:00,sigma,13
2026-09-25T15:36:26+09:00,tau,44
2026-09-25T15:36:26+09:00,theta,4
2026-09-25T15:36:26+09:00,all,351
2026-09-25T15:46:29+09:00,alpha,110
2026-09-25T15:46:29+09:00,delta,48
2026-09-25T15:46:29+09:00,epsilon,5
2026-09-25T15:46:29+09:00,iota,6
2026-09-25T15:46:29+09:00,kappa,9
2026-09-25T15:46:29+09:00,lambda,35
2026-09-25T15:46:29+09:00,lounge,0
2026-09-25T15:46:29+09:00,mu,50
2026-09-25T15:46:29+09:00,omega,1
2026-09-25T15:46:29+09:00,omicron,20
2026-09-25T15:46:29+09:00,sigma,11
2026-09-25T15:46:29+09:00,tau,44
2026-09-25T15:46:29+09:00,theta,7
2026-09-25T15:46:29+09:00,all,346
2026-09-25T15:56:35+09:00,alpha,113
2026-09-25T15:56:35+09:00,delta,48
2026-09-25T15:56:35+09:00,epsilon,5
2026-09-25T15:56:35+09:00,iota,5
2026-09-25T15:56:35+09:00,kappa,8
2026-09-25T15:56:35+09:00,lambda,35
2026-09-25T15:56:35+09:00,lounge,1
2026-09-25T15:56:35+09:00,mu,49
2026-09-25T15:56:35+09:00,omega,0
2026-09-25T15:56:35+09:00,omicron,18
2026-09-25T15:56:35+09:00,sigma,8
2026-09-25T15:56:35+09:00,tau,43
2026-09-25T15:56:35+09:00,theta,7
2026-09-25T15:56:35+09:00,all,340
2026-09-25T16:06:38+09:00,alpha,114
2026-09-25T16:06:38+09:00,delta,51
2026-09-25T16:06:38+09:00,epsilon,4
2026-09-25T16:06:38+09:00,iota,8
2026-09-25T16:06:38+09:00,kappa,8
2026-09-25T16:06:38+09:00,lambda,36
2026-09-25T16:06:38+09:00,lounge,0
2026-09-25T16:06:38+09:00,mu,51
2026-09-25T16:06:38+09:00,omega,2
2026-09-25T16:06:38+09:00,omicron,20
2026-09-25T16:06:38+09:00,sigma,8
2026-09-25T16:06:38+09:00,tau,36
2026-09-25T16:06:38+09:00,theta,2
2026-09-25T16:06:38+09:00,all,340
2026-09-25T16:16:41+09:00,alpha,116
2026-09-25T16:16:41+09:00,delta,51
2026-09-25T16:16:41+09:00,epsilon,4
2026-09-25T16:16:41+09:00,iota,7
2026-09-25T16:16:41+09:00,kappa,7
2026-09-25T16:16:41+09:00,lambda,33
2026-09-25T16:16:41+09:00,lounge,0
2026-09-25T16:16:41+09:00,mu,55
2026-09-25T16:16:41+09:00,omega,0
2026-09-25T16:16:41+09:00,omicron,23
2026-09-25T16:16:41+09:00,sigma,9
2026-09-25T16:16:41+09:00,tau,36
2026-09-25T16:16:41+09:00,theta,3
2026-09-25T16:16:41+09:00,all,344
2026-09-25T16:26:44+09:00,alpha,107
2026-09-25T16:26:44+09:00,delta,47
2026-09-25T16:26:44+09:00,epsilon,4
2026-09-25T16:26:44+09:00,iota,7
2026-09-25T16:26:44+09:00,kappa,9
2026-09-25T16:26:44+09:00,lambda,33
2026-09-25T16:26:44+09:00,lounge,1
2026-09-25T16:26:44+09:00,mu,61
2026-09-25T16:26:44+09:00,omega,2
2026-09-25T16:26:44+09:00,omicron,17
2026-09-25T16:26:44+09:00,sigma,8
2026-09-25T16:26:44+09:00,tau,34
2026-09-25T16:26:44+09:00,theta,6
2026-09-25T16:26:44+09:00,all,336
2026-09-25T16:36:47+09:00,alpha,103
2026-09-25T16:36:47+09:00,delta,47
2026-09-25T16:36:47+09:00,epsilon,4
2026-09-25T16:36:47+09:00,iota,7
2026-09-25T16:36:47+09:00,kappa,8
2026-09-25T16:36:47+09:00,lambda,31
2026-09-25T16:36:47+09:00,lounge,2
2026-09-25T16:36:47+09:00,mu,51
2026-09-25T16:36:47+09:00,omega,2
2026-09-25T16:36:47+09:00,omicron,16
2026-09-25T16:36:47+09:00,sigma,8
2026-09-25T16:36:47+09:00,tau,39
2026-09-25T16:36:47+09:00,theta,0
2026-09-25T16:36:47+09:00,all,318
2026-09-25T16:46:50+09:00,alpha,97
2026-09-25T16:46:50+09:00,delta,42
2026-09-25T16:46:50+09:00,epsilon,4
2026-09-25T16:46:50+09:00,iota,7
2026-09-25T16:46:50+09:00,kappa,8
2026-09-25T16:46:50+09:00,lambda,31
2026-09-25T16:46:50+09:00,lounge,3
2026-09-25T16:46:50+09:00,mu,52
2026-09-25T16:46:50+09:00,omega,1
2026-09-25T16:46:50+09:00,omicron,18
2026-09-25T16:46:50+09:00,sigma,7
2026-09-25T16:46:50+09:00,tau,38
2026-09-25T16:46:50+09:00,theta,5
2026-09-25T16:46:50+09:00,all,313
2026-09-25T16:56:53+09:00,alpha,101
2026-09-25T16:56:53+09:00,delta,42
2026-09-25T16:56:53+09:00,epsilon,6
2026-09-25T16:56:53+09:00,iota,9
2026-09-25T16:56:53+09:00,kappa,10
2026-09-25T16:56:53+09:00,lambda,27
2026-09-25T16:56:53+09:00,lounge,2
2026-09-25T16:56:53+09:00,mu,55
2026-09-25T16:56:53+09:00,omega,1
2026-09-25T16:56:53+09:00,omicron,14
2026-09-25T16:56:53+09:00,sigma,7
2026-09-25T16:56:53+09:00,tau,37
2026-09-25T16:56:53+09:00,theta,2
2026-09-25T16:56:53+09:00,all,313
2026-09-25T17:06:55+09:00,alpha,93
2026-09-25T17:06:55+09:00,delta,42
2026-09-25T17:06:55+09:00,epsilon,7
2026-09-25T17:06:55+09:00,iota,7
2026-09-25T17:06:55+09:00,kappa,11
2026-09-25T17:06:55+09:00,lambda,31
2026-09-25T17:06:55+09:00,lounge,5
2026-09-25T17:06:55+09:00,mu,57
2026-09-25T17:06:55+09:00,omega,2
2026-09-25T17:06:55+09:00,omicron,13
2026-09-25T17:06:55+09:00,sigma,4
2026-09-25T17:06:55+09:00,tau,37
2026-09-25T17:06:55+09:00,theta,3
2026-09-25T17:06:55+09:00,all,312
2026-09-25T17:16:58+09:00,alpha,89
2026-09-25T17:16:58+09:00,delta,42
2026-09-25T17:16:58+09:00,epsilon,7
2026-09-25T17:16:58+09:00,iota,8
2026-09-25T17:16:58+09:00,kappa,11
2026-09-25T17:16:58+09:00,lambda,22
2026-09-25T17:16:58+09:00,lounge,3
2026-09-25T17:16:58+09:00,mu,53
2026-09-25T17:16:58+09:00,omega,3
2026-09-25T17:16:58+09:00,omicron,15
2026-09-25T17:16:58+09:00,sigma,4
2026-09-25T17:16:58+09:00,tau,38
2026-09-25T17:16:58+09:00,theta,1
2026-09-25T17:16:58+09:00,all,296
2026-09-25T17:27:01+09:00,alpha,79
2026-09-25T17:27:01+09:00,delta,42
2026-09-25T17:27:01+09:00,epsilon,7
2026-09-25T17:27:01+09:00,iota,6
2026-09-25T17:27:01+09:00,kappa,8
2026-09-25T17:27:01+09:00,lambda,20
2026-09-25T17:27:01+09:00,lounge,3
2026-09-25T17:27:01+09:00,mu,45
2026-09-25T17:27:01+09:00,omega,2
2026-09-25T17:27:01+09:00,omicron,15
2026-09-25T17:27:01+09:00,sigma,4
2026-09-25T17:27:01+09:00,tau,40
2026-09-25T17:27:01+09:00,theta,5
2026-09-25T17:27:01+09:00,all,276
2026-09-25T17:27:17+09:00,alpha,79
2026-09-25T17:27:17+09:00,delta,42
2026-09-25T17:27:17+09:00,epsilon,7
2026-09-25T17:27:17+09:00,iota,6
2026-09-25T17:27:17+09:00,kappa,8
2026-09-25T17:27:17+09:00,lambda,20
2026-09-25T17:27:17+09:00,lounge,3
2026-09-25T17:27:17+09:00,mu,45
2026-09-25T17:27:17+09:00,omega,2
2026-09-25T17:27:17+09:00,omicron,15
2026-09-25T17:27:17+09:00,sigma,4
2026-09-25T17:27:17+09:00,tau,40
2026-09-25T17:27:17+09:00,theta,5
2026-09-25T17:27:17+09:00,all,276
2026-09-25T17:37:20+09:00,alpha,74
2026-09-25T17:37:20+09:00,delta,43
2026-09-25T17:37:20+09:00,epsilon,7
2026-09-25T17:37:20+09:00,iota,6
2026-09-25T17:37:20+09:00,kappa,8
2026-09-25T17:37:20+09:00,lambda,18
2026-09-25T17:37:20+09:00,lounge,0
2026-09-25T17:37:20+09:00,mu,46
2026-09-25T17:37:20+09:00,omega,4
2026-09-25T17:37:20+09:00,omicron,13
2026-09-25T17:37:20+09:00,sigma,4
2026-09-25T17:37:20+09:00,tau,37
2026-09-25T17:37:20+09:00,theta,0
2026-09-25T17:37:20+09:00,all,260
2026-09-25T17:47:23+09:00,alpha,67
2026-09-25T17:47:23+09:00,delta,42
2026-09-25T17:47:23+09:00,epsilon,7
2026-09-25T17:47:23+09:00,iota,7
2026-09-25T17:47:23+09:00,kappa,8
2026-09-25T17:47:23+09:00,lambda,18
2026-09-25T17:47:23+09:00,lounge,4
2026-09-25T17:47:23+09:00,mu,36
2026-09-25T17:47:23+09:00,omega,4
2026-09-25T17:47:23+09:00,omicron,12
2026-09-25T17:47:23+09:00,sigma,4
2026-09-25T17:47:23+09:00,tau,36
2026-09-25T17:47:23+09:00,theta,2
2026-09-25T17:47:23+09:00,all,247
2026-09-25T17:57:26+09:00,alpha,55
2026-09-25T17:57:26+09:00,delta,43
2026-09-25T17:57:26+09:00,epsilon,7
2026-09-25T17:57:26+09:00,iota,6
2026-09-25T17:57:26+09:00,kappa,9
2026-09-25T17:57:26+09:00,lambda,17
2026-09-25T17:57:26+09:00,lounge,2
2026-09-25T17:57:26+09:00,mu,29
2026-09-25T17:57:26+09:00,omega,5
2026-09-25T17:57:26+09:00,omicron,12
2026-09-25T17:57:26+09:00,sigma,4
2026-09-25T17:57:26+09:00,tau,35
2026-09-25T17:57:26+09:00,theta,0
2026-09-25T17:57:26+09:00,all,224
2026-09-25T18:07:32+09:00,alpha,51
2026-09-25T18:07:32+09:00,delta,43
2026-09-25T18:07:32+09:00,epsilon,7
2026-09-25T18:07:32+09:00,iota,7
2026-09-25T18:07:32+09:00,kappa,7
2026-09-25T18:07:32+09:00,lambda,17
2026-09-25T18:07:32+09:00,lounge,1
2026-09-25T18:07:32+09:00,mu,27
2026-09-25T18:07:32+09:00,omega,1
2026-09-25T18:07:32+09:00,omicron,11
2026-09-25T18:07:32+09:00,sigma,4
2026-09-25T18:07:32+09:00,tau,33
2026-09-25T18:07:32+09:00,theta,0
2026-09-25T18:07:32+09:00,all,209
2026-09-25T18:17:35+09:00,alpha,48
2026-09-25T18:17:35+09:00,delta,43
2026-09-25T18:17:35+09:00,epsilon,8
2026-09-25T18:17:35+09:00,iota,6
2026-09-25T18:17:35+09:00,kappa,8
2026-09-25T18:17:35+09:00,lambda,17
2026-09-25T18:17:35+09:00,lounge,1
2026-09-25T18:17:35+09:00,mu,27
2026-09-25T18:17:35+09:00,omega,2
2026-09-25T18:17:35+09:00,omicron,12
2026-09-25T18:17:35+09:00,sigma,4
2026-09-25T18:17:35+09:00,tau,27
2026-09-25T18:17:35+09:00,theta,2
2026-09-25T18:17:35+09:00,all,205
2026-09-25T18:27:38+09:00,alpha,45
2026-09-25T18:27:38+09:00,delta,43
2026-09-25T18:27:38+09:00,epsilon,7
2026-09-25T18:27:38+09:00,iota,6
2026-09-25T18:27:38+09:00,kappa,8
2026-09-25T18:27:38+09:00,lambda,14
2026-09-25T18:27:38+09:00,lounge,1
2026-09-25T18:27:38+09:00,mu,24
2026-09-25T18:27:38+09:00,omega,2
2026-09-25T18:27:38+09:00,omicron,11
2026-09-25T18:27:38+09:00,sigma,4
2026-09-25T18:27:38+09:00,tau,25
2026-09-25T18:27:38+09:00,theta,1
2026-09-25T18:27:38+09:00,all,191
2026-09-25T18:37:41+09:00,alpha,44
2026-09-25T18:37:41+09:00,delta,41
2026-09-25T18:37:41+09:00,epsilon,7
2026-09-25T18:37:41+09:00,iota,6
2026-09-25T18:37:41+09:00,kappa,7
2026-09-25T18:37:41+09:00,lambda,19
2026-09-25T18:37:41+09:00,lounge,0
2026-09-25T18:37:41+09:00,mu,19
2026-09-25T18:37:41+09:00,omega,1
2026-09-25T18:37:41+09:00,omicron,11
2026-09-25T18:37:41+09:00,sigma,3
2026-09-25T18:37:41+09:00,tau,17
2026-09-25T18:37:41+09:00,theta,0
2026-09-25T18:37:41+09:00,all,175
2026-09-25T18:47:44+09:00,alpha,43
2026-09-25T18:47:44+09:00,delta,40
2026-09-25T18:47:44+09:00,epsilon,7
2026-09-25T18:47:44+09:00,iota,6
2026-09-25T18:47:44+09:00,kappa,7
2026-09-25T18:47:44+09:00,lambda,16
2026-09-25T18:47:44+09:00,lounge,3
2026-09-25T18:47:44+09:00,mu,15
2026-09-25T18:47:44+09:00,omega,7
2026-09-25T18:47:44+09:00,omicron,10
2026-09-25T18:47:44+09:00,sigma,3
2026-09-25T18:47:44+09:00,tau,13
2026-09-25T18:47:44+09:00,theta,4
2026-09-25T18:47:44+09:00,all,174
2026-09-25T18:57:48+09:00,alpha,40
2026-09-25T18:57:48+09:00,delta,39
2026-09-25T18:57:48+09:00,epsilon,9
2026-09-25T18:57:48+09:00,iota,6
2026-09-25T18:57:48+09:00,kappa,7
2026-09-25T18:57:48+09:00,lambda,18
2026-09-25T18:57:48+09:00,lounge,3
2026-09-25T18:57:48+09:00,mu,15
2026-09-25T18:57:48+09:00,omega,2
2026-09-25T18:57:48+09:00,omicron,9
2026-09-25T18:57:48+09:00,sigma,3
2026-09-25T18:57:48+09:00,tau,13
2026-09-25T18:57:48+09:00,theta,1
2026-09-25T18:57:48+09:00,all,165
2026-09-25T19:07:53+09:00,alpha,34
2026-09-25T19:07:53+09:00,delta,39
2026-09-25T19:07:53+09:00,epsilon,7
2026-09-25T19:07:53+09:00,iota,6
2026-09-25T19:07:53+09:00,kappa,7
2026-09-25T19:07:53+09:00,lambda,19
2026-09-25T19:07:53+09:00,lounge,1
2026-09-25T19:07:53+09:00,mu,15
2026-09-25T19:07:53+09:00,omega,0
2026-09-25T19:07:53+09:00,omicron,9
2026-09-25T19:07:53+09:00,sigma,4
2026-09-25T19:07:53+09:00,tau,11
2026-09-25T19:07:53+09:00,theta,7
2026-09-25T19:07:53+09:00,all,159
2026-09-25T19:17:55+09:00,alpha,34
2026-09-25T19:17:55+09:00,delta,39
2026-09-25T19:17:55+09:00,epsilon,7
2026-09-25T19:17:55+09:00,iota,6
2026-09-25T19:17:55+09:00,kappa,7
2026-09-25T19:17:55+09:00,lambda,19
2026-09-25T19:17:55+09:00,lounge,0
2026-09-25T19:17:55+09:00,mu,14
2026-09-25T19:17:55+09:00,omega,0
2026-09-25T19:17:55+09:00,omicron,9
2026-09-25T19:17:55+09:00,sigma,5
2026-09-25T19:17:55+09:00,tau,12
2026-09-25T19:17:55+09:00,theta,6
2026-09-25T19:17:55+09:00,all,158
2026-09-25T19:27:58+09:00,alpha,33
2026-09-25T19:27:58+09:00,delta,38
2026-09-25T19:27:58+09:00,epsilon,7
2026-09-25T19:27:58+09:00,iota,6
2026-09-25T19:27:58+09:00,kappa,7
2026-09-25T19:27:58+09:00,lambda,19
2026-09-25T19:27:58+09:00,lounge,0
2026-09-25T19:27:58+09:00,mu,9
2026-09-25T19:27:58+09:00,omega,0
2026-09-25T19:27:58+09:00,omicron,9
2026-09-25T19:27:58+09:00,sigma,5
2026-09-25T19:27:58+09:00,tau,10
2026-09-25T19:27:58+09:00,theta,2
2026-09-25T19:27:58+09:00,all,145
2026-09-25T19:38:03+09:00,alpha,32
2026-09-25T19:38:03+09:00,delta,38
2026-09-25T19:38:03+09:00,epsilon,7
2026-09-25T19:38:03+09:00,iota,4
2026-09-25T19:38:03+09:00,kappa,7
2026-09-25T19:38:03+09:00,lambda,18
2026-09-25T19:38:03+09:00,lounge,0
2026-09-25T19:38:03+09:00,mu,11
2026-09-25T19:38:03+09:00,omega,2
2026-09-25T19:38:03+09:00,omicron,9
2026-09-25T19:38:03+09:00,sigma,4
2026-09-25T19:38:03+09:00,tau,10
2026-09-25T19:38:03+09:00,theta,2
2026-09-25T19:38:03+09:00,all,144
2026-09-25T19:48:07+09:00,alpha,32
2026-09-25T19:48:07+09:00,delta,38
2026-09-25T19:48:07+09:00,epsilon,4
2026-09-25T19:48:07+09:00,iota,6
2026-09-25T19:48:07+09:00,kappa,7
2026-09-25T19:48:07+09:00,lambda,17
2026-09-25T19:48:07+09:00,lounge,2
2026-09-25T19:48:07+09:00,mu,11
2026-09-25T19:48:07+09:00,omega,1
2026-09-25T19:48:07+09:00,omicron,9
2026-09-25T19:48:07+09:00,sigma,3
2026-09-25T19:48:07+09:00,tau,9
2026-09-25T19:48:07+09:00,theta,1
2026-09-25T19:48:07+09:00,all,140
2026-09-25T19:58:11+09:00,alpha,26
2026-09-25T19:58:11+09:00,delta,37
2026-09-25T19:58:11+09:00,epsilon,4
2026-09-25T19:58:11+09:00,iota,4
2026-09-25T19:58:11+09:00,kappa,7
2026-09-25T19:58:11+09:00,lambda,18
2026-09-25T19:58:11+09:00,lounge,0
2026-09-25T19:58:11+09:00,mu,11
2026-09-25T19:58:11+09:00,omega,0
2026-09-25T19:58:11+09:00,omicron,9
2026-09-25T19:58:11+09:00,sigma,3
2026-09-25T19:58:11+09:00,tau,8
2026-09-25T19:58:11+09:00,theta,0
2026-09-25T19:58:11+09:00,all,127
2026-09-25T20:08:14+09:00,alpha,24
2026-09-25T20:08:14+09:00,delta,37
2026-09-25T20:08:14+09:00,epsilon,4
2026-09-25T20:08:14+09:00,iota,2
2026-09-25T20:08:14+09:00,kappa,7
2026-09-25T20:08:14+09:00,lambda,18
2026-09-25T20:08:14+09:00,lounge,0
2026-09-25T20:08:14+09:00,mu,11
2026-09-25T20:08:14+09:00,omega,0
2026-09-25T20:08:14+09:00,omicron,9
2026-09-25T20:08:14+09:00,sigma,3
2026-09-25T20:08:14+09:00,tau,8
2026-09-25T20:08:14+09:00,theta,0
2026-09-25T20:08:14+09:00,all,123
2026-09-25T20:18:19+09:00,alpha,24
2026-09-25T20:18:19+09:00,delta,35
2026-09-25T20:18:19+09:00,epsilon,4
2026-09-25T20:18:19+09:00,iota,2
2026-09-25T20:18:19+09:00,kappa,7
2026-09-25T20:18:19+09:00,lambda,17
2026-09-25T20:18:19+09:00,lounge,0
2026-09-25T20:18:19+09:00,mu,11
2026-09-25T20:18:19+09:00,omega,0
2026-09-25T20:18:19+09:00,omicron,9
2026-09-25T20:18:19+09:00,sigma,3
2026-09-25T20:18:19+09:00,tau,10
2026-09-25T20:18:19+09:00,theta,0
2026-09-25T20:18:19+09:00,all,122
2026-09-25T20:28:27+09:00,alpha,25
2026-09-25T20:28:27+09:00,delta,35
2026-09-25T20:28:27+09:00,epsilon,4
2026-09-25T20:28:27+09:00,iota,2
2026-09-25T20:28:27+09:00,kappa,7
2026-09-25T20:28:27+09:00,lambda,17
2026-09-25T20:28:27+09:00,lounge,0
2026-09-25T20:28:27+09:00,mu,10
2026-09-25T20:28:27+09:00,omega,0
2026-09-25T20:28:27+09:00,omicron,9
2026-09-25T20:28:27+09:00,sigma,4
2026-09-25T20:28:27+09:00,tau,11
2026-09-25T20:28:27+09:00,theta,1
2026-09-25T20:28:27+09:00,all,125
2026-09-25T20:38:31+09:00,alpha,24
2026-09-25T20:38:31+09:00,delta,35
2026-09-25T20:38:31+09:00,epsilon,4
2026-09-25T20:38:31+09:00,iota,2
2026-09-25T20:38:31+09:00,kappa,8
2026-09-25T20:38:31+09:00,lambda,20
2026-09-25T20:38:31+09:00,lounge,1
2026-09-25T20:38:31+09:00,mu,12
2026-09-25T20:38:31+09:00,omega,0
2026-09-25T20:38:31+09:00,omicron,9
2026-09-25T20:38:31+09:00,sigma,3
2026-09-25T20:38:31+09:00,tau,11
2026-09-25T20:38:31+09:00,theta,0
2026-09-25T20:38:31+09:00,all,129
2026-09-25T20:48:36+09:00,alpha,24
2026-09-25T20:48:36+09:00,delta,35
2026-09-25T20:48:36+09:00,epsilon,4
2026-09-25T20:48:36+09:00,iota,2
2026-09-25T20:48:36+09:00,kappa,8
2026-09-25T20:48:36+09:00,lambda,16
2026-09-25T20:48:36+09:00,lounge,1
2026-09-25T20:48:36+09:00,mu,12
2026-09-25T20:48:36+09:00,omega,0
2026-09-25T20:48:36+09:00,omicron,13
2026-09-25T20:48:36+09:00,sigma,3
2026-09-25T20:48:36+09:00,tau,11
2026-09-25T20:48:36+09:00,theta,1
2026-09-25T20:48:36+09:00,all,130
2026-09-25T20:58:42+09:00,alpha,20
2026-09-25T20:58:42+09:00,delta,34
2026-09-25T20:58:42+09:00,epsilon,4
2026-09-25T20:58:42+09:00,iota,2
2026-09-25T20:58:42+09:00,kappa,7
2026-09-25T20:58:42+09:00,lambda,16
2026-09-25T20:58:42+09:00,lounge,3
2026-09-25T20:58:42+09:00,mu,13
2026-09-25T20:58:42+09:00,omega,0
2026-09-25T20:58:42+09:00,omicron,9
2026-09-25T20:58:42+09:00,sigma,3
2026-09-25T20:58:42+09:00,tau,11
2026-09-25T20:58:42+09:00,theta,0
2026-09-25T20:58:42+09:00,all,122
2026-09-25T21:08:45+09:00,alpha,19
2026-09-25T21:08:45+09:00,delta,34
2026-09-25T21:08:45+09:00,epsilon,4
2026-09-25T21:08:45+09:00,iota,2
2026-09-25T21:08:45+09:00,kappa,7
2026-09-25T21:08:45+09:00,lambda,16
2026-09-25T21:08:45+09:00,lounge,4
2026-09-25T21:08:45+09:00,mu,13
2026-09-25T21:08:45+09:00,omega,0
2026-09-25T21:08:45+09:00,omicron,9
2026-09-25T21:08:45+09:00,sigma,4
2026-09-25T21:08:45+09:00,tau,11
2026-09-25T21:08:45+09:00,theta,0
2026-09-25T21:08:45+09:00,all,123
2026-09-25T21:18:54+09:00,alpha,17
2026-09-25T21:18:54+09:00,delta,34
2026-09-25T21:18:54+09:00,epsilon,4
2026-09-25T21:18:54+09:00,iota,2
2026-09-25T21:18:54+09:00,kappa,7
2026-09-25T21:18:54+09:00,lambda,16
2026-09-25T21:18:54+09:00,lounge,4
2026-09-25T21:18:54+09:00,mu,10
2026-09-25T21:18:54+09:00,omega,1
2026-09-25T21:18:54+09:00,omicron,9
2026-09-25T21:18:54+09:00,sigma,4
2026-09-25T21:18:54+09:00,tau,11
2026-09-25T21:18:54+09:00,theta,0
2026-09-25T21:18:54+09:00,all,119
2026-09-25T21:28:59+09:00,alpha,16
2026-09-25T21:28:59+09:00,delta,34
2026-09-25T21:28:59+09:00,epsilon,4
2026-09-25T21:28:59+09:00,iota,2
2026-09-25T21:28:59+09:00,kappa,7
2026-09-25T21:28:59+09:00,lambda,14
2026-09-25T21:28:59+09:00,lounge,2
2026-09-25T21:28:59+09:00,mu,10
2026-09-25T21:28:59+09:00,omega,0
2026-09-25T21:28:59+09:00,omicron,9
2026-09-25T21:28:59+09:00,sigma,4
2026-09-25T21:28:59+09:00,tau,11
2026-09-25T21:28:59+09:00,theta,0
2026-09-25T21:28:59+09:00,all,113
2026-09-25T21:39:05+09:00,alpha,15
2026-09-25T21:39:05+09:00,delta,34
2026-09-25T21:39:05+09:00,epsilon,4
2026-09-25T21:39:05+09:00,iota,2
2026-09-25T21:39:05+09:00,kappa,7
2026-09-25T21:39:05+09:00,lambda,14
2026-09-25T21:39:05+09:00,lounge,3
2026-09-25T21:39:05+09:00,mu,11
2026-09-25T21:39:05+09:00,omega,1
2026-09-25T21:39:05+09:00,omicron,9
2026-09-25T21:39:05+09:00,sigma,4
2026-09-25T21:39:05+09:00,tau,9
2026-09-25T21:39:05+09:00,theta,1
2026-09-25T21:39:05+09:00,all,114
2026-09-27T15:28:01+09:00,all,0
2026-09-27T15:33:48+09:00,alpha,10
2026-09-27T15:33:48+09:00,delta,29
2026-09-27T15:33:48+09:00,epsilon,4
2026-09-27T15:33:48+09:00,iota,6
2026-09-27T15:33:48+09:00,kappa,21
2026-09-27T15:33:48+09:00,lambda,20
2026-09-27T15:33:48+09:00,lounge,0
2026-09-27T15:33:48+09:00,mu,11
2026-09-27T15:33:48+09:00,omega,0
2026-09-27T15:33:48+09:00,omicron,8
2026-09-27T15:33:48+09:00,sigma,2
2026-09-27T15:33:48+09:00,tau,5
2026-09-27T15:33:48+09:00,theta,0
2026-09-27T15:33:48+09:00,all,116
2026-09-27T15:43:53+09:00,alpha,10
2026-09-27T15:43:53+09:00,delta,29
2026-09-27T15:43:53+09:00,epsilon,5
2026-09-27T15:43:53+09:00,iota,6
2026-09-27T15:43:53+09:00,kappa,17
2026-09-27T15:43:53+09:00,lambda,20
2026-09-27T15:43:53+09:00,lounge,0
2026-09-27T15:43:53+09:00,mu,11
2026-09-27T15:43:53+09:00,omega,0
2026-09-27T15:43:53+09:00,omicron,10
2026-09-27T15:43:53+09:00,sigma,2
2026-09-27T15:43:53+09:00,tau,6
2026-09-27T15:43:53+09:00,theta,0
2026-09-27T15:43:53+09:00,all,116
2026-09-27T15:53:53+09:00,alpha,10
2026-09-27T15:53:53+09:00,delta,29
2026-09-27T15:53:53+09:00,epsilon,4
2026-09-27T15:53:53+09:00,iota,7
2026-09-27T15:53:53+09:00,kappa,18
2026-09-27T15:53:53+09:00,lambda,20
2026-09-27T15:53:53+09:00,lounge,0
2026-09-27T15:53:53+09:00,mu,11
2026-09-27T15:53:53+09:00,omega,0
2026-09-27T15:53:53+09:00,omicron,10
2026-09-27T15:53:53+09:00,sigma,2
2026-09-27T15:53:53+09:00,tau,6
2026-09-27T15:53:53+09:00,theta,0
2026-09-27T15:53:53+09:00,all,117
2026-09-27T16:07:24+09:00,alpha,10
2026-09-27T16:07:24+09:00,delta,29
2026-09-27T16:07:24+09:00,epsilon,4
2026-09-27T16:07:24+09:00,iota,7
2026-09-27T16:07:24+09:00,kappa,18
2026-09-27T16:07:24+09:00,lambda,20
2026-09-27T16:07:24+09:00,lounge,0
2026-09-27T16:07:24+09:00,mu,11
2026-09-27T16:07:24+09:00,omega,0
2026-09-27T16:07:24+09:00,omicron,10
2026-09-27T16:07:24+09:00,sigma,2
2026-09-27T16:07:24+09:00,tau,6
2026-09-27T16:07:24+09:00,theta,0
2026-09-27T16:07:24+09:00,all,117
2026-09-27T16:17:27+09:00,alpha,10
2026-09-27T16:17:27+09:00,delta,30
2026-09-27T16:17:27+09:00,epsilon,4
2026-09-27T16:17:27+09:00,iota,5
2026-09-27T16:17:27+09:00,kappa,21
2026-09-27T16:17:27+09:00,lambda,19
2026-09-27T16:17:27+09:00,lounge,0
2026-09-27T16:17:27+09:00,mu,11
2026-09-27T16:17:27+09:00,omega,1
2026-09-27T16:17:27+09:00,omicron,9
2026-09-27T16:17:27+09:00,sigma,3
2026-09-27T16:17:27+09:00,tau,6
2026-09-27T16:17:27+09:00,theta,0
2026-09-27T16:17:27+09:00,all,119
2026-09-27T16:27:30+09:00,alpha,10
2026-09-27T16:27:30+09:00,delta,30
2026-09-27T16:27:30+09:00,epsilon,4
2026-09-27T16:27:30+09:00,iota,8
2026-09-27T16:27:30+09:00,kappa,20
2026-09-27T16:27:30+09:00,lambda,16
2026-09-27T16:27:30+09:00,lounge,1
2026-09-27T16:27:30+09:00,mu,10
2026-09-27T16:27:30+09:00,omega,0
2026-09-27T16:27:30+09:00,omicron,9
2026-09-27T16:27:30+09:00,sigma,3
2026-09-27T16:27:30+09:00,tau,6
2026-09-27T16:27:30+09:00,theta,1
2026-09-27T16:27:30+09:00,all,118
2026-09-27T16:37:36+09:00,alpha,10
2026-09-27T16:37:36+09:00,delta,30
2026-09-27T16:37:36+09:00,epsilon,4
2026-09-27T16:37:36+09:00,iota,8
2026-09-27T16:37:36+09:00,kappa,22
2026-09-27T16:37:36+09:00,lambda,14
2026-09-27T16:37:36+09:00,lounge,0
2026-09-27T16:37:36+09:00,mu,13
2026-09-27T16:37:36+09:00,omega,0
2026-09-27T16:37:36+09:00,omicron,10
2026-09-27T16:37:36+09:00,sigma,2
2026-09-27T16:37:36+09:00,tau,6
2026-09-27T16:37:36+09:00,theta,2
2026-09-27T16:37:36+09:00,all,121
2026-09-27T16:47:40+09:00,alpha,10
2026-09-27T16:47:40+09:00,delta,30
2026-09-27T16:47:40+09:00,epsilon,4
2026-09-27T16:47:40+09:00,iota,8
2026-09-27T16:47:40+09:00,kappa,22
2026-09-27T16:47:40+09:00,lambda,15
2026-09-27T16:47:40+09:00,lounge,0
2026-09-27T16:47:40+09:00,mu,12
2026-09-27T16:47:40+09:00,omega,0
2026-09-27T16:47:40+09:00,omicron,9
2026-09-27T16:47:40+09:00,sigma,2
2026-09-27T16:47:40+09:00,tau,6
2026-09-27T16:47:40+09:00,theta,0
2026-09-27T16:47:40+09:00,all,118
2026-09-27T16:57:43+09:00,alpha,10
2026-09-27T16:57:43+09:00,delta,30
2026-09-27T16:57:43+09:00,epsilon,4
2026-09-27T16:57:43+09:00,iota,9
2026-09-27T16:57:43+09:00,kappa,22
2026-09-27T16:57:43+09:00,lambda,14
2026-09-27T16:57:43+09:00,lounge,0
2026-09-27T16:57:43+09:00,mu,9
2026-09-27T16:57:43+09:00,omega,0
2026-09-27T16:57:43+09:00,omicron,9
2026-09-27T16:57:43+09:00,sigma,2
2026-09-27T16:57:43+09:00,tau,6
2026-09-27T16:57:43+09:00,theta,1
2026-09-27T16:57:43+09:00,all,116
2026-09-27T17:07:48+09:00,alpha,10
2026-09-27T17:07:48+09:00,delta,30
2026-09-27T17:07:48+09:00,epsilon,4
2026-09-27T17:07:48+09:00,iota,9
2026-09-27T17:07:48+09:00,kappa,23
2026-09-27T17:07:48+09:00,lambda,14
2026-09-27T17:07:48+09:00,lounge,0
2026-09-27T17:07:48+09:00,mu,9
2026-09-27T17:07:48+09:00,omega,0
2026-09-27T17:07:48+09:00,omicron,9
2026-09-27T17:07:48+09:00,sigma,2
2026-09-27T17:07:48+09:00,tau,6
2026-09-27T17:07:48+09:00,theta,1
2026-09-27T17:07:48+09:00,all,117
2026-09-27T17:17:53+09:00,alpha,10
2026-09-27T17:17:53+09:00,delta,30
2026-09-27T17:17:53+09:00,epsilon,4
2026-09-27T17:17:53+09:00,iota,9
2026-09-27T17:17:53+09:00,kappa,21
2026-09-27T17:17:53+09:00,lambda,14
2026-09-27T17:17:53+09:00,lounge,1
2026-09-27T17:17:53+09:00,mu,9
2026-09-27T17:17:53+09:00,omega,0
2026-09-27T17:17:53+09:00,omicron,9
2026-09-27T17:17:53+09:00,sigma,3
2026-09-27T17:17:53+09:00,tau,6
2026-09-27T17:17:53+09:00,theta,1
2026-09-27T17:17:53+09:00,all,117
2026-09-27T17:27:56+09:00,alpha,10
2026-09-27T17:27:56+09:00,delta,30
2026-09-27T17:27:56+09:00,epsilon,4
2026-09-27T17:27:56+09:00,iota,9
2026-09-27T17:27:56+09:00,kappa,23
2026-09-27T17:27:56+09:00,lambda,14
2026-09-27T17:27:56+09:00,lounge,0
2026-09-27T17:27:56+09:00,mu,9
2026-09-27T17:27:56+09:00,omega,0
2026-09-27T17:27:56+09:00,omicron,9
2026-09-27T17:27:56+09:00,sigma,3
2026-09-27T17:27:56+09:00,tau,6
2026-09-27T17:27:56+09:00,theta,0
2026-09-27T17:27:56+09:00,all,117
2026-09-27T17:37:59+09:00,alpha,10
2026-09-27T17:37:59+09:00,delta,30
2026-09-27T17:37:59+09:00,epsilon,5
2026-09-27T17:37:59+09:00,iota,5
2026-09-27T17:37:59+09:00,kappa,15
2026-09-27T17:37:59+09:00,lambda,17
2026-09-27T17:37:59+09:00,lounge,0
2026-09-27T17:37:59+09:00,mu,9
2026-09-27T17:37:59+09:00,omega,0
2026-09-27T17:37:59+09:00,omicron,12
2026-09-27T17:37:59+09:00,sigma,2
2026-09-27T17:37:59+09:00,tau,6
2026-09-27T17:37:59+09:00,theta,0
2026-09-27T17:37:59+09:00,all,111
2026-09-27T17:48:01+09:00,alpha,10
2026-09-27T17:48:01+09:00,delta,32
2026-09-27T17:48:01+09:00,epsilon,4
2026-09-27T17:48:01+09:00,iota,3
2026-09-27T17:48:01+09:00,kappa,13
2026-09-27T17:48:01+09:00,lambda,18
2026-09-27T17:48:01+09:00,lounge,0
2026-09-27T17:48:01+09:00,mu,9
2026-09-27T17:48:01+09:00,omega,0
2026-09-27T17:48:01+09:00,omicron,9
2026-09-27T17:48:01+09:00,sigma,2
2026-09-27T17:48:01+09:00,tau,6
2026-09-27T17:48:01+09:00,theta,0
2026-09-27T17:48:01+09:00,all,106
2026-09-27T17:58:05+09:00,alpha,10
2026-09-27T17:58:05+09:00,delta,32
2026-09-27T17:58:05+09:00,epsilon,4
2026-09-27T17:58:05+09:00,iota,3
2026-09-27T17:58:05+09:00,kappa,12
2026-09-27T17:58:05+09:00,lambda,18
2026-09-27T17:58:05+09:00,lounge,0
2026-09-27T17:58:05+09:00,mu,9
2026-09-27T17:58:05+09:00,omega,0
2026-09-27T17:58:05+09:00,omicron,9
2026-09-27T17:58:05+09:00,sigma,2
2026-09-27T17:58:05+09:00,tau,6
2026-09-27T17:58:05+09:00,theta,0
2026-09-27T17:58:05+09:00,all,105
2026-09-27T18:08:08+09:00,alpha,10
2026-09-27T18:08:08+09:00,delta,32
2026-09-27T18:08:08+09:00,epsilon,4
2026-09-27T18:08:08+09:00,iota,3
2026-09-27T18:08:08+09:00,kappa,12
2026-09-27T18:08:08+09:00,lambda,18
2026-09-27T18:08:08+09:00,lounge,0
2026-09-27T18:08:08+09:00,mu,9
2026-09-27T18:08:08+09:00,omega,0
2026-09-27T18:08:08+09:00,omicron,9
2026-09-27T18:08:08+09:00,sigma,2
2026-09-27T18:08:08+09:00,tau,6
2026-09-27T18:08:08+09:00,theta,0
2026-09-27T18:08:08+09:00,all,105
2026-09-27T18:18:10+09:00,alpha,10
2026-09-27T18:18:10+09:00,delta,32
2026-09-27T18:18:10+09:00,epsilon,4
2026-09-27T18:18:10+09:00,iota,3
2026-09-27T18:18:10+09:00,kappa,12
2026-09-27T18:18:10+09:00,lambda,18
2026-09-27T18:18:10+09:00,lounge,0
2026-09-27T18:18:10+09:00,mu,9
2026-09-27T18:18:10+09:00,omega,0
2026-09-27T18:18:10+09:00,omicron,10
2026-09-27T18:18:10+09:00,sigma,3
2026-09-27T18:18:10+09:00,tau,6
2026-09-27T18:18:10+09:00,theta,5
2026-09-27T18:18:10+09:00,all,112
2026-09-27T18:28:13+09:00,alpha,10
2026-09-27T18:28:13+09:00,delta,32
2026-09-27T18:28:13+09:00,epsilon,4
2026-09-27T18:28:13+09:00,iota,4
2026-09-27T18:28:13+09:00,kappa,12
2026-09-27T18:28:13+09:00,lambda,18
2026-09-27T18:28:13+09:00,lounge,0
2026-09-27T18:28:13+09:00,mu,9
2026-09-27T18:28:13+09:00,omega,0
2026-09-27T18:28:13+09:00,omicron,10
2026-09-27T18:28:13+09:00,sigma,3
2026-09-27T18:28:13+09:00,tau,6
2026-09-27T18:28:13+09:00,theta,4
2026-09-27T18:28:13+09:00,all,112
2026-09-27T18:38:16+09:00,alpha,10
2026-09-27T18:38:16+09:00,delta,32
2026-09-27T18:38:16+09:00,epsilon,4
2026-09-27T18:38:16+09:00,iota,3
2026-09-27T18:38:16+09:00,kappa,13
2026-09-27T18:38:16+09:00,lambda,18
2026-09-27T18:38:16+09:00,lounge,0
2026-09-27T18:38:16+09:00,mu,9
2026-09-27T18:38:16+09:00,omega,0
2026-09-27T18:38:16+09:00,omicron,12
2026-09-27T18:38:16+09:00,sigma,2
2026-09-27T18:38:16+09:00,tau,6
2026-09-27T18:38:16+09:00,theta,3
2026-09-27T18:38:16+09:00,all,112
2026-09-27T18:48:18+09:00,alpha,10
2026-09-27T18:48:18+09:00,delta,32
2026-09-27T18:48:18+09:00,epsilon,4
2026-09-27T18:48:18+09:00,iota,3
2026-09-27T18:48:18+09:00,kappa,16
2026-09-27T18:48:18+09:00,lambda,21
2026-09-27T18:48:18+09:00,lounge,0
2026-09-27T18:48:18+09:00,mu,9
2026-09-27T18:48:18+09:00,omega,0
2026-09-27T18:48:18+09:00,omicron,9
2026-09-27T18:48:18+09:00,sigma,2
2026-09-27T18:48:18+09:00,tau,6
2026-09-27T18:48:18+09:00,theta,3
2026-09-27T18:48:18+09:00,all,115
2026-09-27T18:58:23+09:00,alpha,10
2026-09-27T18:58:23+09:00,delta,32
2026-09-27T18:58:23+09:00,epsilon,4
2026-09-27T18:58:23+09:00,iota,3
2026-09-27T18:58:23+09:00,kappa,15
2026-09-27T18:58:23+09:00,lambda,23
2026-09-27T18:58:23+09:00,lounge,0
2026-09-27T18:58:23+09:00,mu,9
2026-09-27T18:58:23+09:00,omega,0
2026-09-27T18:58:23+09:00,omicron,8
2026-09-27T18:58:23+09:00,sigma,2
2026-09-27T18:58:23+09:00,tau,6
2026-09-27T18:58:23+09:00,theta,5
2026-09-27T18:58:23+09:00,all,117
2026-09-27T19:08:32+09:00,alpha,10
2026-09-27T19:08:32+09:00,delta,32
2026-09-27T19:08:32+09:00,epsilon,4
2026-09-27T19:08:32+09:00,iota,3
2026-09-27T19:08:32+09:00,kappa,15
2026-09-27T19:08:32+09:00,lambda,19
2026-09-27T19:08:32+09:00,lounge,0
2026-09-27T19:08:32+09:00,mu,9
2026-09-27T19:08:32+09:00,omega,0
2026-09-27T19:08:32+09:00,omicron,8
2026-09-27T19:08:32+09:00,sigma,2
2026-09-27T19:08:32+09:00,tau,6
2026-09-27T19:08:32+09:00,theta,6
2026-09-27T19:08:32+09:00,all,114
2026-09-27T19:18:38+09:00,alpha,10
2026-09-27T19:18:38+09:00,delta,32
2026-09-27T19:18:38+09:00,epsilon,4
2026-09-27T19:18:38+09:00,iota,3
2026-09-27T19:18:38+09:00,kappa,15
2026-09-27T19:18:38+09:00,lambda,20
2026-09-27T19:18:38+09:00,lounge,0
2026-09-27T19:18:38+09:00,mu,9
2026-09-27T19:18:38+09:00,omega,0
2026-09-27T19:18:38+09:00,omicron,8
2026-09-27T19:18:38+09:00,sigma,3
2026-09-27T19:18:38+09:00,tau,6
2026-09-27T19:18:38+09:00,theta,1
2026-09-27T19:18:38+09:00,all,111
2026-09-27T19:28:42+09:00,alpha,10
2026-09-27T19:28:42+09:00,delta,32
2026-09-27T19:28:42+09:00,epsilon,4
2026-09-27T19:28:42+09:00,iota,3
2026-09-27T19:28:42+09:00,kappa,15
2026-09-27T19:28:42+09:00,lambda,20
2026-09-27T19:28:42+09:00,lounge,0
2026-09-27T19:28:42+09:00,mu,9
2026-09-27T19:28:42+09:00,omega,0
2026-09-27T19:28:42+09:00,omicron,8
2026-09-27T19:28:42+09:00,sigma,3
2026-09-27T19:28:42+09:00,tau,6
2026-09-27T19:28:42+09:00,theta,0
2026-09-27T19:28:42+09:00,all,110
2026-09-27T19:38:45+09:00,alpha,10
2026-09-27T19:38:45+09:00,delta,32
2026-09-27T19:38:45+09:00,epsilon,4
2026-09-27T19:38:45+09:00,iota,3
2026-09-27T19:38:45+09:00,kappa,15
2026-09-27T19:38:45+09:00,lambda,20
2026-09-27T19:38:45+09:00,lounge,0
2026-09-27T19:38:45+09:00,mu,9
2026-09-27T19:38:45+09:00,omega,0
2026-09-27T19:38:45+09:00,omicron,8
2026-09-27T19:38:45+09:00,sigma,2
2026-09-27T19:38:45+09:00,tau,6
2026-09-27T19:38:45+09:00,theta,1
2026-09-27T19:38:45+09:00,all,110
2026-09-27T19:48:48+09:00,alpha,8
2026-09-27T19:48:48+09:00,delta,33
2026-09-27T19:48:48+09:00,epsilon,4
2026-09-27T19:48:48+09:00,iota,3
2026-09-27T19:48:48+09:00,kappa,16
2026-09-27T19:48:48+09:00,lambda,24
2026-09-27T19:48:48+09:00,lounge,0
2026-09-27T19:48:48+09:00,mu,9
2026-09-27T19:48:48+09:00,omega,0
2026-09-27T19:48:48+09:00,omicron,9
2026-09-27T19:48:48+09:00,sigma,2
2026-09-27T19:48:48+09:00,tau,6
2026-09-27T19:48:48+09:00,theta,1
2026-09-27T19:48:48+09:00,all,115
2026-09-27T19:58:51+09:00,alpha,10
2026-09-27T19:58:51+09:00,delta,33
2026-09-27T19:58:51+09:00,epsilon,5
2026-09-27T19:58:51+09:00,iota,5
2026-09-27T19:58:51+09:00,kappa,10
2026-09-27T19:58:51+09:00,lambda,22
2026-09-27T19:58:51+09:00,lounge,0
2026-09-27T19:58:51+09:00,mu,13
2026-09-27T19:58:51+09:00,omega,0
2026-09-27T19:58:51+09:00,omicron,11
2026-09-27T19:58:51+09:00,sigma,2
2026-09-27T19:58:51+09:00,tau,6
2026-09-27T19:58:51+09:00,theta,5
2026-09-27T19:58:51+09:00,all,122
2026-09-27T20:08:59+09:00,alpha,10
2026-09-27T20:08:59+09:00,delta,33
2026-09-27T20:08:59+09:00,epsilon,4
2026-09-27T20:08:59+09:00,iota,4
2026-09-27T20:08:59+09:00,kappa,6
2026-09-27T20:08:59+09:00,lambda,20
2026-09-27T20:08:59+09:00,lounge,0
2026-09-27T20:08:59+09:00,mu,16
2026-09-27T20:08:59+09:00,omega,0
2026-09-27T20:08:59+09:00,omicron,9
2026-09-27T20:08:59+09:00,sigma,2
2026-09-27T20:08:59+09:00,tau,6
2026-09-27T20:08:59+09:00,theta,3
2026-09-27T20:08:59+09:00,all,113
2026-09-27T20:19:02+09:00,alpha,10
2026-09-27T20:19:02+09:00,delta,31
2026-09-27T20:19:02+09:00,epsilon,4
2026-09-27T20:19:02+09:00,iota,3
2026-09-27T20:19:02+09:00,kappa,7
2026-09-27T20:19:02+09:00,lambda,20
2026-09-27T20:19:02+09:00,lounge,0
2026-09-27T20:19:02+09:00,mu,17
2026-09-27T20:19:02+09:00,omega,0
2026-09-27T20:19:02+09:00,omicron,8
2026-09-27T20:19:02+09:00,sigma,3
2026-09-27T20:19:02+09:00,tau,7
2026-09-27T20:19:02+09:00,theta,0
2026-09-27T20:19:02+09:00,all,110
2026-09-27T20:29:05+09:00,alpha,8
2026-09-27T20:29:05+09:00,delta,31
2026-09-27T20:29:05+09:00,epsilon,4
2026-09-27T20:29:05+09:00,iota,2
2026-09-27T20:29:05+09:00,kappa,7
2026-09-27T20:29:05+09:00,lambda,20
2026-09-27T20:29:05+09:00,lounge,0
2026-09-27T20:29:05+09:00,mu,18
2026-09-27T20:29:05+09:00,omega,0
2026-09-27T20:29:05+09:00,omicron,8
2026-09-27T20:29:05+09:00,sigma,3
2026-09-27T20:29:05+09:00,tau,7
2026-09-27T20:29:05+09:00,theta,0
2026-09-27T20:29:05+09:00,all,108
2026-09-27T20:39:08+09:00,alpha,8
2026-09-27T20:39:08+09:00,delta,31
2026-09-27T20:39:08+09:00,epsilon,4
2026-09-27T20:39:08+09:00,iota,2
2026-09-27T20:39:08+09:00,kappa,7
2026-09-27T20:39:08+09:00,lambda,20
2026-09-27T20:39:08+09:00,lounge,0
2026-09-27T20:39:08+09:00,mu,14
2026-09-27T20:39:08+09:00,omega,1
2026-09-27T20:39:08+09:00,omicron,8
2026-09-27T20:39:08+09:00,sigma,2
2026-09-27T20:39:08+09:00,tau,7
2026-09-27T20:39:08+09:00,theta,0
2026-09-27T20:39:08+09:00,all,104
2026-09-27T20:49:12+09:00,alpha,8
2026-09-27T20:49:12+09:00,delta,31
2026-09-27T20:49:12+09:00,epsilon,4
2026-09-27T20:49:12+09:00,iota,2
2026-09-27T20:49:12+09:00,kappa,7
2026-09-27T20:49:12+09:00,lambda,20
2026-09-27T20:49:12+09:00,lounge,0
2026-09-27T20:49:12+09:00,mu,12
2026-09-27T20:49:12+09:00,omega,1
2026-09-27T20:49:12+09:00,omicron,8
2026-09-27T20:49:12+09:00,sigma,2
2026-09-27T20:49:12+09:00,tau,7
2026-09-27T20:49:12+09:00,theta,0
2026-09-27T20:49:12+09:00,all,102
2026-09-27T20:59:16+09:00,alpha,8
2026-09-27T20:59:16+09:00,delta,31
2026-09-27T20:59:16+09:00,epsilon,4
2026-09-27T20:59:16+09:00,iota,3
2026-09-27T20:59:16+09:00,kappa,7
2026-09-27T20:59:16+09:00,lambda,20
2026-09-27T20:59:16+09:00,lounge,0
2026-09-27T20:59:16+09:00,mu,10
2026-09-27T20:59:16+09:00,omega,3
2026-09-27T20:59:16+09:00,omicron,8
2026-09-27T20:59:16+09:00,sigma,2
2026-09-27T20:59:16+09:00,tau,9
2026-09-27T20:59:16+09:00,theta,1
2026-09-27T20:59:16+09:00,all,106
2026-09-27T20:59:37+09:00,alpha,8
2026-09-27T20:59:37+09:00,delta,31
2026-09-27T20:59:37+09:00,epsilon,4
2026-09-27T20:59:37+09:00,iota,3
2026-09-27T20:59:37+09:00,kappa,7
2026-09-27T20:59:37+09:00,lambda,20
2026-09-27T20:59:37+09:00,lounge,0
2026-09-27T20:59:37+09:00,mu,10
2026-09-27T20:59:37+09:00,omega,3
2026-09-27T20:59:37+09:00,omicron,8
2026-09-27T20:59:37+09:00,sigma,2
2026-09-27T20:59:37+09:00,tau,9
2026-09-27T20:59:37+09:00,theta,1
2026-09-27T20:59:37+09:00,all,106
2026-09-27T21:09:40+09:00,alpha,8
2026-09-27T21:09:40+09:00,delta,31
2026-09-27T21:09:40+09:00,epsilon,4
2026-09-27T21:09:40+09:00,iota,3
2026-09-27T21:09:40+09:00,kappa,7
2026-09-27T21:09:40+09:00,lambda,20
2026-09-27T21:09:40+09:00,lounge,0
2026-09-27T21:09:40+09:00,mu,9
2026-09-27T21:09:40+09:00,omega,5
2026-09-27T21:09:40+09:00,omicron,8
2026-09-27T21:09:40+09:00,sigma,2
2026-09-27T21:09:40+09:00,tau,8
2026-09-27T21:09:40+09:00,theta,0
2026-09-27T21:09:40+09:00,all,105
2026-09-27T21:19:43+09:00,alpha,8
2026-09-27T21:19:43+09:00,delta,31
2026-09-27T21:19:43+09:00,epsilon,4
2026-09-27T21:19:43+09:00,iota,3
2026-09-27T21:19:43+09:00,kappa,7
2026-09-27T21:19:43+09:00,lambda,20
2026-09-27T21:19:43+09:00,lounge,0
2026-09-27T21:19:43+09:00,mu,9
2026-09-27T21:19:43+09:00,omega,2
2026-09-27T21:19:43+09:00,omicron,8
2026-09-27T21:19:43+09:00,sigma,2
2026-09-27T21:19:43+09:00,tau,7
2026-09-27T21:19:43+09:00,theta,3
2026-09-27T21:19:43+09:00,all,104
2026-09-27T21:29:48+09:00,alpha,8
2026-09-27T21:29:48+09:00,delta,31
2026-09-27T21:29:48+09:00,epsilon,4
2026-09-27T21:29:48+09:00,iota,7
2026-09-27T21:29:48+09:00,kappa,7
2026-09-27T21:29:48+09:00,lambda,16
2026-09-27T21:29:48+09:00,lounge,0
2026-09-27T21:29:48+09:00,mu,10
2026-09-27T21:29:48+09:00,omega,0
2026-09-27T21:29:48+09:00,omicron,8
2026-09-27T21:29:48+09:00,sigma,3
2026-09-27T21:29:48+09:00,tau,7
2026-09-27T21:29:48+09:00,theta,2
2026-09-27T21:29:48+09:00,all,103
2026-09-27T21:39:51+09:00,alpha,8
2026-09-27T21:39:51+09:00,delta,31
2026-09-27T21:39:51+09:00,epsilon,4
2026-09-27T21:39:51+09:00,iota,3
2026-09-27T21:39:51+09:00,kappa,7
2026-09-27T21:39:51+09:00,lambda,16
2026-09-27T21:39:51+09:00,lounge,0
2026-09-27T21:39:51+09:00,mu,10
2026-09-27T21:39:51+09:00,omega,0
2026-09-27T21:39:51+09:00,omicron,8
2026-09-27T21:39:51+09:00,sigma,2
2026-09-27T21:39:51+09:00,tau,8
2026-09-27T21:39:51+09:00,theta,4
2026-09-27T21:39:51+09:00,all,101
2026-09-27T21:49:54+09:00,alpha,8
2026-09-27T21:49:54+09:00,delta,31
2026-09-27T21:49:54+09:00,epsilon,4
2026-09-27T21:49:54+09:00,iota,3
2026-09-27T21:49:54+09:00,kappa,7
2026-09-27T21:49:54+09:00,lambda,16
2026-09-27T21:49:54+09:00,lounge,0
2026-09-27T21:49:54+09:00,mu,9
2026-09-27T21:49:54+09:00,omega,0
2026-09-27T21:49:54+09:00,omicron,8
2026-09-27T21:49:54+09:00,sigma,2
2026-09-27T21:49:54+09:00,tau,8
2026-09-27T21:49:54+09:00,theta,2
2026-09-27T21:49:54+09:00,all,98
2026-09-27T21:59:57+09:00,alpha,8
2026-09-27T21:59:57+09:00,delta,31
2026-09-27T21:59:57+09:00,epsilon,4
2026-09-27T21:59:57+09:00,iota,3
2026-09-27T21:59:57+09:00,kappa,7
2026-09-27T21:59:57+09:00,lambda,16
2026-09-27T21:59:57+09:00,lounge,0
2026-09-27T21:59:57+09:00,mu,9
2026-09-27T21:59:57+09:00,omega,0
2026-09-27T21:59:57+09:00,omicron,8
2026-09-27T21:59:57+09:00,sigma,2
2026-09-27T21:59:57+09:00,tau,9
2026-09-27T21:59:57+09:00,theta,0
2026-09-27T21:59:57+09:00,all,97
2026-09-27T22:10:02+09:00,alpha,8
2026-09-27T22:10:02+09:00,delta,31
2026-09-27T22:10:02+09:00,epsilon,4
2026-09-27T22:10:02+09:00,iota,3
2026-09-27T22:10:02+09:00,kappa,7
2026-09-27T22:10:02+09:00,lambda,16
2026-09-27T22:10:02+09:00,lounge,0
2026-09-27T22:10:02+09:00,mu,9
2026-09-27T22:10:02+09:00,omega,0
2026-09-27T22:10:02+09:00,omicron,8
2026-09-27T22:10:02+09:00,sigma,2
2026-09-27T22:10:02+09:00,tau,8
2026-09-27T22:10:02+09:00,theta,0
2026-09-27T22:10:02+09:00,all,96
2026-09-27T22:20:06+09:00,alpha,9
2026-09-27T22:20:06+09:00,delta,31
2026-09-27T22:20:06+09:00,epsilon,4
2026-09-27T22:20:06+09:00,iota,3
2026-09-27T22:20:06+09:00,kappa,7
2026-09-27T22:20:06+09:00,lambda,16
2026-09-27T22:20:06+09:00,lounge,0
2026-09-27T22:20:06+09:00,mu,9
2026-09-27T22:20:06+09:00,omega,0
2026-09-27T22:20:06+09:00,omicron,8
2026-09-27T22:20:06+09:00,sigma,2
2026-09-27T22:20:06+09:00,tau,7
2026-09-27T22:20:06+09:00,theta,0
2026-09-27T22:20:06+09:00,all,96
2026-09-27T22:30:10+09:00,alpha,9
2026-09-27T22:30:10+09:00,delta,31
2026-09-27T22:30:10+09:00,epsilon,4
2026-09-27T22:30:10+09:00,iota,3
2026-09-27T22:30:10+09:00,kappa,7
2026-09-27T22:30:10+09:00,lambda,16
2026-09-27T22:30:10+09:00,lounge,0
2026-09-27T22:30:10+09:00,mu,9
2026-09-27T22:30:10+09:00,omega,0
2026-09-27T22:30:10+09:00,omicron,8
2026-09-27T22:30:10+09:00,sigma,3
2026-09-27T22:30:10+09:00,tau,7
2026-09-27T22:30:10+09:00,theta,0
2026-09-27T22:30:10+09:00,all,97
2026-09-27T22:40:15+09:00,alpha,9
2026-09-27T22:40:15+09:00,delta,31
2026-09-27T22:40:15+09:00,epsilon,4
2026-09-27T22:40:15+09:00,iota,3
2026-09-27T22:40:15+09:00,kappa,7
2026-09-27T22:40:15+09:00,lambda,16
2026-09-27T22:40:15+09:00,lounge,1
2026-09-27T22:40:15+09:00,mu,9
2026-09-27T22:40:15+09:00,omega,0
2026-09-27T22:40:15+09:00,omicron,8
2026-09-27T22:40:15+09:00,sigma,2
2026-09-27T22:40:15+09:00,tau,8
2026-09-27T22:40:15+09:00,theta,0
2026-09-27T22:40:15+09:00,all,98
2026-09-27T22:50:21+09:00,alpha,9
2026-09-27T22:50:21+09:00,delta,31
2026-09-27T22:50:21+09:00,epsilon,4
2026-09-27T22:50:21+09:00,iota,3
2026-09-27T22:50:21+09:00,kappa,7
2026-09-27T22:50:21+09:00,lambda,16
2026-09-27T22:50:21+09:00,lounge,1
2026-09-27T22:50:21+09:00,mu,9
2026-09-27T22:50:21+09:00,omega,0
2026-09-27T22:50:21+09:00,omicron,8
2026-09-27T22:50:21+09:00,sigma,2
2026-09-27T22:50:21+09:00,tau,8
2026-09-27T22:50:21+09:00,theta,0
2026-09-27T22:50:21+09:00,all,98
2026-09-27T23:00:24+09:00,alpha,9
2026-09-27T23:00:24+09:00,delta,31
2026-09-27T23:00:24+09:00,epsilon,4
2026-09-27T23:00:24+09:00,iota,3
2026-09-27T23:00:24+09:00,kappa,7
2026-09-27T23:00:24+09:00,lambda,15
2026-09-27T23:00:24+09:00,lounge,0
2026-09-27T23:00:24+09:00,mu,9
2026-09-27T23:00:24+09:00,omega,0
2026-09-27T23:00:24+09:00,omicron,8
2026-09-27T23:00:24+09:00,sigma,2
2026-09-27T23:00:24+09:00,tau,9
2026-09-27T23:00:24+09:00,theta,0
2026-09-27T23:00:24+09:00,all,97
2026-09-27T23:10:29+09:00,alpha,9
2026-09-27T23:10:29+09:00,delta,31
2026-09-27T23:10:29+09:00,epsilon,4
2026-09-27T23:10:29+09:00,iota,3
2026-09-27T23:10:29+09:00,kappa,7
2026-09-27T23:10:29+09:00,lambda,16
2026-09-27T23:10:29+09:00,lounge,0
2026-09-27T23:10:29+09:00,mu,9
2026-09-27T23:10:29+09:00,omega,0
2026-09-27T23:10:29+09:00,omicron,8
2026-09-27T23:10:29+09:00,sigma,2
2026-09-27T23:10:29+09:00,tau,8
2026-09-27T23:10:29+09:00,theta,1
2026-09-27T23:10:29+09:00,all,98
2026-09-27T23:20:32+09:00,alpha,9
2026-09-27T23:20:32+09:00,delta,31
2026-09-27T23:20:32+09:00,epsilon,4
2026-09-27T23:20:32+09:00,iota,3
2026-09-27T23:20:32+09:00,kappa,7
2026-09-27T23:20:32+09:00,lambda,15
2026-09-27T23:20:32+09:00,lounge,0
2026-09-27T23:20:32+09:00,mu,9
2026-09-27T23:20:32+09:00,omega,0
2026-09-27T23:20:32+09:00,omicron,8
2026-09-27T23:20:32+09:00,sigma,3
2026-09-27T23:20:32+09:00,tau,7
2026-09-27T23:20:32+09:00,theta,0
2026-09-27T23:20:32+09:00,all,96
2026-09-27T23:30:36+09:00,alpha,9
2026-09-27T23:30:36+09:00,delta,31
2026-09-27T23:30:36+09:00,epsilon,4
2026-09-27T23:30:36+09:00,iota,3
2026-09-27T23:30:36+09:00,kappa,7
2026-09-27T23:30:36+09:00,lambda,14
2026-09-27T23:30:36+09:00,lounge,0
2026-09-27T23:30:36+09:00,mu,9
2026-09-27T23:30:36+09:00,omega,0
2026-09-27T23:30:36+09:00,omicron,8
2026-09-27T23:30:36+09:00,sigma,3
2026-09-27T23:30:36+09:00,tau,10
2026-09-27T23:30:36+09:00,theta,0
2026-09-27T23:30:36+09:00,all,98
2026-09-27T23:40:41+09:00,alpha,9
2026-09-27T23:40:41+09:00,delta,31
2026-09-27T23:40:41+09:00,epsilon,4
2026-09-27T23:40:41+09:00,iota,3
2026-09-27T23:40:41+09:00,kappa,7
2026-09-27T23:40:41+09:00,lambda,14
2026-09-27T23:40:41+09:00,lounge,0
2026-09-27T23:40:41+09:00,mu,9
2026-09-27T23:40:41+09:00,omega,0
2026-09-27T23:40:41+09:00,omicron,8
2026-09-27T23:40:41+09:00,sigma,2
2026-09-27T23:40:41+09:00,tau,7
2026-09-27T23:40:41+09:00,theta,0
2026-09-27T23:40:41+09:00,all,94
2026-09-27T23:50:45+09:00,alpha,9
2026-09-27T23:50:45+09:00,delta,31
2026-09-27T23:50:45+09:00,epsilon,4
2026-09-27T23:50:45+09:00,iota,3
2026-09-27T23:50:45+09:00,kappa,7
2026-09-27T23:50:45+09:00,lambda,14
2026-09-27T23:50:45+09:00,lounge,0
2026-09-27T23:50:45+09:00,mu,9
2026-09-27T23:50:45+09:00,omega,0
2026-09-27T23:50:45+09:00,omicron,8
2026-09-27T23:50:45+09:00,sigma,2
2026-09-27T23:50:45+09:00,tau,7
2026-09-27T23:50:45+09:00,theta,0
2026-09-27T23:50:45+09:00,all,94
2026-09-28T00:00:49+09:00,alpha,9
2026-09-28T00:00:49+09:00,delta,31
2026-09-28T00:00:49+09:00,epsilon,4
2026-09-28T00:00:49+09:00,iota,3
2026-09-28T00:00:49+09:00,kappa,7
2026-09-28T00:00:49+09:00,lambda,14
2026-09-28T00:00:49+09:00,lounge,0
2026-09-28T00:00:49+09:00,mu,9
2026-09-28T00:00:49+09:00,omega,0
2026-09-28T00:00:49+09:00,omicron,8
2026-09-28T00:00:49+09:00,sigma,2
2026-09-28T00:00:49+09:00,tau,7
2026-09-28T00:00:49+09:00,theta,0
2026-09-28T00:00:49+09:00,all,94
2026-09-28T00:10:52+09:00,alpha,9
2026-09-28T00:10:52+09:00,delta,31
2026-09-28T00:10:52+09:00,epsilon,4
2026-09-28T00:10:52+09:00,iota,3
2026-09-28T00:10:52+09:00,kappa,7
2026-09-28T00:10:52+09:00,lambda,14
2026-09-28T00:10:52+09:00,lounge,0
2026-09-28T00:10:52+09:00,mu,9
2026-09-28T00:10:52+09:00,omega,0
2026-09-28T00:10:52+09:00,omicron,8
2026-09-28T00:10:52+09:00,sigma,2
2026-09-28T00:10:52+09:00,tau,6
2026-09-28T00:10:52+09:00,theta,0
2026-09-28T00:10:52+09:00,all,93
2026-09-28T00:20:55+09:00,alpha,9
2026-09-28T00:20:55+09:00,delta,31
2026-09-28T00:20:55+09:00,epsilon,4
2026-09-28T00:20:55+09:00,iota,3
2026-09-28T00:20:55+09:00,kappa,7
2026-09-28T00:20:55+09:00,lambda,14
2026-09-28T00:20:55+09:00,lounge,0
2026-09-28T00:20:55+09:00,mu,9
2026-09-28T00:20:55+09:00,omega,0
2026-09-28T00:20:55+09:00,omicron,8
2026-09-28T00:20:55+09:00,sigma,3
2026-09-28T00:20:55+09:00,tau,6
2026-09-28T00:20:55+09:00,theta,0
2026-09-28T00:20:55+09:00,all,94
2026-09-28T00:30:59+09:00,alpha,9
2026-09-28T00:30:59+09:00,delta,31
2026-09-28T00:30:59+09:00,epsilon,4
2026-09-28T00:30:59+09:00,iota,3
2026-09-28T00:30:59+09:00,kappa,7
2026-09-28T00:30:59+09:00,lambda,14
2026-09-28T00:30:59+09:00,lounge,0
2026-09-28T00:30:59+09:00,mu,9
2026-09-28T00:30:59+09:00,omega,0
2026-09-28T00:30:59+09:00,omicron,8
2026-09-28T00:30:59+09:00,sigma,3
2026-09-28T00:30:59+09:00,tau,5
2026-09-28T00:30:59+09:00,theta,0
2026-09-28T00:30:59+09:00,all,93
2026-09-28T00:41:01+09:00,alpha,9
2026-09-28T00:41:01+09:00,delta,31
2026-09-28T00:41:01+09:00,epsilon,4
2026-09-28T00:41:01+09:00,iota,3
2026-09-28T00:41:01+09:00,kappa,7
2026-09-28T00:41:01+09:00,lambda,14
2026-09-28T00:41:01+09:00,lounge,0
2026-09-28T00:41:01+09:00,mu,9
2026-09-28T00:41:01+09:00,omega,0
2026-09-28T00:41:01+09:00,omicron,7
2026-09-28T00:41:01+09:00,sigma,2
2026-09-28T00:41:01+09:00,tau,5
2026-09-28T00:41:01+09:00,theta,0
2026-09-28T00:41:01+09:00,all,91
2026-09-28T00:51:04+09:00,alpha,9
2026-09-28T00:51:04+09:00,delta,31
2026-09-28T00:51:04+09:00,epsilon,4
2026-09-28T00:51:04+09:00,iota,3
2026-09-28T00:51:04+09:00,kappa,7
2026-09-28T00:51:04+09:00,lambda,14
2026-09-28T00:51:04+09:00,lounge,0
2026-09-28T00:51:04+09:00,mu,9
2026-09-28T00:51:04+09:00,omega,0
2026-09-28T00:51:04+09:00,omicron,8
2026-09-28T00:51:04+09:00,sigma,2
2026-09-28T00:51:04+09:00,tau,5
2026-09-28T00:51:04+09:00,theta,0
2026-09-28T00:51:04+09:00,all,92
2026-09-28T01:01:07+09:00,alpha,9
2026-09-28T01:01:07+09:00,delta,31
2026-09-28T01:01:07+09:00,epsilon,4
2026-09-28T01:01:07+09:00,iota,3
2026-09-28T01:01:07+09:00,kappa,7
2026-09-28T01:01:07+09:00,lambda,14
2026-09-28T01:01:07+09:00,lounge,0
2026-09-28T01:01:07+09:00,mu,9
2026-09-28T01:01:07+09:00,omega,0
2026-09-28T01:01:07+09:00,omicron,8
2026-09-28T01:01:07+09:00,sigma,2
2026-09-28T01:01:07+09:00,tau,5
2026-09-28T01:01:07+09:00,theta,0
2026-09-28T01:01:07+09:00,all,92
2026-09-28T01:11:10+09:00,alpha,9
2026-09-28T01:11:10+09:00,delta,31
2026-09-28T01:11:10+09:00,epsilon,4
2026-09-28T01:11:10+09:00,iota,3
2026-09-28T01:11:10+09:00,kappa,7
2026-09-28T01:11:10+09:00,lambda,14
2026-09-28T01:11:10+09:00,lounge,0
2026-09-28T01:11:10+09:00,mu,9
2026-09-28T01:11:10+09:00,omega,0
2026-09-28T01:11:10+09:00,omicron,8
2026-09-28T01:11:10+09:00,sigma,2
2026-09-28T01:11:10+09:00,tau,5
2026-09-28T01:11:10+09:00,theta,0
2026-09-28T01:11:10+09:00,all,92
2026-09-28T01:21:13+09:00,alpha,9
2026-09-28T01:21:13+09:00,delta,31
2026-09-28T01:21:13+09:00,epsilon,4
2026-09-28T01:21:13+09:00,iota,3
2026-09-28T01:21:13+09:00,kappa,7
2026-09-28T01:21:13+09:00,lambda,14
2026-09-28T01:21:13+09:00,lounge,0
2026-09-28T01:21:13+09:00,mu,9
2026-09-28T01:21:13+09:00,omega,0
2026-09-28T01:21:13+09:00,omicron,8
2026-09-28T01:21:13+09:00,sigma,2
2026-09-28T01:21:13+09:00,tau,5
2026-09-28T01:21:13+09:00,theta,0
2026-09-28T01:21:13+09:00,all,92
2026-09-28T01:31:16+09:00,alpha,9
2026-09-28T01:31:16+09:00,delta,31
2026-09-28T01:31:16+09:00,epsilon,4
2026-09-28T01:31:16+09:00,iota,3
2026-09-28T01:31:16+09:00,kappa,8
2026-09-28T01:31:16+09:00,lambda,13
2026-09-28T01:31:16+09:00,lounge,0
2026-09-28T01:31:16+09:00,mu,9
2026-09-28T01:31:16+09:00,omega,0
2026-09-28T01:31:16+09:00,omicron,8
2026-09-28T01:31:16+09:00,sigma,3
2026-09-28T01:31:16+09:00,tau,5
2026-09-28T01:31:16+09:00,theta,0
2026-09-28T01:31:16+09:00,all,93
2026-09-28T01:41:19+09:00,alpha,9
2026-09-28T01:41:19+09:00,delta,31
2026-09-28T01:41:19+09:00,epsilon,4
2026-09-28T01:41:19+09:00,iota,3
2026-09-28T01:41:19+09:00,kappa,7
2026-09-28T01:41:19+09:00,lambda,14
2026-09-28T01:41:19+09:00,lounge,0
2026-09-28T01:41:19+09:00,mu,9
2026-09-28T01:41:19+09:00,omega,0
2026-09-28T01:41:19+09:00,omicron,8
2026-09-28T01:41:19+09:00,sigma,3
2026-09-28T01:41:19+09:00,tau,5
2026-09-28T01:41:19+09:00,theta,0
2026-09-28T01:41:19+09:00,all,93
2026-09-28T01:51:22+09:00,alpha,9
2026-09-28T01:51:22+09:00,delta,31
2026-09-28T01:51:22+09:00,epsilon,4
2026-09-28T01:51:22+09:00,iota,3
2026-09-28T01:51:22+09:00,kappa,7
2026-09-28T01:51:22+09:00,lambda,14
2026-09-28T01:51:22+09:00,lounge,0
2026-09-28T01:51:22+09:00,mu,9
2026-09-28T01:51:22+09:00,omega,0
2026-09-28T01:51:22+09:00,omicron,8
2026-09-28T01:51:22+09:00,sigma,2
2026-09-28T01:51:22+09:00,tau,5
2026-09-28T01:51:22+09:00,theta,0
2026-09-28T01:51:22+09:00,all,92
2026-09-28T02:01:25+09:00,alpha,9
2026-09-28T02:01:25+09:00,delta,31
2026-09-28T02:01:25+09:00,epsilon,4
2026-09-28T02:01:25+09:00,iota,3
2026-09-28T02:01:25+09:00,kappa,7
2026-09-28T02:01:25+09:00,lambda,14
2026-09-28T02:01:25+09:00,lounge,0
2026-09-28T02:01:25+09:00,mu,9
2026-09-28T02:01:25+09:00,omega,0
2026-09-28T02:01:25+09:00,omicron,8
2026-09-28T02:01:25+09:00,sigma,2
2026-09-28T02:01:25+09:00,tau,5
2026-09-28T02:01:25+09:00,theta,0
2026-09-28T02:01:25+09:00,all,92
2026-09-28T02:11:28+09:00,alpha,10
2026-09-28T02:11:28+09:00,delta,31
2026-09-28T02:11:28+09:00,epsilon,4
2026-09-28T02:11:28+09:00,iota,3
2026-09-28T02:11:28+09:00,kappa,7
2026-09-28T02:11:28+09:00,lambda,14
2026-09-28T02:11:28+09:00,lounge,0
2026-09-28T02:11:28+09:00,mu,9
2026-09-28T02:11:28+09:00,omega,0
2026-09-28T02:11:28+09:00,omicron,8
2026-09-28T02:11:28+09:00,sigma,2
2026-09-28T02:11:28+09:00,tau,3
2026-09-28T02:11:28+09:00,theta,1
2026-09-28T02:11:28+09:00,all,92
2026-09-28T02:21:31+09:00,alpha,10
2026-09-28T02:21:31+09:00,delta,31
2026-09-28T02:21:31+09:00,epsilon,4
2026-09-28T02:21:31+09:00,iota,3
2026-09-28T02:21:31+09:00,kappa,7
2026-09-28T02:21:31+09:00,lambda,14
2026-09-28T02:21:31+09:00,lounge,0
2026-09-28T02:21:31+09:00,mu,9
2026-09-28T02:21:31+09:00,omega,0
2026-09-28T02:21:31+09:00,omicron,8
2026-09-28T02:21:31+09:00,sigma,2
2026-09-28T02:21:31+09:00,tau,3
2026-09-28T02:21:31+09:00,theta,0
2026-09-28T02:21:31+09:00,all,91
2026-09-28T02:21:47+09:00,alpha,10
2026-09-28T02:21:47+09:00,delta,31
2026-09-28T02:21:47+09:00,epsilon,4
2026-09-28T02:21:47+09:00,iota,3
2026-09-28T02:21:47+09:00,kappa,7
2026-09-28T02:21:47+09:00,lambda,14
2026-09-28T02:21:47+09:00,lounge,0
2026-09-28T02:21:47+09:00,mu,9
2026-09-28T02:21:47+09:00,omega,0
2026-09-28T02:21:47+09:00,omicron,8
2026-09-28T02:21:47+09:00,sigma,2
2026-09-28T02:21:47+09:00,tau,3
2026-09-28T02:21:47+09:00,theta,0
2026-09-28T02:21:47+09:00,all,91
2026-09-28T02:31:49+09:00,alpha,10
2026-09-28T02:31:49+09:00,delta,31
2026-09-28T02:31:49+09:00,epsilon,4
2026-09-28T02:31:49+09:00,iota,3
2026-09-28T02:31:49+09:00,kappa,7
2026-09-28T02:31:49+09:00,lambda,14
2026-09-28T02:31:49+09:00,lounge,0
2026-09-28T02:31:49+09:00,mu,9
2026-09-28T02:31:49+09:00,omega,0
2026-09-28T02:31:49+09:00,omicron,8
2026-09-28T02:31:49+09:00,sigma,2
2026-09-28T02:31:49+09:00,tau,2
2026-09-28T02:31:49+09:00,theta,0
2026-09-28T02:31:49+09:00,all,90
2026-09-28T02:41:52+09:00,alpha,10
2026-09-28T02:41:52+09:00,delta,31
2026-09-28T02:41:52+09:00,epsilon,4
2026-09-28T02:41:52+09:00,iota,3
2026-09-28T02:41:52+09:00,kappa,7
2026-09-28T02:41:52+09:00,lambda,14
2026-09-28T02:41:52+09:00,lounge,0
2026-09-28T02:41:52+09:00,mu,9
2026-09-28T02:41:52+09:00,omega,0
2026-09-28T02:41:52+09:00,omicron,8
2026-09-28T02:41:52+09:00,sigma,2
2026-09-28T02:41:52+09:00,tau,2
2026-09-28T02:41:52+09:00,theta,0
2026-09-28T02:41:52+09:00,all,90
2026-09-28T02:51:54+09:00,alpha,10
2026-09-28T02:51:54+09:00,delta,31
2026-09-28T02:51:54+09:00,epsilon,4
2026-09-28T02:51:54+09:00,iota,3
2026-09-28T02:51:54+09:00,kappa,7
2026-09-28T02:51:54+09:00,lambda,14
2026-09-28T02:51:54+09:00,lounge,0
2026-09-28T02:51:54+09:00,mu,9
2026-09-28T02:51:54+09:00,omega,0
2026-09-28T02:51:54+09:00,omicron,8
2026-09-28T02:51:54+09:00,sigma,2
2026-09-28T02:51:54+09:00,tau,2
2026-09-28T02:51:54+09:00,theta,0
2026-09-28T02:51:54+09:00,all,90
2026-09-28T03:01:57+09:00,alpha,10
2026-09-28T03:01:57+09:00,delta,31
2026-09-28T03:01:57+09:00,epsilon,4
2026-09-28T03:01:57+09:00,iota,3
2026-09-28T03:01:57+09:00,kappa,7
2026-09-28T03:01:57+09:00,lambda,14
2026-09-28T03:01:57+09:00,lounge,0
2026-09-28T03:01:57+09:00,mu,9
2026-09-28T03:01:57+09:00,omega,0
2026-09-28T03:01:57+09:00,omicron,8
2026-09-28T03:01:57+09:00,sigma,2
2026-09-28T03:01:57+09:00,tau,2
2026-09-28T03:01:57+09:00,theta,0
2026-09-28T03:01:57+09:00,all,90
2026-09-28T03:12:00+09:00,alpha,10
2026-09-28T03:12:00+09:00,delta,31
2026-09-28T03:12:00+09:00,epsilon,4
2026-09-28T03:12:00+09:00,iota,3
2026-09-28T03:12:00+09:00,kappa,7
2026-09-28T03:12:00+09:00,lambda,14
2026-09-28T03:12:00+09:00,lounge,0
2026-09-28T03:12:00+09:00,mu,9
2026-09-28T03:12:00+09:00,omega,0
2026-09-28T03:12:00+09:00,omicron,8
2026-09-28T03:12:00+09:00,sigma,2
2026-09-28T03:12:00+09:00,tau,2
2026-09-28T03:12:00+09:00,theta,0
2026-09-28T03:12:00+09:00,all,90
2026-09-28T03:22:03+09:00,alpha,10
2026-09-28T03:22:03+09:00,delta,31
2026-09-28T03:22:03+09:00,epsilon,4
2026-09-28T03:22:03+09:00,iota,3
2026-09-28T03:22:03+09:00,kappa,7
2026-09-28T03:22:03+09:00,lambda,14
2026-09-28T03:22:03+09:00,lounge,0
2026-09-28T03:22:03+09:00,mu,10
2026-09-28T03:22:03+09:00,omega,0
2026-09-28T03:22:03+09:00,omicron,8
2026-09-28T03:22:03+09:00,sigma,2
2026-09-28T03:22:03+09:00,tau,2
2026-09-28T03:22:03+09:00,theta,0
2026-09-28T03:22:03+09:00,all,91
2026-09-28T03:32:05+09:00,alpha,10
2026-09-28T03:32:05+09:00,delta,31
2026-09-28T03:32:05+09:00,epsilon,4
2026-09-28T03:32:05+09:00,iota,3
2026-09-28T03:32:05+09:00,kappa,7
2026-09-28T03:32:05+09:00,lambda,14
2026-09-28T03:32:05+09:00,lounge,0
2026-09-28T03:32:05+09:00,mu,10
2026-09-28T03:32:05+09:00,omega,0
2026-09-28T03:32:05+09:00,omicron,7
2026-09-28T03:32:05+09:00,sigma,2
2026-09-28T03:32:05+09:00,tau,2
2026-09-28T03:32:05+09:00,theta,0
2026-09-28T03:32:05+09:00,all,90
2026-09-28T03:42:08+09:00,alpha,10
2026-09-28T03:42:08+09:00,delta,31
2026-09-28T03:42:08+09:00,epsilon,4
2026-09-28T03:42:08+09:00,iota,3
2026-09-28T03:42:08+09:00,kappa,7
2026-09-28T03:42:08+09:00,lambda,14
2026-09-28T03:42:08+09:00,lounge,0
2026-09-28T03:42:08+09:00,mu,10
2026-09-28T03:42:08+09:00,omega,0
2026-09-28T03:42:08+09:00,omicron,8
2026-09-28T03:42:08+09:00,sigma,2
2026-09-28T03:42:08+09:00,tau,2
2026-09-28T03:42:08+09:00,theta,0
2026-09-28T03:42:08+09:00,all,91
2026-09-28T03:52:11+09:00,alpha,10
2026-09-28T03:52:11+09:00,delta,31
2026-09-28T03:52:11+09:00,epsilon,4
2026-09-28T03:52:11+09:00,iota,3
2026-09-28T03:52:11+09:00,kappa,7
2026-09-28T03:52:11+09:00,lambda,14
2026-09-28T03:52:11+09:00,lounge,0
2026-09-28T03:52:11+09:00,mu,10
2026-09-28T03:52:11+09:00,omega,0
2026-09-28T03:52:11+09:00,omicron,8
2026-09-28T03:52:11+09:00,sigma,2
2026-09-28T03:52:11+09:00,tau,2
2026-09-28T03:52:11+09:00,theta,0
2026-09-28T03:52:11+09:00,all,91
2026-09-28T04:02:13+09:00,alpha,10
2026-09-28T04:02:13+09:00,delta,31
2026-09-28T04:02:13+09:00,epsilon,4
2026-09-28T04:02:13+09:00,iota,3
2026-09-28T04:02:13+09:00,kappa,7
2026-09-28T04:02:13+09:00,lambda,14
2026-09-28T04:02:13+09:00,lounge,0
2026-09-28T04:02:13+09:00,mu,10
2026-09-28T04:02:13+09:00,omega,0
2026-09-28T04:02:13+09:00,omicron,8
2026-09-28T04:02:13+09:00,sigma,2
2026-09-28T04:02:13+09:00,tau,2
2026-09-28T04:02:13+09:00,theta,0
2026-09-28T04:02:13+09:00,all,91
2026-09-28T04:12:16+09:00,alpha,10
2026-09-28T04:12:16+09:00,delta,31
2026-09-28T04:12:16+09:00,epsilon,4
2026-09-28T04:12:16+09:00,iota,3
2026-09-28T04:12:16+09:00,kappa,7
2026-09-28T04:12:16+09:00,lambda,14
2026-09-28T04:12:16+09:00,lounge,0
2026-09-28T04:12:16+09:00,mu,10
2026-09-28T04:12:16+09:00,omega,0
2026-09-28T04:12:16+09:00,omicron,8
2026-09-28T04:12:16+09:00,sigma,2
2026-09-28T04:12:16+09:00,tau,2
2026-09-28T04:12:16+09:00,theta,0
2026-09-28T04:12:16+09:00,all,91
2026-09-28T04:22:19+09:00,alpha,10
2026-09-28T04:22:19+09:00,delta,31
2026-09-28T04:22:19+09:00,epsilon,4
2026-09-28T04:22:19+09:00,iota,3
2026-09-28T04:22:19+09:00,kappa,7
2026-09-28T04:22:19+09:00,lambda,14
2026-09-28T04:22:19+09:00,lounge,0
2026-09-28T04:22:19+09:00,mu,10
2026-09-28T04:22:19+09:00,omega,0
2026-09-28T04:22:19+09:00,omicron,8
2026-09-28T04:22:19+09:00,sigma,2
2026-09-28T04:22:19+09:00,tau,2
2026-09-28T04:22:19+09:00,theta,0
2026-09-28T04:22:19+09:00,all,91
2026-09-28T04:32:21+09:00,alpha,10
2026-09-28T04:32:21+09:00,delta,31
2026-09-28T04:32:21+09:00,epsilon,4
2026-09-28T04:32:21+09:00,iota,3
2026-09-28T04:32:21+09:00,kappa,7
2026-09-28T04:32:21+09:00,lambda,14
2026-09-28T04:32:21+09:00,lounge,0
2026-09-28T04:32:21+09:00,mu,10
2026-09-28T04:32:21+09:00,omega,0
2026-09-28T04:32:21+09:00,omicron,8
2026-09-28T04:32:21+09:00,sigma,2
2026-09-28T04:32:21+09:00,tau,2
2026-09-28T04:32:21+09:00,theta,0
2026-09-28T04:32:21+09:00,all,91
2026-09-28T04:42:24+09:00,alpha,10
2026-09-28T04:42:24+09:00,delta,31
2026-09-28T04:42:24+09:00,epsilon,4
2026-09-28T04:42:24+09:00,iota,3
2026-09-28T04:42:24+09:00,kappa,7
2026-09-28T04:42:24+09:00,lambda,14
2026-09-28T04:42:24+09:00,lounge,0
2026-09-28T04:42:24+09:00,mu,10
2026-09-28T04:42:24+09:00,omega,0
2026-09-28T04:42:24+09:00,omicron,8
2026-09-28T04:42:24+09:00,sigma,2
2026-09-28T04:42:24+09:00,tau,2
2026-09-28T04:42:24+09:00,theta,0
2026-09-28T04:42:24+09:00,all,91
2026-09-28T04:52:27+09:00,alpha,10
2026-09-28T04:52:27+09:00,delta,31
2026-09-28T04:52:27+09:00,epsilon,4
2026-09-28T04:52:27+09:00,iota,3
2026-09-28T04:52:27+09:00,kappa,7
2026-09-28T04:52:27+09:00,lambda,14
2026-09-28T04:52:27+09:00,lounge,0
2026-09-28T04:52:27+09:00,mu,10
2026-09-28T04:52:27+09:00,omega,0
2026-09-28T04:52:27+09:00,omicron,8
2026-09-28T04:52:27+09:00,sigma,2
2026-09-28T04:52:27+09:00,tau,2
2026-09-28T04:52:27+09:00,theta,0
2026-09-28T04:52:27+09:00,all,91
2026-09-28T05:02:29+09:00,alpha,10
2026-09-28T05:02:29+09:00,delta,31
2026-09-28T05:02:29+09:00,epsilon,4
2026-09-28T05:02:29+09:00,iota,3
2026-09-28T05:02:29+09:00,kappa,7
2026-09-28T05:02:29+09:00,lambda,14
2026-09-28T05:02:29+09:00,lounge,0
2026-09-28T05:02:29+09:00,mu,10
2026-09-28T05:02:29+09:00,omega,0
2026-09-28T05:02:29+09:00,omicron,8
2026-09-28T05:02:29+09:00,sigma,2
2026-09-28T05:02:29+09:00,tau,2
2026-09-28T05:02:29+09:00,theta,0
2026-09-28T05:02:29+09:00,all,91
2026-09-28T05:12:32+09:00,alpha,10
2026-09-28T05:12:32+09:00,delta,31
2026-09-28T05:12:32+09:00,epsilon,4
2026-09-28T05:12:32+09:00,iota,3
2026-09-28T05:12:32+09:00,kappa,7
2026-09-28T05:12:32+09:00,lambda,14
2026-09-28T05:12:32+09:00,lounge,0
2026-09-28T05:12:32+09:00,mu,10
2026-09-28T05:12:32+09:00,omega,0
2026-09-28T05:12:32+09:00,omicron,8
2026-09-28T05:12:32+09:00,sigma,2
2026-09-28T05:12:32+09:00,tau,2
2026-09-28T05:12:32+09:00,theta,0
2026-09-28T05:12:32+09:00,all,91
2026-09-28T05:22:35+09:00,alpha,10
2026-09-28T05:22:35+09:00,delta,31
2026-09-28T05:22:35+09:00,epsilon,4
2026-09-28T05:22:35+09:00,iota,3
2026-09-28T05:22:35+09:00,kappa,7
2026-09-28T05:22:35+09:00,lambda,14
2026-09-28T05:22:35+09:00,lounge,0
2026-09-28T05:22:35+09:00,mu,10
2026-09-28T05:22:35+09:00,omega,0
2026-09-28T05:22:35+09:00,omicron,8
2026-09-28T05:22:35+09:00,sigma,2
2026-09-28T05:22:35+09:00,tau,2
2026-09-28T05:22:35+09:00,theta,0
2026-09-28T05:22:35+09:00,all,91
2026-09-28T05:32:38+09:00,alpha,10
2026-09-28T05:32:38+09:00,delta,31
2026-09-28T05:32:38+09:00,epsilon,4
2026-09-28T05:32:38+09:00,iota,3
2026-09-28T05:32:38+09:00,kappa,7
2026-09-28T05:32:38+09:00,lambda,14
2026-09-28T05:32:38+09:00,lounge,0
2026-09-28T05:32:38+09:00,mu,10
2026-09-28T05:32:38+09:00,omega,0
2026-09-28T05:32:38+09:00,omicron,8
2026-09-28T05:32:38+09:00,sigma,2
2026-09-28T05:32:38+09:00,tau,2
2026-09-28T05:32:38+09:00,theta,0
2026-09-28T05:32:38+09:00,all,91
2026-09-28T05:42:40+09:00,alpha,10
2026-09-28T05:42:40+09:00,delta,31
2026-09-28T05:42:40+09:00,epsilon,4
2026-09-28T05:42:40+09:00,iota,3
2026-09-28T05:42:40+09:00,kappa,7
2026-09-28T05:42:40+09:00,lambda,14
2026-09-28T05:42:40+09:00,lounge,0
2026-09-28T05:42:40+09:00,mu,12
2026-09-28T05:42:40+09:00,omega,0
2026-09-28T05:42:40+09:00,omicron,8
2026-09-28T05:42:40+09:00,sigma,2
2026-09-28T05:42:40+09:00,tau,2
2026-09-28T05:42:40+09:00,theta,0
2026-09-28T05:42:40+09:00,all,93
2026-09-28T05:52:43+09:00,alpha,10
2026-09-28T05:52:43+09:00,delta,31
2026-09-28T05:52:43+09:00,epsilon,4
2026-09-28T05:52:43+09:00,iota,3
2026-09-28T05:52:43+09:00,kappa,7
2026-09-28T05:52:43+09:00,lambda,14
2026-09-28T05:52:43+09:00,lounge,0
2026-09-28T05:52:43+09:00,mu,10
2026-09-28T05:52:43+09:00,omega,0
2026-09-28T05:52:43+09:00,omicron,7
2026-09-28T05:52:43+09:00,sigma,2
2026-09-28T05:52:43+09:00,tau,2
2026-09-28T05:52:43+09:00,theta,0
2026-09-28T05:52:43+09:00,all,90
2026-09-28T06:02:46+09:00,alpha,10
2026-09-28T06:02:46+09:00,delta,31
2026-09-28T06:02:46+09:00,epsilon,4
2026-09-28T06:02:46+09:00,iota,3
2026-09-28T06:02:46+09:00,kappa,7
2026-09-28T06:02:46+09:00,lambda,14
2026-09-28T06:02:46+09:00,lounge,0
2026-09-28T06:02:46+09:00,mu,10
2026-09-28T06:02:46+09:00,omega,0
2026-09-28T06:02:46+09:00,omicron,8
2026-09-28T06:02:46+09:00,sigma,2
2026-09-28T06:02:46+09:00,tau,2
2026-09-28T06:02:46+09:00,theta,0
2026-09-28T06:02:46+09:00,all,91
2026-09-28T06:12:48+09:00,alpha,10
2026-09-28T06:12:48+09:00,delta,31
2026-09-28T06:12:48+09:00,epsilon,4
2026-09-28T06:12:48+09:00,iota,3
2026-09-28T06:12:48+09:00,kappa,7
2026-09-28T06:12:48+09:00,lambda,14
2026-09-28T06:12:48+09:00,lounge,0
2026-09-28T06:12:48+09:00,mu,10
2026-09-28T06:12:48+09:00,omega,0
2026-09-28T06:12:48+09:00,omicron,8
2026-09-28T06:12:48+09:00,sigma,3
2026-09-28T06:12:48+09:00,tau,2
2026-09-28T06:12:48+09:00,theta,0
2026-09-28T06:12:48+09:00,all,92
2026-09-28T06:22:51+09:00,alpha,10
2026-09-28T06:22:51+09:00,delta,31
2026-09-28T06:22:51+09:00,epsilon,4
2026-09-28T06:22:51+09:00,iota,3
2026-09-28T06:22:51+09:00,kappa,7
2026-09-28T06:22:51+09:00,lambda,14
2026-09-28T06:22:51+09:00,lounge,0
2026-09-28T06:22:51+09:00,mu,10
2026-09-28T06:22:51+09:00,omega,0
2026-09-28T06:22:51+09:00,omicron,8
2026-09-28T06:22:51+09:00,sigma,2
2026-09-28T06:22:51+09:00,tau,2
2026-09-28T06:22:51+09:00,theta,0
2026-09-28T06:22:51+09:00,all,91
2026-09-28T06:32:54+09:00,alpha,10
2026-09-28T06:32:54+09:00,delta,31
2026-09-28T06:32:54+09:00,epsilon,4
2026-09-28T06:32:54+09:00,iota,3
2026-09-28T06:32:54+09:00,kappa,7
2026-09-28T06:32:54+09:00,lambda,14
2026-09-28T06:32:54+09:00,lounge,0
2026-09-28T06:32:54+09:00,mu,10
2026-09-28T06:32:54+09:00,omega,0
2026-09-28T06:32:54+09:00,omicron,8
2026-09-28T06:32:54+09:00,sigma,2
2026-09-28T06:32:54+09:00,tau,3
2026-09-28T06:32:54+09:00,theta,0
2026-09-28T06:32:54+09:00,all,92
2026-09-28T06:42:56+09:00,alpha,10
2026-09-28T06:42:56+09:00,delta,30
2026-09-28T06:42:56+09:00,epsilon,4
2026-09-28T06:42:56+09:00,iota,3
2026-09-28T06:42:56+09:00,kappa,7
2026-09-28T06:42:56+09:00,lambda,14
2026-09-28T06:42:56+09:00,lounge,0
2026-09-28T06:42:56+09:00,mu,10
2026-09-28T06:42:56+09:00,omega,0
2026-09-28T06:42:56+09:00,omicron,8
2026-09-28T06:42:56+09:00,sigma,3
2026-09-28T06:42:56+09:00,tau,3
2026-09-28T06:42:56+09:00,theta,0
2026-09-28T06:42:56+09:00,all,92
2026-09-28T06:52:59+09:00,alpha,10
2026-09-28T06:52:59+09:00,delta,30
2026-09-28T06:52:59+09:00,epsilon,4
2026-09-28T06:52:59+09:00,iota,3
2026-09-28T06:52:59+09:00,kappa,7
2026-09-28T06:52:59+09:00,lambda,14
2026-09-28T06:52:59+09:00,lounge,0
2026-09-28T06:52:59+09:00,mu,10
2026-09-28T06:52:59+09:00,omega,0
2026-09-28T06:52:59+09:00,omicron,8
2026-09-28T06:52:59+09:00,sigma,3
2026-09-28T06:52:59+09:00,tau,3
2026-09-28T06:52:59+09:00,theta,0
2026-09-28T06:52:59+09:00,all,92
2026-09-28T07:03:01+09:00,alpha,10
2026-09-28T07:03:01+09:00,delta,30
2026-09-28T07:03:01+09:00,epsilon,4
2026-09-28T07:03:01+09:00,iota,3
2026-09-28T07:03:01+09:00,kappa,7
2026-09-28T07:03:01+09:00,lambda,14
2026-09-28T07:03:01+09:00,lounge,0
2026-09-28T07:03:01+09:00,mu,10
2026-09-28T07:03:01+09:00,omega,0
2026-09-28T07:03:01+09:00,omicron,8
2026-09-28T07:03:01+09:00,sigma,2
2026-09-28T07:03:01+09:00,tau,4
2026-09-28T07:03:01+09:00,theta,0
2026-09-28T07:03:01+09:00,all,92
2026-09-28T07:13:04+09:00,alpha,8
2026-09-28T07:13:04+09:00,delta,30
2026-09-28T07:13:04+09:00,epsilon,4
2026-09-28T07:13:04+09:00,iota,3
2026-09-28T07:13:04+09:00,kappa,7
2026-09-28T07:13:04+09:00,lambda,14
2026-09-28T07:13:04+09:00,lounge,0
2026-09-28T07:13:04+09:00,mu,10
2026-09-28T07:13:04+09:00,omega,0
2026-09-28T07:13:04+09:00,omicron,8
2026-09-28T07:13:04+09:00,sigma,2
2026-09-28T07:13:04+09:00,tau,4
2026-09-28T07:13:04+09:00,theta,0
2026-09-28T07:13:04+09:00,all,90
2026-09-28T07:23:07+09:00,alpha,10
2026-09-28T07:23:07+09:00,delta,30
2026-09-28T07:23:07+09:00,epsilon,4
2026-09-28T07:23:07+09:00,iota,3
2026-09-28T07:23:07+09:00,kappa,7
2026-09-28T07:23:07+09:00,lambda,14
2026-09-28T07:23:07+09:00,lounge,0
2026-09-28T07:23:07+09:00,mu,10
2026-09-28T07:23:07+09:00,omega,0
2026-09-28T07:23:07+09:00,omicron,8
2026-09-28T07:23:07+09:00,sigma,2
2026-09-28T07:23:07+09:00,tau,4
2026-09-28T07:23:07+09:00,theta,0
2026-09-28T07:23:07+09:00,all,92
2026-09-28T07:33:09+09:00,alpha,10
2026-09-28T07:33:09+09:00,delta,30
2026-09-28T07:33:09+09:00,epsilon,4
2026-09-28T07:33:09+09:00,iota,3
2026-09-28T07:33:09+09:00,kappa,7
2026-09-28T07:33:09+09:00,lambda,14
2026-09-28T07:33:09+09:00,lounge,0
2026-09-28T07:33:09+09:00,mu,11
2026-09-28T07:33:09+09:00,omega,0
2026-09-28T07:33:09+09:00,omicron,8
2026-09-28T07:33:09+09:00,sigma,2
2026-09-28T07:33:09+09:00,tau,4
2026-09-28T07:33:09+09:00,theta,0
2026-09-28T07:33:09+09:00,all,93
2026-09-28T07:43:12+09:00,alpha,10
2026-09-28T07:43:12+09:00,delta,30
2026-09-28T07:43:12+09:00,epsilon,4
2026-09-28T07:43:12+09:00,iota,3
2026-09-28T07:43:12+09:00,kappa,7
2026-09-28T07:43:12+09:00,lambda,14
2026-09-28T07:43:12+09:00,lounge,0
2026-09-28T07:43:12+09:00,mu,11
2026-09-28T07:43:12+09:00,omega,0
2026-09-28T07:43:12+09:00,omicron,8
2026-09-28T07:43:12+09:00,sigma,2
2026-09-28T07:43:12+09:00,tau,4
2026-09-28T07:43:12+09:00,theta,0
2026-09-28T07:43:12+09:00,all,93
2026-09-28T07:43:30+09:00,alpha,10
2026-09-28T07:43:30+09:00,delta,30
2026-09-28T07:43:30+09:00,epsilon,4
2026-09-28T07:43:30+09:00,iota,3
2026-09-28T07:43:30+09:00,kappa,7
2026-09-28T07:43:30+09:00,lambda,14
2026-09-28T07:43:30+09:00,lounge,0
2026-09-28T07:43:30+09:00,mu,11
2026-09-28T07:43:30+09:00,omega,0
2026-09-28T07:43:30+09:00,omicron,8
2026-09-28T07:43:30+09:00,sigma,2
2026-09-28T07:43:30+09:00,tau,4
2026-09-28T07:43:30+09:00,theta,0
2026-09-28T07:43:30+09:00,all,93
2026-09-28T07:53:33+09:00,alpha,14
2026-09-28T07:53:33+09:00,delta,30
2026-09-28T07:53:33+09:00,epsilon,4
2026-09-28T07:53:33+09:00,iota,3
2026-09-28T07:53:33+09:00,kappa,7
2026-09-28T07:53:33+09:00,lambda,14
2026-09-28T07:53:33+09:00,lounge,0
2026-09-28T07:53:33+09:00,mu,12
2026-09-28T07:53:33+09:00,omega,0
2026-09-28T07:53:33+09:00,omicron,8
2026-09-28T07:53:33+09:00,sigma,2
2026-09-28T07:53:33+09:00,tau,5
2026-09-28T07:53:33+09:00,theta,0
2026-09-28T07:53:33+09:00,all,99
2026-09-28T08:03:35+09:00,alpha,19
2026-09-28T08:03:35+09:00,delta,30
2026-09-28T08:03:35+09:00,epsilon,4
2026-09-28T08:03:35+09:00,iota,3
2026-09-28T08:03:35+09:00,kappa,7
2026-09-28T08:03:35+09:00,lambda,14
2026-09-28T08:03:35+09:00,lounge,0
2026-09-28T08:03:35+09:00,mu,11
2026-09-28T08:03:35+09:00,omega,0
2026-09-28T08:03:35+09:00,omicron,8
2026-09-28T08:03:35+09:00,sigma,2
2026-09-28T08:03:35+09:00,tau,5
2026-09-28T08:03:35+09:00,theta,0
2026-09-28T08:03:35+09:00,all,103
2026-09-28T08:13:38+09:00,alpha,24
2026-09-28T08:13:38+09:00,delta,30
2026-09-28T08:13:38+09:00,epsilon,5
2026-09-28T08:13:38+09:00,iota,3
2026-09-28T08:13:38+09:00,kappa,7
2026-09-28T08:13:38+09:00,lambda,14
2026-09-28T08:13:38+09:00,lounge,0
2026-09-28T08:13:38+09:00,mu,11
2026-09-28T08:13:38+09:00,omega,0
2026-09-28T08:13:38+09:00,omicron,8
2026-09-28T08:13:38+09:00,sigma,3
2026-09-28T08:13:38+09:00,tau,4
2026-09-28T08:13:38+09:00,theta,1
2026-09-28T08:13:38+09:00,all,110
2026-09-28T08:23:41+09:00,alpha,32
2026-09-28T08:23:41+09:00,delta,30
2026-09-28T08:23:41+09:00,epsilon,6
2026-09-28T08:23:41+09:00,iota,3
2026-09-28T08:23:41+09:00,kappa,7
2026-09-28T08:23:41+09:00,lambda,14
2026-09-28T08:23:41+09:00,lounge,0
2026-09-28T08:23:41+09:00,mu,11
2026-09-28T08:23:41+09:00,omega,0
2026-09-28T08:23:41+09:00,omicron,8
2026-09-28T08:23:41+09:00,sigma,3
2026-09-28T08:23:41+09:00,tau,5
2026-09-28T08:23:41+09:00,theta,0
2026-09-28T08:23:41+09:00,all,119
2026-09-28T08:33:43+09:00,alpha,33
2026-09-28T08:33:43+09:00,delta,30
2026-09-28T08:33:43+09:00,epsilon,6
2026-09-28T08:33:43+09:00,iota,3
2026-09-28T08:33:43+09:00,kappa,7
2026-09-28T08:33:43+09:00,lambda,14
2026-09-28T08:33:43+09:00,lounge,0
2026-09-28T08:33:43+09:00,mu,12
2026-09-28T08:33:43+09:00,omega,0
2026-09-28T08:33:43+09:00,omicron,8
2026-09-28T08:33:43+09:00,sigma,2
2026-09-28T08:33:43+09:00,tau,5
2026-09-28T08:33:43+09:00,theta,1
2026-09-28T08:33:43+09:00,all,121
2026-09-28T08:43:46+09:00,alpha,42
2026-09-28T08:43:46+09:00,delta,30
2026-09-28T08:43:46+09:00,epsilon,6
2026-09-28T08:43:46+09:00,iota,5
2026-09-28T08:43:46+09:00,kappa,7
2026-09-28T08:43:46+09:00,lambda,15
2026-09-28T08:43:46+09:00,lounge,0
2026-09-28T08:43:46+09:00,mu,19
2026-09-28T08:43:46+09:00,omega,0
2026-09-28T08:43:46+09:00,omicron,8
2026-09-28T08:43:46+09:00,sigma,3
2026-09-28T08:43:46+09:00,tau,5
2026-09-28T08:43:46+09:00,theta,1
2026-09-28T08:43:46+09:00,all,141
2026-09-28T08:53:49+09:00,alpha,74
2026-09-28T08:53:49+09:00,delta,30
2026-09-28T08:53:49+09:00,epsilon,6
2026-09-28T08:53:49+09:00,iota,5
2026-09-28T08:53:49+09:00,kappa,8
2026-09-28T08:53:49+09:00,lambda,15
2026-09-28T08:53:49+09:00,lounge,0
2026-09-28T08:53:49+09:00,mu,31
2026-09-28T08:53:49+09:00,omega,0
2026-09-28T08:53:49+09:00,omicron,8
2026-09-28T08:53:49+09:00,sigma,4
2026-09-28T08:53:49+09:00,tau,6
2026-09-28T08:53:49+09:00,theta,2
2026-09-28T08:53:49+09:00,all,189
2026-09-28T09:03:52+09:00,alpha,107
2026-09-28T09:03:52+09:00,delta,30
2026-09-28T09:03:52+09:00,epsilon,8
2026-09-28T09:03:52+09:00,iota,7
2026-09-28T09:03:52+09:00,kappa,7
2026-09-28T09:03:52+09:00,lambda,15
2026-09-28T09:03:52+09:00,lounge,0
2026-09-28T09:03:52+09:00,mu,33
2026-09-28T09:03:52+09:00,omega,0
2026-09-28T09:03:52+09:00,omicron,8
2026-09-28T09:03:52+09:00,sigma,2
2026-09-28T09:03:52+09:00,tau,6
2026-09-28T09:03:52+09:00,theta,0
2026-09-28T09:03:52+09:00,all,223
2026-09-28T09:13:55+09:00,alpha,104
2026-09-28T09:13:55+09:00,delta,30
2026-09-28T09:13:55+09:00,epsilon,12
2026-09-28T09:13:55+09:00,iota,6
2026-09-28T09:13:55+09:00,kappa,9
2026-09-28T09:13:55+09:00,lambda,16
2026-09-28T09:13:55+09:00,lounge,0
2026-09-28T09:13:55+09:00,mu,26
2026-09-28T09:13:55+09:00,omega,0
2026-09-28T09:13:55+09:00,omicron,8
2026-09-28T09:13:55+09:00,sigma,3
2026-09-28T09:13:55+09:00,tau,7
2026-09-28T09:13:55+09:00,theta,2
2026-09-28T09:13:55+09:00,all,223
2026-09-28T09:23:57+09:00,alpha,99
2026-09-28T09:23:57+09:00,delta,30
2026-09-28T09:23:57+09:00,epsilon,11
2026-09-28T09:23:57+09:00,iota,5
2026-09-28T09:23:57+09:00,kappa,10
2026-09-28T09:23:57+09:00,lambda,16
2026-09-28T09:23:57+09:00,lounge,0
2026-09-28T09:23:57+09:00,mu,38
2026-09-28T09:23:57+09:00,omega,0
2026-09-28T09:23:57+09:00,omicron,10
2026-09-28T09:23:57+09:00,sigma,3
2026-09-28T09:23:57+09:00,tau,6
2026-09-28T09:23:57+09:00,theta,0
2026-09-28T09:23:57+09:00,all,228
2026-09-28T09:34:00+09:00,alpha,101
2026-09-28T09:34:00+09:00,delta,30
2026-09-28T09:34:00+09:00,epsilon,8
2026-09-28T09:34:00+09:00,iota,5
2026-09-28T09:34:00+09:00,kappa,7
2026-09-28T09:34:00+09:00,lambda,16
2026-09-28T09:34:00+09:00,lounge,0
2026-09-28T09:34:00+09:00,mu,39
2026-09-28T09:34:00+09:00,omega,0
2026-09-28T09:34:00+09:00,omicron,11
2026-09-28T09:34:00+09:00,sigma,2
2026-09-28T09:34:00+09:00,tau,6
2026-09-28T09:34:00+09:00,theta,0
2026-09-28T09:34:00+09:00,all,225
2026-09-28T09:44:03+09:00,alpha,100
2026-09-28T09:44:03+09:00,delta,32
2026-09-28T09:44:03+09:00,epsilon,8
2026-09-28T09:44:03+09:00,iota,5
2026-09-28T09:44:03+09:00,kappa,7
2026-09-28T09:44:03+09:00,lambda,16
2026-09-28T09:44:03+09:00,lounge,0
2026-09-28T09:44:03+09:00,mu,44
2026-09-28T09:44:03+09:00,omega,0
2026-09-28T09:44:03+09:00,omicron,11
2026-09-28T09:44:03+09:00,sigma,3
2026-09-28T09:44:03+09:00,tau,6
2026-09-28T09:44:03+09:00,theta,0
2026-09-28T09:44:03+09:00,all,232
2026-09-28T09:54:05+09:00,alpha,99
2026-09-28T09:54:05+09:00,delta,32
2026-09-28T09:54:05+09:00,epsilon,10
2026-09-28T09:54:05+09:00,iota,6
2026-09-28T09:54:05+09:00,kappa,11
2026-09-28T09:54:05+09:00,lambda,16
2026-09-28T09:54:05+09:00,lounge,0
2026-09-28T09:54:05+09:00,mu,45
2026-09-28T09:54:05+09:00,omega,0
2026-09-28T09:54:05+09:00,omicron,13
2026-09-28T09:54:05+09:00,sigma,3
2026-09-28T09:54:05+09:00,tau,6
2026-09-28T09:54:05+09:00,theta,0
2026-09-28T09:54:05+09:00,all,241
2026-09-28T10:04:08+09:00,alpha,100
2026-09-28T10:04:08+09:00,delta,35
2026-09-28T10:04:08+09:00,epsilon,10
2026-09-28T10:04:08+09:00,iota,6
2026-09-28T10:04:08+09:00,kappa,9
2026-09-28T10:04:08+09:00,lambda,16
2026-09-28T10:04:08+09:00,lounge,0
2026-09-28T10:04:08+09:00,mu,47
2026-09-28T10:04:08+09:00,omega,0
2026-09-28T10:04:08+09:00,omicron,16
2026-09-28T10:04:08+09:00,sigma,4
2026-09-28T10:04:08+09:00,tau,6
2026-09-28T10:04:08+09:00,theta,0
2026-09-28T10:04:08+09:00,all,249
2026-09-28T10:14:11+09:00,alpha,103
2026-09-28T10:14:11+09:00,delta,36
2026-09-28T10:14:11+09:00,epsilon,10
2026-09-28T10:14:11+09:00,iota,6
2026-09-28T10:14:11+09:00,kappa,9
2026-09-28T10:14:11+09:00,lambda,16
2026-09-28T10:14:11+09:00,lounge,0
2026-09-28T10:14:11+09:00,mu,46
2026-09-28T10:14:11+09:00,omega,0
2026-09-28T10:14:11+09:00,omicron,20
2026-09-28T10:14:11+09:00,sigma,4
2026-09-28T10:14:11+09:00,tau,6
2026-09-28T10:14:11+09:00,theta,0
2026-09-28T10:14:11+09:00,all,256
2026-09-28T10:24:14+09:00,alpha,104
2026-09-28T10:24:14+09:00,delta,36
2026-09-28T10:24:14+09:00,epsilon,10
2026-09-28T10:24:14+09:00,iota,5
2026-09-28T10:24:14+09:00,kappa,9
2026-09-28T10:24:14+09:00,lambda,16
2026-09-28T10:24:14+09:00,lounge,0
2026-09-28T10:24:14+09:00,mu,49
2026-09-28T10:24:14+09:00,omega,1
2026-09-28T10:24:14+09:00,omicron,19
2026-09-28T10:24:14+09:00,sigma,4
2026-09-28T10:24:14+09:00,tau,8
2026-09-28T10:24:14+09:00,theta,2
2026-09-28T10:24:14+09:00,all,263
2026-09-28T10:34:17+09:00,alpha,100
2026-09-28T10:34:17+09:00,delta,37
2026-09-28T10:34:17+09:00,epsilon,10
2026-09-28T10:34:17+09:00,iota,6
2026-09-28T10:34:17+09:00,kappa,11
2026-09-28T10:34:17+09:00,lambda,16
2026-09-28T10:34:17+09:00,lounge,1
2026-09-28T10:34:17+09:00,mu,61
2026-09-28T10:34:17+09:00,omega,0
2026-09-28T10:34:17+09:00,omicron,26
2026-09-28T10:34:17+09:00,sigma,4
2026-09-28T10:34:17+09:00,tau,8
2026-09-28T10:34:17+09:00,theta,0
2026-09-28T10:34:17+09:00,all,280
2026-09-28T10:44:20+09:00,alpha,101
2026-09-28T10:44:20+09:00,delta,35
2026-09-28T10:44:20+09:00,epsilon,11
2026-09-28T10:44:20+09:00,iota,7
2026-09-28T10:44:20+09:00,kappa,8
2026-09-28T10:44:20+09:00,lambda,16
2026-09-28T10:44:20+09:00,lounge,1
2026-09-28T10:44:20+09:00,mu,56
2026-09-28T10:44:20+09:00,omega,1
2026-09-28T10:44:20+09:00,omicron,26
2026-09-28T10:44:20+09:00,sigma,4
2026-09-28T10:44:20+09:00,tau,15
2026-09-28T10:44:20+09:00,theta,2
2026-09-28T10:44:20+09:00,all,283
2026-09-28T10:54:23+09:00,alpha,100
2026-09-28T10:54:23+09:00,delta,34
2026-09-28T10:54:23+09:00,epsilon,11
2026-09-28T10:54:23+09:00,iota,7
2026-09-28T10:54:23+09:00,kappa,8
2026-09-28T10:54:23+09:00,lambda,17
2026-09-28T10:54:23+09:00,lounge,0
2026-09-28T10:54:23+09:00,mu,47
2026-09-28T10:54:23+09:00,omega,0
2026-09-28T10:54:23+09:00,omicron,29
2026-09-28T10:54:23+09:00,sigma,8
2026-09-28T10:54:23+09:00,tau,21
2026-09-28T10:54:23+09:00,theta,1
2026-09-28T10:54:23+09:00,all,283
2026-09-28T11:04:29+09:00,alpha,100
2026-09-28T11:04:29+09:00,delta,33
2026-09-28T11:04:29+09:00,epsilon,12
2026-09-28T11:04:29+09:00,iota,6
2026-09-28T11:04:29+09:00,kappa,9
2026-09-28T11:04:29+09:00,lambda,16
2026-09-28T11:04:29+09:00,lounge,1
2026-09-28T11:04:29+09:00,mu,45
2026-09-28T11:04:29+09:00,omega,0
2026-09-28T11:04:29+09:00,omicron,35
2026-09-28T11:04:29+09:00,sigma,4
2026-09-28T11:04:29+09:00,tau,22
2026-09-28T11:04:29+09:00,theta,0
2026-09-28T11:04:29+09:00,all,283
2026-09-28T11:14:32+09:00,alpha,103
2026-09-28T11:14:32+09:00,delta,33
2026-09-28T11:14:32+09:00,epsilon,10
2026-09-28T11:14:32+09:00,iota,8
2026-09-28T11:14:32+09:00,kappa,12
2026-09-28T11:14:32+09:00,lambda,16
2026-09-28T11:14:32+09:00,lounge,1
2026-09-28T11:14:32+09:00,mu,47
2026-09-28T11:14:32+09:00,omega,1
2026-09-28T11:14:32+09:00,omicron,31
2026-09-28T11:14:32+09:00,sigma,9
2026-09-28T11:14:32+09:00,tau,22
2026-09-28T11:14:32+09:00,theta,0
2026-09-28T11:14:32+09:00,all,293
2026-09-28T11:24:34+09:00,alpha,103
2026-09-28T11:24:34+09:00,delta,33
2026-09-28T11:24:34+09:00,epsilon,10
2026-09-28T11:24:34+09:00,iota,8
2026-09-28T11:24:34+09:00,kappa,8
2026-09-28T11:24:34+09:00,lambda,16
2026-09-28T11:24:34+09:00,lounge,0
2026-09-28T11:24:34+09:00,mu,47
2026-09-28T11:24:34+09:00,omega,0
2026-09-28T11:24:34+09:00,omicron,33
2026-09-28T11:24:34+09:00,sigma,6
2026-09-28T11:24:34+09:00,tau,24
2026-09-28T11:24:34+09:00,theta,0
2026-09-28T11:24:34+09:00,all,288
2026-09-28T11:34:37+09:00,alpha,100
2026-09-28T11:34:37+09:00,delta,33
2026-09-28T11:34:37+09:00,epsilon,10
2026-09-28T11:34:37+09:00,iota,8
2026-09-28T11:34:37+09:00,kappa,8
2026-09-28T11:34:37+09:00,lambda,16
2026-09-28T11:34:37+09:00,lounge,0
2026-09-28T11:34:37+09:00,mu,45
2026-09-28T11:34:37+09:00,omega,0
2026-09-28T11:34:37+09:00,omicron,40
2026-09-28T11:34:37+09:00,sigma,8
2026-09-28T11:34:37+09:00,tau,26
2026-09-28T11:34:37+09:00,theta,0
2026-09-28T11:34:37+09:00,all,294
2026-09-28T11:44:40+09:00,alpha,81
2026-09-28T11:44:40+09:00,delta,33
2026-09-28T11:44:40+09:00,epsilon,10
2026-09-28T11:44:40+09:00,iota,8
2026-09-28T11:44:40+09:00,kappa,9
2026-09-28T11:44:40+09:00,lambda,16
2026-09-28T11:44:40+09:00,lounge,1
2026-09-28T11:44:40+09:00,mu,40
2026-09-28T11:44:40+09:00,omega,0
2026-09-28T11:44:40+09:00,omicron,42
2026-09-28T11:44:40+09:00,sigma,24
2026-09-28T11:44:40+09:00,tau,25
2026-09-28T11:44:40+09:00,theta,3
2026-09-28T11:44:40+09:00,all,292
2026-09-28T11:54:43+09:00,alpha,78
2026-09-28T11:54:43+09:00,delta,33
2026-09-28T11:54:43+09:00,epsilon,10
2026-09-28T11:54:43+09:00,iota,7
2026-09-28T11:54:43+09:00,kappa,9
2026-09-28T11:54:43+09:00,lambda,16
2026-09-28T11:54:43+09:00,lounge,3
2026-09-28T11:54:43+09:00,mu,44
2026-09-28T11:54:43+09:00,omega,0
2026-09-28T11:54:43+09:00,omicron,40
2026-09-28T11:54:43+09:00,sigma,28
2026-09-28T11:54:43+09:00,tau,25
2026-09-28T11:54:43+09:00,theta,3
2026-09-28T11:54:43+09:00,all,296
2026-09-28T12:04:45+09:00,alpha,77
2026-09-28T12:04:45+09:00,delta,33
2026-09-28T12:04:45+09:00,epsilon,12
2026-09-28T12:04:45+09:00,iota,6
2026-09-28T12:04:45+09:00,kappa,9
2026-09-28T12:04:45+09:00,lambda,16
2026-09-28T12:04:45+09:00,lounge,4
2026-09-28T12:04:45+09:00,mu,49
2026-09-28T12:04:45+09:00,omega,0
2026-09-28T12:04:45+09:00,omicron,41
2026-09-28T12:04:45+09:00,sigma,30
2026-09-28T12:04:45+09:00,tau,27
2026-09-28T12:04:45+09:00,theta,2
2026-09-28T12:04:45+09:00,all,306
2026-09-28T12:14:48+09:00,alpha,78
2026-09-28T12:14:48+09:00,delta,33
2026-09-28T12:14:48+09:00,epsilon,11
2026-09-28T12:14:48+09:00,iota,8
2026-09-28T12:14:48+09:00,kappa,11
2026-09-28T12:14:48+09:00,lambda,18
2026-09-28T12:14:48+09:00,lounge,9
2026-09-28T12:14:48+09:00,mu,58
2026-09-28T12:14:48+09:00,omega,0
2026-09-28T12:14:48+09:00,omicron,40
2026-09-28T12:14:48+09:00,sigma,37
2026-09-28T12:14:48+09:00,tau,28
2026-09-28T12:14:48+09:00,theta,2
2026-09-28T12:14:48+09:00,all,333
2026-09-28T12:24:51+09:00,alpha,88
2026-09-28T12:24:51+09:00,delta,38
2026-09-28T12:24:51+09:00,epsilon,12
2026-09-28T12:24:51+09:00,iota,8
2026-09-28T12:24:51+09:00,kappa,11
2026-09-28T12:24:51+09:00,lambda,16
2026-09-28T12:24:51+09:00,lounge,4
2026-09-28T12:24:51+09:00,mu,58
2026-09-28T12:24:51+09:00,omega,0
2026-09-28T12:24:51+09:00,omicron,36
2026-09-28T12:24:51+09:00,sigma,43
2026-09-28T12:24:51+09:00,tau,26
2026-09-28T12:24:51+09:00,theta,3
2026-09-28T12:24:51+09:00,all,343
2026-09-28T12:34:58+09:00,alpha,91
2026-09-28T12:34:58+09:00,delta,38
2026-09-28T12:34:58+09:00,epsilon,13
2026-09-28T12:34:58+09:00,iota,6
2026-09-28T12:34:58+09:00,kappa,11
2026-09-28T12:34:58+09:00,lambda,16
2026-09-28T12:34:58+09:00,lounge,6
2026-09-28T12:34:58+09:00,mu,68
2026-09-28T12:34:58+09:00,omega,0
2026-09-28T12:34:58+09:00,omicron,33
2026-09-28T12:34:58+09:00,sigma,26
2026-09-28T12:34:58+09:00,tau,28
2026-09-28T12:34:58+09:00,theta,0
2026-09-28T12:34:58+09:00,all,336
2026-09-28T12:45:01+09:00,alpha,83
2026-09-28T12:45:01+09:00,delta,38
2026-09-28T12:45:01+09:00,epsilon,14
2026-09-28T12:45:01+09:00,iota,7
2026-09-28T12:45:01+09:00,kappa,11
2026-09-28T12:45:01+09:00,lambda,16
2026-09-28T12:45:01+09:00,lounge,2
2026-09-28T12:45:01+09:00,mu,64
2026-09-28T12:45:01+09:00,omega,0
2026-09-28T12:45:01+09:00,omicron,37
2026-09-28T12:45:01+09:00,sigma,29
2026-09-28T12:45:01+09:00,tau,32
2026-09-28T12:45:01+09:00,theta,0
2026-09-28T12:45:01+09:00,all,333
2026-09-28T12:55:05+09:00,alpha,93
2026-09-28T12:55:05+09:00,delta,37
2026-09-28T12:55:05+09:00,epsilon,16
2026-09-28T12:55:05+09:00,iota,8
2026-09-28T12:55:05+09:00,kappa,10
2026-09-28T12:55:05+09:00,lambda,16
2026-09-28T12:55:05+09:00,lounge,2
2026-09-28T12:55:05+09:00,mu,66
2026-09-28T12:55:05+09:00,omega,0
2026-09-28T12:55:05+09:00,omicron,49
2026-09-28T12:55:05+09:00,sigma,27
2026-09-28T12:55:05+09:00,tau,33
2026-09-28T12:55:05+09:00,theta,0
2026-09-28T12:55:05+09:00,all,357
2026-09-28T13:05:08+09:00,alpha,88
2026-09-28T13:05:08+09:00,delta,37
2026-09-28T13:05:08+09:00,epsilon,22
2026-09-28T13:05:08+09:00,iota,9
2026-09-28T13:05:08+09:00,kappa,12
2026-09-28T13:05:08+09:00,lambda,16
2026-09-28T13:05:08+09:00,lounge,2
2026-09-28T13:05:08+09:00,mu,70
2026-09-28T13:05:08+09:00,omega,0
2026-09-28T13:05:08+09:00,omicron,44
2026-09-28T13:05:08+09:00,sigma,19
2026-09-28T13:05:08+09:00,tau,35
2026-09-28T13:05:08+09:00,theta,3
2026-09-28T13:05:08+09:00,all,357
2026-09-28T13:05:27+09:00,alpha,95
2026-09-28T13:05:27+09:00,delta,38
2026-09-28T13:05:27+09:00,epsilon,23
2026-09-28T13:05:27+09:00,iota,8
2026-09-28T13:05:27+09:00,kappa,12
2026-09-28T13:05:27+09:00,lambda,16
2026-09-28T13:05:27+09:00,lounge,4
2026-09-28T13:05:27+09:00,mu,69
2026-09-28T13:05:27+09:00,omega,0
2026-09-28T13:05:27+09:00,omicron,40
2026-09-28T13:05:27+09:00,sigma,13
2026-09-28T13:05:27+09:00,tau,34
2026-09-28T13:05:27+09:00,theta,0
2026-09-28T13:05:27+09:00,all,352
2026-09-28T13:15:31+09:00,alpha,98
2026-09-28T13:15:31+09:00,delta,38
2026-09-28T13:15:31+09:00,epsilon,23
2026-09-28T13:15:31+09:00,iota,7
2026-09-28T13:15:31+09:00,kappa,12
2026-09-28T13:15:31+09:00,lambda,17
2026-09-28T13:15:31+09:00,lounge,0
2026-09-28T13:15:31+09:00,mu,73
2026-09-28T13:15:31+09:00,omega,1
2026-09-28T13:15:31+09:00,omicron,40
2026-09-28T13:15:31+09:00,sigma,14
2026-09-28T13:15:31+09:00,tau,32
2026-09-28T13:15:31+09:00,theta,3
2026-09-28T13:15:31+09:00,all,358
2026-09-28T13:25:34+09:00,alpha,103
2026-09-28T13:25:34+09:00,delta,40
2026-09-28T13:25:34+09:00,epsilon,24
2026-09-28T13:25:34+09:00,iota,8
2026-09-28T13:25:34+09:00,kappa,14
2026-09-28T13:25:34+09:00,lambda,17
2026-09-28T13:25:34+09:00,lounge,2
2026-09-28T13:25:34+09:00,mu,82
2026-09-28T13:25:34+09:00,omega,1
2026-09-28T13:25:34+09:00,omicron,35
2026-09-28T13:25:34+09:00,sigma,10
2026-09-28T13:25:34+09:00,tau,30
2026-09-28T13:25:34+09:00,theta,10
2026-09-28T13:25:34+09:00,all,376
2026-09-28T13:35:36+09:00,alpha,119
2026-09-28T13:35:36+09:00,delta,40
2026-09-28T13:35:36+09:00,epsilon,26
2026-09-28T13:35:36+09:00,iota,8
2026-09-28T13:35:36+09:00,kappa,14
2026-09-28T13:35:36+09:00,lambda,23
2026-09-28T13:35:36+09:00,lounge,3
2026-09-28T13:35:36+09:00,mu,74
2026-09-28T13:35:36+09:00,omega,1
2026-09-28T13:35:36+09:00,omicron,40
2026-09-28T13:35:36+09:00,sigma,13
2026-09-28T13:35:36+09:00,tau,30
2026-09-28T13:35:36+09:00,theta,12
2026-09-28T13:35:36+09:00,all,403
2026-09-28T13:45:39+09:00,alpha,117
2026-09-28T13:45:39+09:00,delta,39
2026-09-28T13:45:39+09:00,epsilon,23
2026-09-28T13:45:39+09:00,iota,7
2026-09-28T13:45:39+09:00,kappa,13
2026-09-28T13:45:39+09:00,lambda,18
2026-09-28T13:45:39+09:00,lounge,4
2026-09-28T13:45:39+09:00,mu,71
2026-09-28T13:45:39+09:00,omega,2
2026-09-28T13:45:39+09:00,omicron,45
2026-09-28T13:45:39+09:00,sigma,10
2026-09-28T13:45:39+09:00,tau,28
2026-09-28T13:45:39+09:00,theta,9
2026-09-28T13:45:39+09:00,all,386
2026-09-28T13:55:42+09:00,alpha,117
2026-09-28T13:55:42+09:00,delta,39
2026-09-28T13:55:42+09:00,epsilon,24
2026-09-28T13:55:42+09:00,iota,7
2026-09-28T13:55:42+09:00,kappa,15
2026-09-28T13:55:42+09:00,lambda,16
2026-09-28T13:55:42+09:00,lounge,3
2026-09-28T13:55:42+09:00,mu,67
2026-09-28T13:55:42+09:00,omega,1
2026-09-28T13:55:42+09:00,omicron,44
2026-09-28T13:55:42+09:00,sigma,12
2026-09-28T13:55:42+09:00,tau,28
2026-09-28T13:55:42+09:00,theta,4
2026-09-28T13:55:42+09:00,all,377
2026-09-28T14:05:47+09:00,alpha,109
2026-09-28T14:05:47+09:00,delta,39
2026-09-28T14:05:47+09:00,epsilon,24
2026-09-28T14:05:47+09:00,iota,8
2026-09-28T14:05:47+09:00,kappa,13
2026-09-28T14:05:47+09:00,lambda,18
2026-09-28T14:05:47+09:00,lounge,3
2026-09-28T14:05:47+09:00,mu,69
2026-09-28T14:05:47+09:00,omega,5
2026-09-28T14:05:47+09:00,omicron,42
2026-09-28T14:05:47+09:00,sigma,15
2026-09-28T14:05:47+09:00,tau,28
2026-09-28T14:05:47+09:00,theta,3
2026-09-28T14:05:47+09:00,all,376
2026-09-28T14:15:57+09:00,alpha,109
2026-09-28T14:15:57+09:00,delta,42
2026-09-28T14:15:57+09:00,epsilon,27
2026-09-28T14:15:57+09:00,iota,8
2026-09-28T14:15:57+09:00,kappa,13
2026-09-28T14:15:57+09:00,lambda,16
2026-09-28T14:15:57+09:00,lounge,3
2026-09-28T14:15:57+09:00,mu,72
2026-09-28T14:15:57+09:00,omega,3
2026-09-28T14:15:57+09:00,omicron,40
2026-09-28T14:15:57+09:00,sigma,16
2026-09-28T14:15:57+09:00,tau,28
2026-09-28T14:15:57+09:00,theta,2
2026-09-28T14:15:57+09:00,all,379
2026-09-28T14:26:01+09:00,alpha,103
2026-09-28T14:26:01+09:00,delta,43
2026-09-28T14:26:01+09:00,epsilon,12
2026-09-28T14:26:01+09:00,iota,9
2026-09-28T14:26:01+09:00,kappa,19
2026-09-28T14:26:01+09:00,lambda,17
2026-09-28T14:26:01+09:00,lounge,1
2026-09-28T14:26:01+09:00,mu,70
2026-09-28T14:26:01+09:00,omega,6
2026-09-28T14:26:01+09:00,omicron,39
2026-09-28T14:26:01+09:00,sigma,15
2026-09-28T14:26:01+09:00,tau,30
2026-09-28T14:26:01+09:00,theta,4
2026-09-28T14:26:01+09:00,all,368
2026-09-28T14:36:06+09:00,alpha,88
2026-09-28T14:36:06+09:00,delta,44
2026-09-28T14:36:06+09:00,epsilon,12
2026-09-28T14:36:06+09:00,iota,10
2026-09-28T14:36:06+09:00,kappa,14
2026-09-28T14:36:06+09:00,lambda,18
2026-09-28T14:36:06+09:00,lounge,2
2026-09-28T14:36:06+09:00,mu,75
2026-09-28T14:36:06+09:00,omega,20
2026-09-28T14:36:06+09:00,omicron,37
2026-09-28T14:36:06+09:00,sigma,15
2026-09-28T14:36:06+09:00,tau,27
2026-09-28T14:36:06+09:00,theta,4
2026-09-28T14:36:06+09:00,all,366
2026-09-28T14:46:08+09:00,alpha,92
2026-09-28T14:46:08+09:00,delta,44
2026-09-28T14:46:08+09:00,epsilon,10
2026-09-28T14:46:08+09:00,iota,10
2026-09-28T14:46:08+09:00,kappa,15
2026-09-28T14:46:08+09:00,lambda,17
2026-09-28T14:46:08+09:00,lounge,1
2026-09-28T14:46:08+09:00,mu,77
2026-09-28T14:46:08+09:00,omega,19
2026-09-28T14:46:08+09:00,omicron,39
2026-09-28T14:46:08+09:00,sigma,16
2026-09-28T14:46:08+09:00,tau,29
2026-09-28T14:46:08+09:00,theta,3
2026-09-28T14:46:08+09:00,all,372
2026-09-28T14:57:20+09:00,alpha,89
2026-09-28T14:57:20+09:00,delta,44
2026-09-28T14:57:20+09:00,epsilon,10
2026-09-28T14:57:20+09:00,iota,8
2026-09-28T14:57:20+09:00,kappa,14
2026-09-28T14:57:20+09:00,lambda,18
2026-09-28T14:57:20+09:00,lounge,3
2026-09-28T14:57:20+09:00,mu,79
2026-09-28T14:57:20+09:00,omega,19
2026-09-28T14:57:20+09:00,omicron,38
2026-09-28T14:57:20+09:00,sigma,15
2026-09-28T14:57:20+09:00,tau,27
2026-09-28T14:57:20+09:00,theta,2
2026-09-28T14:57:20+09:00,all,366
2026-09-28T15:07:23+09:00,alpha,86
2026-09-28T15:07:23+09:00,delta,44
2026-09-28T15:07:23+09:00,epsilon,10
2026-09-28T15:07:23+09:00,iota,9
2026-09-28T15:07:23+09:00,kappa,14
2026-09-28T15:07:23+09:00,lambda,17
2026-09-28T15:07:23+09:00,lounge,0
2026-09-28T15:07:23+09:00,mu,98
2026-09-28T15:07:23+09:00,omega,5
2026-09-28T15:07:23+09:00,omicron,38
2026-09-28T15:07:23+09:00,sigma,16
2026-09-28T15:07:23+09:00,tau,28
2026-09-28T15:07:23+09:00,theta,1
2026-09-28T15:07:23+09:00,all,366
2026-09-28T15:17:27+09:00,alpha,92
2026-09-28T15:17:27+09:00,delta,44
2026-09-28T15:17:27+09:00,epsilon,10
2026-09-28T15:17:27+09:00,iota,9
2026-09-28T15:17:27+09:00,kappa,13
2026-09-28T15:17:27+09:00,lambda,18
2026-09-28T15:17:27+09:00,lounge,1
2026-09-28T15:17:27+09:00,mu,91
2026-09-28T15:17:27+09:00,omega,14
2026-09-28T15:17:27+09:00,omicron,38
2026-09-28T15:17:27+09:00,sigma,13
2026-09-28T15:17:27+09:00,tau,31
2026-09-28T15:17:27+09:00,theta,3
2026-09-28T15:17:27+09:00,all,377
2026-09-28T15:25:01+09:00,all,0
2026-09-28T15:35:01+09:00,all,0
2026-09-28T15:45:01+09:00,all,0
2026-09-28T15:55:01+09:00,all,0
2026-09-28T16:05:01+09:00,all,0
2026-09-28T21:10:02+09:00,alpha,26
2026-09-28T21:10:02+09:00,delta,14
2026-09-28T21:10:02+09:00,epsilon,3
2026-09-28T21:10:02+09:00,iota,2
2026-09-28T21:10:02+09:00,kappa,1
2026-09-28T21:10:02+09:00,lambda,8
2026-09-28T21:10:02+09:00,lounge,1
2026-09-28T21:10:02+09:00,mu,6
2026-09-28T21:10:02+09:00,omega,0
2026-09-28T21:10:02+09:00,omicron,3
2026-09-28T21:10:02+09:00,sigma,4
2026-09-28T21:10:02+09:00,tau,6
2026-09-28T21:10:02+09:00,theta,1
2026-09-28T21:10:02+09:00,all,75
2026-09-28T21:20:02+09:00,alpha,47
2026-09-28T21:20:02+09:00,delta,5
2026-09-28T21:20:02+09:00,epsilon,3
2026-09-28T21:20:02+09:00,iota,6
2026-09-28T21:20:02+09:00,kappa,4
2026-09-28T21:20:02+09:00,lambda,4
2026-09-28T21:20:02+09:00,lounge,2
2026-09-28T21:20:02+09:00,mu,35
2026-09-28T21:20:02+09:00,omega,0
2026-09-28T21:20:02+09:00,omicron,34
2026-09-28T21:20:02+09:00,sigma,23
2026-09-28T21:20:02+09:00,tau,22
2026-09-28T21:20:02+09:00,theta,4
2026-09-28T21:20:02+09:00,all,189
2026-09-28T21:30:01+09:00,alpha,7
2026-09-28T21:30:01+09:00,delta,8
2026-09-28T21:30:01+09:00,epsilon,0
2026-09-28T21:30:01+09:00,iota,2
2026-09-28T21:30:01+09:00,kappa,5
2026-09-28T21:30:01+09:00,lambda,6
2026-09-28T21:30:01+09:00,lounge,1
2026-09-28T21:30:01+09:00,mu,7
2026-09-28T21:30:01+09:00,omega,0
2026-09-28T21:30:01+09:00,omicron,3
2026-09-28T21:30:01+09:00,sigma,0
2026-09-28T21:30:01+09:00,tau,3
2026-09-28T21:30:01+09:00,theta,0
2026-09-28T21:30:01+09:00,all,42
2026-09-28T21:40:01+09:00,alpha,6
2026-09-28T21:40:01+09:00,delta,8
2026-09-28T21:40:01+09:00,epsilon,0
2026-09-28T21:40:01+09:00,iota,3
2026-09-28T21:40:01+09:00,kappa,4
2026-09-28T21:40:01+09:00,lambda,6
2026-09-28T21:40:01+09:00,lounge,2
2026-09-28T21:40:01+09:00,mu,5
2026-09-28T21:40:01+09:00,omega,0
2026-09-28T21:40:01+09:00,omicron,3
2026-09-28T21:40:01+09:00,sigma,0
2026-09-28T21:40:01+09:00,tau,3
2026-09-28T21:40:01+09:00,theta,0
2026-09-28T21:40:01+09:00,all,40
2026-09-28T21:50:02+09:00,alpha,5
2026-09-28T21:50:02+09:00,delta,6
2026-09-28T21:50:02+09:00,epsilon,0
2026-09-28T21:50:02+09:00,iota,2
2026-09-28T21:50:02+09:00,kappa,4
2026-09-28T21:50:02+09:00,lambda,6
2026-09-28T21:50:02+09:00,lounge,2
2026-09-28T21:50:02+09:00,mu,4
2026-09-28T21:50:02+09:00,omega,0
2026-09-28T21:50:02+09:00,omicron,3
2026-09-28T21:50:02+09:00,sigma,0
2026-09-28T21:50:02+09:00,tau,3
2026-09-28T21:50:02+09:00,theta,0
2026-09-28T21:50:02+09:00,all,35
2026-09-28T22:00:01+09:00,alpha,5
2026-09-28T22:00:01+09:00,delta,6
2026-09-28T22:00:01+09:00,epsilon,0
2026-09-28T22:00:01+09:00,iota,2
2026-09-28T22:00:01+09:00,kappa,4
2026-09-28T22:00:01+09:00,lambda,4
2026-09-28T22:00:01+09:00,lounge,0
2026-09-28T22:00:01+09:00,mu,5
2026-09-28T22:00:01+09:00,omega,0
2026-09-28T22:00:01+09:00,omicron,3
2026-09-28T22:00:01+09:00,sigma,0
2026-09-28T22:00:01+09:00,tau,3
2026-09-28T22:00:01+09:00,theta,0
2026-09-28T22:00:01+09:00,all,32
2026-09-28T22:10:01+09:00,alpha,5
2026-09-28T22:10:01+09:00,delta,4
2026-09-28T22:10:01+09:00,epsilon,0
2026-09-28T22:10:01+09:00,iota,2
2026-09-28T22:10:01+09:00,kappa,4
2026-09-28T22:10:01+09:00,lambda,4
2026-09-28T22:10:01+09:00,lounge,0
2026-09-28T22:10:01+09:00,mu,4
2026-09-28T22:10:01+09:00,omega,0
2026-09-28T22:10:01+09:00,omicron,3
2026-09-28T22:10:01+09:00,sigma,0
2026-09-28T22:10:01+09:00,tau,3
2026-09-28T22:10:01+09:00,theta,0
2026-09-28T22:10:01+09:00,all,29
2026-09-28T22:20:01+09:00,alpha,5
2026-09-28T22:20:01+09:00,delta,4
2026-09-28T22:20:01+09:00,epsilon,0
2026-09-28T22:20:01+09:00,iota,2
2026-09-28T22:20:01+09:00,kappa,4
2026-09-28T22:20:01+09:00,lambda,4
2026-09-28T22:20:01+09:00,lounge,0
2026-09-28T22:20:01+09:00,mu,4
2026-09-28T22:20:01+09:00,omega,0
2026-09-28T22:20:01+09:00,omicron,3
2026-09-28T22:20:01+09:00,sigma,0
2026-09-28T22:20:01+09:00,tau,2
2026-09-28T22:20:01+09:00,theta,0
2026-09-28T22:20:01+09:00,all,28
2026-09-28T22:30:01+09:00,alpha,5
2026-09-28T22:30:01+09:00,delta,4
2026-09-28T22:30:01+09:00,epsilon,0
2026-09-28T22:30:01+09:00,iota,2
2026-09-28T22:30:01+09:00,kappa,4
2026-09-28T22:30:01+09:00,lambda,4
2026-09-28T22:30:01+09:00,lounge,0
2026-09-28T22:30:01+09:00,mu,4
2026-09-28T22:30:01+09:00,omega,0
2026-09-28T22:30:01+09:00,omicron,3
2026-09-28T22:30:01+09:00,sigma,0
2026-09-28T22:30:01+09:00,tau,3
2026-09-28T22:30:01+09:00,theta,0
2026-09-28T22:30:01+09:00,all,29
2026-09-28T22:40:01+09:00,alpha,5
2026-09-28T22:40:01+09:00,delta,4
2026-09-28T22:40:01+09:00,epsilon,0
2026-09-28T22:40:01+09:00,iota,2
2026-09-28T22:40:01+09:00,kappa,4
2026-09-28T22:40:01+09:00,lambda,4
2026-09-28T22:40:01+09:00,lounge,0
2026-09-28T22:40:01+09:00,mu,4
2026-09-28T22:40:01+09:00,omega,0
2026-09-28T22:40:01+09:00,omicron,3
2026-09-28T22:40:01+09:00,sigma,0
2026-09-28T22:40:01+09:00,tau,3
2026-09-28T22:40:01+09:00,theta,0
2026-09-28T22:40:01+09:00,all,29
2026-09-28T22:50:02+09:00,alpha,5
2026-09-28T22:50:02+09:00,delta,4
2026-09-28T22:50:02+09:00,epsilon,0
2026-09-28T22:50:02+09:00,iota,2
2026-09-28T22:50:02+09:00,kappa,5
2026-09-28T22:50:02+09:00,lambda,4
2026-09-28T22:50:02+09:00,lounge,0
2026-09-28T22:50:02+09:00,mu,4
2026-09-28T22:50:02+09:00,omega,0
2026-09-28T22:50:02+09:00,omicron,3
2026-09-28T22:50:02+09:00,sigma,0
2026-09-28T22:50:02+09:00,tau,2
2026-09-28T22:50:02+09:00,theta,0
2026-09-28T22:50:02+09:00,all,29
2026-09-28T23:00:02+09:00,alpha,5
2026-09-28T23:00:02+09:00,delta,4
2026-09-28T23:00:02+09:00,epsilon,0
2026-09-28T23:00:02+09:00,iota,3
2026-09-28T23:00:02+09:00,kappa,4
2026-09-28T23:00:02+09:00,lambda,4
2026-09-28T23:00:02+09:00,lounge,0
2026-09-28T23:00:02+09:00,mu,4
2026-09-28T23:00:02+09:00,omega,0
2026-09-28T23:00:02+09:00,omicron,4
2026-09-28T23:00:02+09:00,sigma,0
2026-09-28T23:00:02+09:00,tau,2
2026-09-28T23:00:02+09:00,theta,1
2026-09-28T23:00:02+09:00,all,31
2026-09-28T23:10:02+09:00,alpha,5
2026-09-28T23:10:02+09:00,delta,4
2026-09-28T23:10:02+09:00,epsilon,0
2026-09-28T23:10:02+09:00,iota,3
2026-09-28T23:10:02+09:00,kappa,4
2026-09-28T23:10:02+09:00,lambda,2
2026-09-28T23:10:02+09:00,lounge,0
2026-09-28T23:10:02+09:00,mu,4
2026-09-28T23:10:02+09:00,omega,0
2026-09-28T23:10:02+09:00,omicron,4
2026-09-28T23:10:02+09:00,sigma,0
2026-09-28T23:10:02+09:00,tau,2
2026-09-28T23:10:02+09:00,theta,1
2026-09-28T23:10:02+09:00,all,29
2026-09-28T23:20:01+09:00,alpha,5
2026-09-28T23:20:01+09:00,delta,4
2026-09-28T23:20:01+09:00,epsilon,0
2026-09-28T23:20:01+09:00,iota,3
2026-09-28T23:20:01+09:00,kappa,4
2026-09-28T23:20:01+09:00,lambda,2
2026-09-28T23:20:01+09:00,lounge,0
2026-09-28T23:20:01+09:00,mu,4
2026-09-28T23:20:01+09:00,omega,0
2026-09-28T23:20:01+09:00,omicron,3
2026-09-28T23:20:01+09:00,sigma,0
2026-09-28T23:20:01+09:00,tau,2
2026-09-28T23:20:01+09:00,theta,1
2026-09-28T23:20:01+09:00,all,28
2026-09-28T23:30:02+09:00,alpha,5
2026-09-28T23:30:02+09:00,delta,4
2026-09-28T23:30:02+09:00,epsilon,0
2026-09-28T23:30:02+09:00,iota,3
2026-09-28T23:30:02+09:00,kappa,4
2026-09-28T23:30:02+09:00,lambda,2
2026-09-28T23:30:02+09:00,lounge,0
2026-09-28T23:30:02+09:00,mu,4
2026-09-28T23:30:02+09:00,omega,0
2026-09-28T23:30:02+09:00,omicron,3
2026-09-28T23:30:02+09:00,sigma,0
2026-09-28T23:30:02+09:00,tau,2
2026-09-28T23:30:02+09:00,theta,1
2026-09-28T23:30:02+09:00,all,28
2026-09-28T23:40:02+09:00,alpha,5
2026-09-28T23:40:02+09:00,delta,4
2026-09-28T23:40:02+09:00,epsilon,0
2026-09-28T23:40:02+09:00,iota,2
2026-09-28T23:40:02+09:00,kappa,4
2026-09-28T23:40:02+09:00,lambda,2
2026-09-28T23:40:02+09:00,lounge,0
2026-09-28T23:40:02+09:00,mu,4
2026-09-28T23:40:02+09:00,omega,0
2026-09-28T23:40:02+09:00,omicron,3
2026-09-28T23:40:02+09:00,sigma,0
2026-09-28T23:40:02+09:00,tau,2
2026-09-28T23:40:02+09:00,theta,0
2026-09-28T23:40:02+09:00,all,26
2026-09-28T23:50:01+09:00,alpha,5
2026-09-28T23:50:01+09:00,delta,4
2026-09-28T23:50:01+09:00,epsilon,0
2026-09-28T23:50:01+09:00,iota,2
2026-09-28T23:50:01+09:00,kappa,4
2026-09-28T23:50:01+09:00,lambda,2
2026-09-28T23:50:01+09:00,lounge,0
2026-09-28T23:50:01+09:00,mu,4
2026-09-28T23:50:01+09:00,omega,0
2026-09-28T23:50:01+09:00,omicron,3
2026-09-28T23:50:01+09:00,sigma,0
2026-09-28T23:50:01+09:00,tau,2
2026-09-28T23:50:01+09:00,theta,0
2026-09-28T23:50:01+09:00,all,26
2026-09-29T00:00:01+09:00,alpha,5
2026-09-29T00:00:01+09:00,delta,4
2026-09-29T00:00:01+09:00,epsilon,0
2026-09-29T00:00:01+09:00,iota,2
2026-09-29T00:00:01+09:00,kappa,4
2026-09-29T00:00:01+09:00,lambda,2
2026-09-29T00:00:01+09:00,lounge,0
2026-09-29T00:00:01+09:00,mu,4
2026-09-29T00:00:01+09:00,omega,0
2026-09-29T00:00:01+09:00,omicron,3
2026-09-29T00:00:01+09:00,sigma,0
2026-09-29T00:00:01+09:00,tau,2
2026-09-29T00:00:01+09:00,theta,0
2026-09-29T00:00:01+09:00,all,26
2026-09-29T00:10:02+09:00,alpha,5
2026-09-29T00:10:02+09:00,delta,4
2026-09-29T00:10:02+09:00,epsilon,0
2026-09-29T00:10:02+09:00,iota,2
2026-09-29T00:10:02+09:00,kappa,4
2026-09-29T00:10:02+09:00,lambda,2
2026-09-29T00:10:02+09:00,lounge,0
2026-09-29T00:10:02+09:00,mu,4
2026-09-29T00:10:02+09:00,omega,0
2026-09-29T00:10:02+09:00,omicron,3
2026-09-29T00:10:02+09:00,sigma,0
2026-09-29T00:10:02+09:00,tau,2
2026-09-29T00:10:02+09:00,theta,0
2026-09-29T00:10:02+09:00,all,26
2026-09-29T00:20:01+09:00,alpha,5
2026-09-29T00:20:01+09:00,delta,4
2026-09-29T00:20:01+09:00,epsilon,0
2026-09-29T00:20:01+09:00,iota,2
2026-09-29T00:20:01+09:00,kappa,4
2026-09-29T00:20:01+09:00,lambda,2
2026-09-29T00:20:01+09:00,lounge,0
2026-09-29T00:20:01+09:00,mu,4
2026-09-29T00:20:01+09:00,omega,0
2026-09-29T00:20:01+09:00,omicron,3
2026-09-29T00:20:01+09:00,sigma,0
2026-09-29T00:20:01+09:00,tau,1
2026-09-29T00:20:01+09:00,theta,0
2026-09-29T00:20:01+09:00,all,25
2026-09-29T00:30:02+09:00,alpha,5
2026-09-29T00:30:02+09:00,delta,4
2026-09-29T00:30:02+09:00,epsilon,0
2026-09-29T00:30:02+09:00,iota,2
2026-09-29T00:30:02+09:00,kappa,4
2026-09-29T00:30:02+09:00,lambda,2
2026-09-29T00:30:02+09:00,lounge,0
2026-09-29T00:30:02+09:00,mu,4
2026-09-29T00:30:02+09:00,omega,0
2026-09-29T00:30:02+09:00,omicron,3
2026-09-29T00:30:02+09:00,sigma,0
2026-09-29T00:30:02+09:00,tau,3
2026-09-29T00:30:02+09:00,theta,0
2026-09-29T00:30:02+09:00,all,27
2026-09-29T00:40:01+09:00,alpha,5
2026-09-29T00:40:01+09:00,delta,4
2026-09-29T00:40:01+09:00,epsilon,0
2026-09-29T00:40:01+09:00,iota,2
2026-09-29T00:40:01+09:00,kappa,4
2026-09-29T00:40:01+09:00,lambda,2
2026-09-29T00:40:01+09:00,lounge,0
2026-09-29T00:40:01+09:00,mu,4
2026-09-29T00:40:01+09:00,omega,0
2026-09-29T00:40:01+09:00,omicron,3
2026-09-29T00:40:01+09:00,sigma,0
2026-09-29T00:40:01+09:00,tau,3
2026-09-29T00:40:01+09:00,theta,0
2026-09-29T00:40:01+09:00,all,27
2026-09-29T00:50:01+09:00,alpha,5
2026-09-29T00:50:01+09:00,delta,5
2026-09-29T00:50:01+09:00,epsilon,0
2026-09-29T00:50:01+09:00,iota,2
2026-09-29T00:50:01+09:00,kappa,4
2026-09-29T00:50:01+09:00,lambda,2
2026-09-29T00:50:01+09:00,lounge,0
2026-09-29T00:50:01+09:00,mu,4
2026-09-29T00:50:01+09:00,omega,0
2026-09-29T00:50:01+09:00,omicron,3
2026-09-29T00:50:01+09:00,sigma,0
2026-09-29T00:50:01+09:00,tau,5
2026-09-29T00:50:01+09:00,theta,0
2026-09-29T00:50:01+09:00,all,30
2026-09-29T01:00:01+09:00,alpha,5
2026-09-29T01:00:01+09:00,delta,5
2026-09-29T01:00:01+09:00,epsilon,0
2026-09-29T01:00:01+09:00,iota,2
2026-09-29T01:00:01+09:00,kappa,4
2026-09-29T01:00:01+09:00,lambda,3
2026-09-29T01:00:01+09:00,lounge,0
2026-09-29T01:00:01+09:00,mu,5
2026-09-29T01:00:01+09:00,omega,0
2026-09-29T01:00:01+09:00,omicron,4
2026-09-29T01:00:01+09:00,sigma,0
2026-09-29T01:00:01+09:00,tau,1
2026-09-29T01:00:01+09:00,theta,0
2026-09-29T01:00:01+09:00,all,29
2026-09-29T01:10:01+09:00,alpha,5
2026-09-29T01:10:01+09:00,delta,5
2026-09-29T01:10:01+09:00,epsilon,0
2026-09-29T01:10:01+09:00,iota,2
2026-09-29T01:10:01+09:00,kappa,4
2026-09-29T01:10:01+09:00,lambda,2
2026-09-29T01:10:01+09:00,lounge,0
2026-09-29T01:10:01+09:00,mu,6
2026-09-29T01:10:01+09:00,omega,0
2026-09-29T01:10:01+09:00,omicron,3
2026-09-29T01:10:01+09:00,sigma,0
2026-09-29T01:10:01+09:00,tau,0
2026-09-29T01:10:01+09:00,theta,0
2026-09-29T01:10:01+09:00,all,27
2026-09-29T01:20:01+09:00,alpha,5
2026-09-29T01:20:01+09:00,delta,5
2026-09-29T01:20:01+09:00,epsilon,0
2026-09-29T01:20:01+09:00,iota,2
2026-09-29T01:20:01+09:00,kappa,4
2026-09-29T01:20:01+09:00,lambda,2
2026-09-29T01:20:01+09:00,lounge,0
2026-09-29T01:20:01+09:00,mu,4
2026-09-29T01:20:01+09:00,omega,0
2026-09-29T01:20:01+09:00,omicron,3
2026-09-29T01:20:01+09:00,sigma,0
2026-09-29T01:20:01+09:00,tau,0
2026-09-29T01:20:01+09:00,theta,1
2026-09-29T01:20:01+09:00,all,26
2026-09-29T01:30:02+09:00,alpha,5
2026-09-29T01:30:02+09:00,delta,4
2026-09-29T01:30:02+09:00,epsilon,0
2026-09-29T01:30:02+09:00,iota,2
2026-09-29T01:30:02+09:00,kappa,4
2026-09-29T01:30:02+09:00,lambda,2
2026-09-29T01:30:02+09:00,lounge,0
2026-09-29T01:30:02+09:00,mu,4
2026-09-29T01:30:02+09:00,omega,0
2026-09-29T01:30:02+09:00,omicron,3
2026-09-29T01:30:02+09:00,sigma,0
2026-09-29T01:30:02+09:00,tau,0
2026-09-29T01:30:02+09:00,theta,0
2026-09-29T01:30:02+09:00,all,24
2026-09-29T01:40:02+09:00,alpha,5
2026-09-29T01:40:02+09:00,delta,4
2026-09-29T01:40:02+09:00,epsilon,0
2026-09-29T01:40:02+09:00,iota,2
2026-09-29T01:40:02+09:00,kappa,4
2026-09-29T01:40:02+09:00,lambda,2
2026-09-29T01:40:02+09:00,lounge,0
2026-09-29T01:40:02+09:00,mu,4
2026-09-29T01:40:02+09:00,omega,0
2026-09-29T01:40:02+09:00,omicron,3
2026-09-29T01:40:02+09:00,sigma,0
2026-09-29T01:40:02+09:00,tau,0
2026-09-29T01:40:02+09:00,theta,0
2026-09-29T01:40:02+09:00,all,24
2026-09-29T01:50:02+09:00,alpha,5
2026-09-29T01:50:02+09:00,delta,4
2026-09-29T01:50:02+09:00,epsilon,0
2026-09-29T01:50:02+09:00,iota,2
2026-09-29T01:50:02+09:00,kappa,4
2026-09-29T01:50:02+09:00,lambda,2
2026-09-29T01:50:02+09:00,lounge,0
2026-09-29T01:50:02+09:00,mu,4
2026-09-29T01:50:02+09:00,omega,1
2026-09-29T01:50:02+09:00,omicron,3
2026-09-29T01:50:02+09:00,sigma,0
2026-09-29T01:50:02+09:00,tau,0
2026-09-29T01:50:02+09:00,theta,0
2026-09-29T01:50:02+09:00,all,25
2026-09-29T02:00:01+09:00,alpha,5
2026-09-29T02:00:01+09:00,delta,4
2026-09-29T02:00:01+09:00,epsilon,0
2026-09-29T02:00:01+09:00,iota,2
2026-09-29T02:00:01+09:00,kappa,4
2026-09-29T02:00:01+09:00,lambda,2
2026-09-29T02:00:01+09:00,lounge,2
2026-09-29T02:00:01+09:00,mu,4
2026-09-29T02:00:01+09:00,omega,0
2026-09-29T02:00:01+09:00,omicron,3
2026-09-29T02:00:01+09:00,sigma,0
2026-09-29T02:00:01+09:00,tau,0
2026-09-29T02:00:01+09:00,theta,0
2026-09-29T02:00:01+09:00,all,26
2026-09-29T02:10:02+09:00,alpha,5
2026-09-29T02:10:02+09:00,delta,4
2026-09-29T02:10:02+09:00,epsilon,0
2026-09-29T02:10:02+09:00,iota,2
2026-09-29T02:10:02+09:00,kappa,5
2026-09-29T02:10:02+09:00,lambda,2
2026-09-29T02:10:02+09:00,lounge,0
2026-09-29T02:10:02+09:00,mu,4
2026-09-29T02:10:02+09:00,omega,0
2026-09-29T02:10:02+09:00,omicron,3
2026-09-29T02:10:02+09:00,sigma,0
2026-09-29T02:10:02+09:00,tau,0
2026-09-29T02:10:02+09:00,theta,0
2026-09-29T02:10:02+09:00,all,25
2026-09-29T02:20:01+09:00,alpha,5
2026-09-29T02:20:01+09:00,delta,4
2026-09-29T02:20:01+09:00,epsilon,0
2026-09-29T02:20:01+09:00,iota,2
2026-09-29T02:20:01+09:00,kappa,4
2026-09-29T02:20:01+09:00,lambda,2
2026-09-29T02:20:01+09:00,lounge,0
2026-09-29T02:20:01+09:00,mu,4
2026-09-29T02:20:01+09:00,omega,0
2026-09-29T02:20:01+09:00,omicron,3
2026-09-29T02:20:01+09:00,sigma,0
2026-09-29T02:20:01+09:00,tau,0
2026-09-29T02:20:01+09:00,theta,0
2026-09-29T02:20:01+09:00,all,24
2026-09-29T02:30:01+09:00,alpha,5
2026-09-29T02:30:01+09:00,delta,4
2026-09-29T02:30:01+09:00,epsilon,0
2026-09-29T02:30:01+09:00,iota,2
2026-09-29T02:30:01+09:00,kappa,4
2026-09-29T02:30:01+09:00,lambda,2
2026-09-29T02:30:01+09:00,lounge,0
2026-09-29T02:30:01+09:00,mu,4
2026-09-29T02:30:01+09:00,omega,0
2026-09-29T02:30:01+09:00,omicron,3
2026-09-29T02:30:01+09:00,sigma,0
2026-09-29T02:30:01+09:00,tau,0
2026-09-29T02:30:01+09:00,theta,0
2026-09-29T02:30:01+09:00,all,24
2026-09-29T02:40:01+09:00,alpha,5
2026-09-29T02:40:01+09:00,delta,4
2026-09-29T02:40:01+09:00,epsilon,0
2026-09-29T02:40:01+09:00,iota,2
2026-09-29T02:40:01+09:00,kappa,4
2026-09-29T02:40:01+09:00,lambda,2
2026-09-29T02:40:01+09:00,lounge,0
2026-09-29T02:40:01+09:00,mu,4
2026-09-29T02:40:01+09:00,omega,0
2026-09-29T02:40:01+09:00,omicron,3
2026-09-29T02:40:01+09:00,sigma,0
2026-09-29T02:40:01+09:00,tau,0
2026-09-29T02:40:01+09:00,theta,0
2026-09-29T02:40:01+09:00,all,24
2026-09-29T02:50:01+09:00,alpha,5
2026-09-29T02:50:01+09:00,delta,4
2026-09-29T02:50:01+09:00,epsilon,0
2026-09-29T02:50:01+09:00,iota,2
2026-09-29T02:50:01+09:00,kappa,4
2026-09-29T02:50:01+09:00,lambda,2
2026-09-29T02:50:01+09:00,lounge,0
2026-09-29T02:50:01+09:00,mu,4
2026-09-29T02:50:01+09:00,omega,0
2026-09-29T02:50:01+09:00,omicron,3
2026-09-29T02:50:01+09:00,sigma,0
2026-09-29T02:50:01+09:00,tau,0
2026-09-29T02:50:01+09:00,theta,0
2026-09-29T02:50:01+09:00,all,24
2026-09-29T03:00:02+09:00,alpha,5
2026-09-29T03:00:02+09:00,delta,4
2026-09-29T03:00:02+09:00,epsilon,0
2026-09-29T03:00:02+09:00,iota,2
2026-09-29T03:00:02+09:00,kappa,4
2026-09-29T03:00:02+09:00,lambda,2
2026-09-29T03:00:02+09:00,lounge,0
2026-09-29T03:00:02+09:00,mu,4
2026-09-29T03:00:02+09:00,omega,0
2026-09-29T03:00:02+09:00,omicron,3
2026-09-29T03:00:02+09:00,sigma,0
2026-09-29T03:00:02+09:00,tau,0
2026-09-29T03:00:02+09:00,theta,0
2026-09-29T03:00:02+09:00,all,24
2026-09-29T03:10:01+09:00,alpha,5
2026-09-29T03:10:01+09:00,delta,4
2026-09-29T03:10:01+09:00,epsilon,0
2026-09-29T03:10:01+09:00,iota,2
2026-09-29T03:10:01+09:00,kappa,4
2026-09-29T03:10:01+09:00,lambda,2
2026-09-29T03:10:01+09:00,lounge,0
2026-09-29T03:10:01+09:00,mu,4
2026-09-29T03:10:01+09:00,omega,0
2026-09-29T03:10:01+09:00,omicron,3
2026-09-29T03:10:01+09:00,sigma,0
2026-09-29T03:10:01+09:00,tau,0
2026-09-29T03:10:01+09:00,theta,0
2026-09-29T03:10:01+09:00,all,24
2026-09-29T03:20:01+09:00,alpha,5
2026-09-29T03:20:01+09:00,delta,4
2026-09-29T03:20:01+09:00,epsilon,0
2026-09-29T03:20:01+09:00,iota,2
2026-09-29T03:20:01+09:00,kappa,4
2026-09-29T03:20:01+09:00,lambda,2
2026-09-29T03:20:01+09:00,lounge,0
2026-09-29T03:20:01+09:00,mu,4
2026-09-29T03:20:01+09:00,omega,0
2026-09-29T03:20:01+09:00,omicron,3
2026-09-29T03:20:01+09:00,sigma,0
2026-09-29T03:20:01+09:00,tau,0
2026-09-29T03:20:01+09:00,theta,0
2026-09-29T03:20:01+09:00,all,24
2026-09-29T03:30:01+09:00,alpha,5
2026-09-29T03:30:01+09:00,delta,4
2026-09-29T03:30:01+09:00,epsilon,0
2026-09-29T03:30:01+09:00,iota,2
2026-09-29T03:30:01+09:00,kappa,4
2026-09-29T03:30:01+09:00,lambda,2
2026-09-29T03:30:01+09:00,lounge,0
2026-09-29T03:30:01+09:00,mu,4
2026-09-29T03:30:01+09:00,omega,0
2026-09-29T03:30:01+09:00,omicron,3
2026-09-29T03:30:01+09:00,sigma,0
2026-09-29T03:30:01+09:00,tau,0
2026-09-29T03:30:01+09:00,theta,0
2026-09-29T03:30:01+09:00,all,24
2026-09-29T03:40:01+09:00,alpha,5
2026-09-29T03:40:01+09:00,delta,4
2026-09-29T03:40:01+09:00,epsilon,0
2026-09-29T03:40:01+09:00,iota,2
2026-09-29T03:40:01+09:00,kappa,4
2026-09-29T03:40:01+09:00,lambda,2
2026-09-29T03:40:01+09:00,lounge,0
2026-09-29T03:40:01+09:00,mu,4
2026-09-29T03:40:01+09:00,omega,0
2026-09-29T03:40:01+09:00,omicron,3
2026-09-29T03:40:01+09:00,sigma,0
2026-09-29T03:40:01+09:00,tau,0
2026-09-29T03:40:01+09:00,theta,0
2026-09-29T03:40:01+09:00,all,24
2026-09-29T03:50:01+09:00,alpha,5
2026-09-29T03:50:01+09:00,delta,4
2026-09-29T03:50:01+09:00,epsilon,0
2026-09-29T03:50:01+09:00,iota,2
2026-09-29T03:50:01+09:00,kappa,4
2026-09-29T03:50:01+09:00,lambda,2
2026-09-29T03:50:01+09:00,lounge,0
2026-09-29T03:50:01+09:00,mu,4
2026-09-29T03:50:01+09:00,omega,0
2026-09-29T03:50:01+09:00,omicron,3
2026-09-29T03:50:01+09:00,sigma,0
2026-09-29T03:50:01+09:00,tau,0
2026-09-29T03:50:01+09:00,theta,0
2026-09-29T03:50:01+09:00,all,24
2026-09-29T04:00:01+09:00,alpha,5
2026-09-29T04:00:01+09:00,delta,4
2026-09-29T04:00:01+09:00,epsilon,0
2026-09-29T04:00:01+09:00,iota,2
2026-09-29T04:00:01+09:00,kappa,4
2026-09-29T04:00:01+09:00,lambda,2
2026-09-29T04:00:01+09:00,lounge,0
2026-09-29T04:00:01+09:00,mu,4
2026-09-29T04:00:01+09:00,omega,0
2026-09-29T04:00:01+09:00,omicron,3
2026-09-29T04:00:01+09:00,sigma,0
2026-09-29T04:00:01+09:00,tau,0
2026-09-29T04:00:01+09:00,theta,0
2026-09-29T04:00:01+09:00,all,24
2026-09-29T04:10:01+09:00,alpha,5
2026-09-29T04:10:01+09:00,delta,4
2026-09-29T04:10:01+09:00,epsilon,0
2026-09-29T04:10:01+09:00,iota,2
2026-09-29T04:10:01+09:00,kappa,4
2026-09-29T04:10:01+09:00,lambda,2
2026-09-29T04:10:01+09:00,lounge,0
2026-09-29T04:10:01+09:00,mu,4
2026-09-29T04:10:01+09:00,omega,0
2026-09-29T04:10:01+09:00,omicron,3
2026-09-29T04:10:01+09:00,sigma,0
2026-09-29T04:10:01+09:00,tau,0
2026-09-29T04:10:01+09:00,theta,0
2026-09-29T04:10:01+09:00,all,24
2026-09-29T04:20:02+09:00,alpha,5
2026-09-29T04:20:02+09:00,delta,4
2026-09-29T04:20:02+09:00,epsilon,0
2026-09-29T04:20:02+09:00,iota,2
2026-09-29T04:20:02+09:00,kappa,4
2026-09-29T04:20:02+09:00,lambda,2
2026-09-29T04:20:02+09:00,lounge,0
2026-09-29T04:20:02+09:00,mu,4
2026-09-29T04:20:02+09:00,omega,0
2026-09-29T04:20:02+09:00,omicron,3
2026-09-29T04:20:02+09:00,sigma,0
2026-09-29T04:20:02+09:00,tau,0
2026-09-29T04:20:02+09:00,theta,0
2026-09-29T04:20:02+09:00,all,24
2026-09-29T04:30:02+09:00,alpha,5
2026-09-29T04:30:02+09:00,delta,4
2026-09-29T04:30:02+09:00,epsilon,0
2026-09-29T04:30:02+09:00,iota,2
2026-09-29T04:30:02+09:00,kappa,4
2026-09-29T04:30:02+09:00,lambda,2
2026-09-29T04:30:02+09:00,lounge,0
2026-09-29T04:30:02+09:00,mu,4
2026-09-29T04:30:02+09:00,omega,0
2026-09-29T04:30:02+09:00,omicron,4
2026-09-29T04:30:02+09:00,sigma,0
2026-09-29T04:30:02+09:00,tau,0
2026-09-29T04:30:02+09:00,theta,0
2026-09-29T04:30:02+09:00,all,25
2026-09-29T04:40:02+09:00,alpha,5
2026-09-29T04:40:02+09:00,delta,4
2026-09-29T04:40:02+09:00,epsilon,0
2026-09-29T04:40:02+09:00,iota,2
2026-09-29T04:40:02+09:00,kappa,4
2026-09-29T04:40:02+09:00,lambda,2
2026-09-29T04:40:02+09:00,lounge,0
2026-09-29T04:40:02+09:00,mu,4
2026-09-29T04:40:02+09:00,omega,0
2026-09-29T04:40:02+09:00,omicron,4
2026-09-29T04:40:02+09:00,sigma,0
2026-09-29T04:40:02+09:00,tau,0
2026-09-29T04:40:02+09:00,theta,0
2026-09-29T04:40:02+09:00,all,25
2026-09-29T04:50:02+09:00,alpha,5
2026-09-29T04:50:02+09:00,delta,4
2026-09-29T04:50:02+09:00,epsilon,0
2026-09-29T04:50:02+09:00,iota,2
2026-09-29T04:50:02+09:00,kappa,4
2026-09-29T04:50:02+09:00,lambda,2
2026-09-29T04:50:02+09:00,lounge,0
2026-09-29T04:50:02+09:00,mu,4
2026-09-29T04:50:02+09:00,omega,0
2026-09-29T04:50:02+09:00,omicron,4
2026-09-29T04:50:02+09:00,sigma,0
2026-09-29T04:50:02+09:00,tau,0
2026-09-29T04:50:02+09:00,theta,0
2026-09-29T04:50:02+09:00,all,25
2026-09-29T05:00:01+09:00,alpha,5
2026-09-29T05:00:01+09:00,delta,4
2026-09-29T05:00:01+09:00,epsilon,0
2026-09-29T05:00:01+09:00,iota,2
2026-09-29T05:00:01+09:00,kappa,4
2026-09-29T05:00:01+09:00,lambda,2
2026-09-29T05:00:01+09:00,lounge,0
2026-09-29T05:00:01+09:00,mu,4
2026-09-29T05:00:01+09:00,omega,0
2026-09-29T05:00:01+09:00,omicron,4
2026-09-29T05:00:01+09:00,sigma,0
2026-09-29T05:00:01+09:00,tau,0
2026-09-29T05:00:01+09:00,theta,0
2026-09-29T05:00:01+09:00,all,25
2026-09-29T05:10:01+09:00,alpha,5
2026-09-29T05:10:01+09:00,delta,4
2026-09-29T05:10:01+09:00,epsilon,0
2026-09-29T05:10:01+09:00,iota,2
2026-09-29T05:10:01+09:00,kappa,4
2026-09-29T05:10:01+09:00,lambda,2
2026-09-29T05:10:01+09:00,lounge,0
2026-09-29T05:10:01+09:00,mu,4
2026-09-29T05:10:01+09:00,omega,0
2026-09-29T05:10:01+09:00,omicron,4
2026-09-29T05:10:01+09:00,sigma,0
2026-09-29T05:10:01+09:00,tau,0
2026-09-29T05:10:01+09:00,theta,0
2026-09-29T05:10:01+09:00,all,25
2026-09-29T05:10:01+09:00,kappa,4
2026-09-29T05:10:01+09:00,epsilon,0
2026-09-29T05:10:01+09:00,iota,2
2026-09-29T05:10:01+09:00,omicron,4
2026-09-29T05:10:01+09:00,delta,4
2026-09-29T05:10:01+09:00,tau,0
2026-09-29T05:10:01+09:00,mu,4
2026-09-29T05:10:01+09:00,omega,0
2026-09-29T05:10:01+09:00,alpha,5
2026-09-29T05:10:01+09:00,theta,0
2026-09-29T05:10:01+09:00,lambda,2
2026-09-29T05:10:01+09:00,sigma,0
2026-09-29T05:10:01+09:00,lounge,0
2026-09-29T05:10:01+09:00,all,25
2026-09-29T05:20:01+09:00,kappa,4
2026-09-29T05:20:01+09:00,epsilon,0
2026-09-29T05:20:01+09:00,iota,2
2026-09-29T05:20:01+09:00,omicron,4
2026-09-29T05:20:01+09:00,delta,4
2026-09-29T05:20:01+09:00,tau,0
2026-09-29T05:20:01+09:00,mu,4
2026-09-29T05:20:01+09:00,omega,0
2026-09-29T05:20:01+09:00,alpha,5
2026-09-29T05:20:01+09:00,theta,0
2026-09-29T05:20:01+09:00,lambda,4
2026-09-29T05:20:01+09:00,sigma,0
2026-09-29T05:20:01+09:00,lounge,0
2026-09-29T05:20:01+09:00,all,27
2026-09-29T05:30:01+09:00,kappa,4
2026-09-29T05:30:01+09:00,epsilon,0
2026-09-29T05:30:01+09:00,iota,2
2026-09-29T05:30:01+09:00,omicron,4
2026-09-29T05:30:01+09:00,delta,4
2026-09-29T05:30:01+09:00,tau,0
2026-09-29T05:30:01+09:00,mu,4
2026-09-29T05:30:01+09:00,omega,0
2026-09-29T05:30:01+09:00,alpha,5
2026-09-29T05:30:01+09:00,theta,0
2026-09-29T05:30:01+09:00,lambda,4
2026-09-29T05:30:01+09:00,sigma,0
2026-09-29T05:30:01+09:00,lounge,0
2026-09-29T05:30:01+09:00,all,27
2026-09-29T05:40:01+09:00,kappa,4
2026-09-29T05:40:01+09:00,epsilon,0
2026-09-29T05:40:01+09:00,iota,2
2026-09-29T05:40:01+09:00,omicron,4
2026-09-29T05:40:01+09:00,delta,4
2026-09-29T05:40:01+09:00,tau,0
2026-09-29T05:40:01+09:00,mu,5
2026-09-29T05:40:01+09:00,omega,0
2026-09-29T05:40:01+09:00,alpha,5
2026-09-29T05:40:01+09:00,theta,0
2026-09-29T05:40:01+09:00,lambda,4
2026-09-29T05:40:01+09:00,sigma,0
2026-09-29T05:40:01+09:00,lounge,0
2026-09-29T05:40:01+09:00,all,28
2026-09-29T05:50:02+09:00,kappa,4
2026-09-29T05:50:02+09:00,epsilon,0
2026-09-29T05:50:02+09:00,iota,2
2026-09-29T05:50:02+09:00,omicron,4
2026-09-29T05:50:02+09:00,delta,4
2026-09-29T05:50:02+09:00,tau,0
2026-09-29T05:50:02+09:00,mu,4
2026-09-29T05:50:02+09:00,omega,0
2026-09-29T05:50:02+09:00,alpha,5
2026-09-29T05:50:02+09:00,theta,0
2026-09-29T05:50:02+09:00,lambda,4
2026-09-29T05:50:02+09:00,sigma,0
2026-09-29T05:50:02+09:00,lounge,0
2026-09-29T05:50:02+09:00,all,27
2026-09-29T06:00:02+09:00,kappa,4
2026-09-29T06:00:02+09:00,epsilon,0
2026-09-29T06:00:02+09:00,iota,2
2026-09-29T06:00:02+09:00,omicron,4
2026-09-29T06:00:02+09:00,delta,4
2026-09-29T06:00:02+09:00,tau,0
2026-09-29T06:00:02+09:00,mu,4
2026-09-29T06:00:02+09:00,omega,0
2026-09-29T06:00:02+09:00,alpha,5
2026-09-29T06:00:02+09:00,theta,0
2026-09-29T06:00:02+09:00,lambda,4
2026-09-29T06:00:02+09:00,sigma,0
2026-09-29T06:00:02+09:00,lounge,0
2026-09-29T06:00:02+09:00,all,27
2026-09-29T06:10:02+09:00,kappa,4
2026-09-29T06:10:02+09:00,epsilon,0
2026-09-29T06:10:02+09:00,iota,2
2026-09-29T06:10:02+09:00,omicron,4
2026-09-29T06:10:02+09:00,delta,4
2026-09-29T06:10:02+09:00,tau,0
2026-09-29T06:10:02+09:00,mu,4
2026-09-29T06:10:02+09:00,omega,0
2026-09-29T06:10:02+09:00,alpha,5
2026-09-29T06:10:02+09:00,theta,0
2026-09-29T06:10:02+09:00,lambda,4
2026-09-29T06:10:02+09:00,sigma,0
2026-09-29T06:10:02+09:00,lounge,0
2026-09-29T06:10:02+09:00,all,27
2026-09-29T06:20:02+09:00,kappa,4
2026-09-29T06:20:02+09:00,epsilon,0
2026-09-29T06:20:02+09:00,iota,2
2026-09-29T06:20:02+09:00,omicron,4
2026-09-29T06:20:02+09:00,delta,4
2026-09-29T06:20:02+09:00,tau,0
2026-09-29T06:20:02+09:00,mu,4
2026-09-29T06:20:02+09:00,omega,0
2026-09-29T06:20:02+09:00,alpha,5
2026-09-29T06:20:02+09:00,theta,0
2026-09-29T06:20:02+09:00,lambda,4
2026-09-29T06:20:02+09:00,sigma,0
2026-09-29T06:20:02+09:00,lounge,0
2026-09-29T06:20:02+09:00,all,27
2026-09-29T06:30:01+09:00,kappa,4
2026-09-29T06:30:01+09:00,epsilon,0
2026-09-29T06:30:01+09:00,iota,2
2026-09-29T06:30:01+09:00,omicron,4
2026-09-29T06:30:01+09:00,delta,4
2026-09-29T06:30:01+09:00,tau,0
2026-09-29T06:30:01+09:00,mu,4
2026-09-29T06:30:01+09:00,omega,0
2026-09-29T06:30:01+09:00,alpha,5
2026-09-29T06:30:01+09:00,theta,0
2026-09-29T06:30:01+09:00,lambda,4
2026-09-29T06:30:01+09:00,sigma,0
2026-09-29T06:30:01+09:00,lounge,0
2026-09-29T06:30:01+09:00,all,27
2026-09-29T06:40:01+09:00,kappa,4
2026-09-29T06:40:01+09:00,epsilon,0
2026-09-29T06:40:01+09:00,iota,2
2026-09-29T06:40:01+09:00,omicron,4
2026-09-29T06:40:01+09:00,delta,4
2026-09-29T06:40:01+09:00,tau,0
2026-09-29T06:40:01+09:00,mu,4
2026-09-29T06:40:01+09:00,omega,0
2026-09-29T06:40:01+09:00,alpha,5
2026-09-29T06:40:01+09:00,theta,1
2026-09-29T06:40:01+09:00,lambda,4
2026-09-29T06:40:01+09:00,sigma,0
2026-09-29T06:40:01+09:00,lounge,0
2026-09-29T06:40:01+09:00,all,28
2026-09-29T06:55:01+09:00,kappa,4
2026-09-29T06:55:01+09:00,epsilon,0
2026-09-29T06:55:01+09:00,iota,2
2026-09-29T06:55:01+09:00,omicron,4
2026-09-29T06:55:01+09:00,delta,4
2026-09-29T06:55:01+09:00,tau,0
2026-09-29T06:55:01+09:00,mu,4
2026-09-29T06:55:01+09:00,omega,0
2026-09-29T06:55:01+09:00,alpha,5
2026-09-29T06:55:01+09:00,theta,1
2026-09-29T06:55:01+09:00,lambda,4
2026-09-29T06:55:01+09:00,sigma,0
2026-09-29T06:55:01+09:00,lounge,0
2026-09-29T06:55:01+09:00,all,28
2026-09-29T07:05:01+09:00,kappa,4
2026-09-29T07:05:01+09:00,epsilon,0
2026-09-29T07:05:01+09:00,iota,2
2026-09-29T07:05:01+09:00,omicron,4
2026-09-29T07:05:01+09:00,delta,4
2026-09-29T07:05:01+09:00,tau,0
2026-09-29T07:05:01+09:00,mu,5
2026-09-29T07:05:01+09:00,omega,0
2026-09-29T07:05:01+09:00,alpha,5
2026-09-29T07:05:01+09:00,theta,1
2026-09-29T07:05:01+09:00,lambda,4
2026-09-29T07:05:01+09:00,sigma,0
2026-09-29T07:05:01+09:00,lounge,0
2026-09-29T07:05:01+09:00,all,29
2026-09-29T07:15:01+09:00,kappa,4
2026-09-29T07:15:01+09:00,epsilon,0
2026-09-29T07:15:01+09:00,iota,2
2026-09-29T07:15:01+09:00,omicron,4
2026-09-29T07:15:01+09:00,delta,4
2026-09-29T07:15:01+09:00,tau,0
2026-09-29T07:15:01+09:00,mu,4
2026-09-29T07:15:01+09:00,omega,0
2026-09-29T07:15:01+09:00,alpha,5
2026-09-29T07:15:01+09:00,theta,1
2026-09-29T07:15:01+09:00,lambda,4
2026-09-29T07:15:01+09:00,sigma,0
2026-09-29T07:15:01+09:00,lounge,0
2026-09-29T07:15:01+09:00,all,28
2026-09-29T07:25:01+09:00,kappa,4
2026-09-29T07:25:01+09:00,epsilon,0
2026-09-29T07:25:01+09:00,iota,2
2026-09-29T07:25:01+09:00,omicron,4
2026-09-29T07:25:01+09:00,delta,4
2026-09-29T07:25:01+09:00,tau,0
2026-09-29T07:25:01+09:00,mu,4
2026-09-29T07:25:01+09:00,omega,0
2026-09-29T07:25:01+09:00,alpha,5
2026-09-29T07:25:01+09:00,theta,2
2026-09-29T07:25:01+09:00,lambda,4
2026-09-29T07:25:01+09:00,sigma,0
2026-09-29T07:25:01+09:00,lounge,0
2026-09-29T07:25:01+09:00,all,29
2026-09-29T07:35:02+09:00,kappa,4
2026-09-29T07:35:02+09:00,epsilon,0
2026-09-29T07:35:02+09:00,iota,2
2026-09-29T07:35:02+09:00,omicron,4
2026-09-29T07:35:02+09:00,delta,4
2026-09-29T07:35:02+09:00,tau,0
2026-09-29T07:35:02+09:00,mu,4
2026-09-29T07:35:02+09:00,omega,0
2026-09-29T07:35:02+09:00,alpha,6
2026-09-29T07:35:02+09:00,theta,2
2026-09-29T07:35:02+09:00,lambda,4
2026-09-29T07:35:02+09:00,sigma,0
2026-09-29T07:35:02+09:00,lounge,0
2026-09-29T07:35:02+09:00,all,30
2026-09-29T07:45:01+09:00,kappa,4
2026-09-29T07:45:01+09:00,epsilon,0
2026-09-29T07:45:01+09:00,iota,2
2026-09-29T07:45:01+09:00,omicron,4
2026-09-29T07:45:01+09:00,delta,4
2026-09-29T07:45:01+09:00,tau,0
2026-09-29T07:45:01+09:00,mu,5
2026-09-29T07:45:01+09:00,omega,0
2026-09-29T07:45:01+09:00,alpha,5
2026-09-29T07:45:01+09:00,theta,1
2026-09-29T07:45:01+09:00,lambda,4
2026-09-29T07:45:01+09:00,sigma,0
2026-09-29T07:45:01+09:00,lounge,0
2026-09-29T07:45:01+09:00,all,29
2026-09-29T07:55:01+09:00,kappa,4
2026-09-29T07:55:01+09:00,epsilon,0
2026-09-29T07:55:01+09:00,iota,2
2026-09-29T07:55:01+09:00,omicron,4
2026-09-29T07:55:01+09:00,delta,4
2026-09-29T07:55:01+09:00,tau,0
2026-09-29T07:55:01+09:00,mu,5
2026-09-29T07:55:01+09:00,omega,0
2026-09-29T07:55:01+09:00,alpha,10
2026-09-29T07:55:01+09:00,theta,1
2026-09-29T07:55:01+09:00,lambda,4
2026-09-29T07:55:01+09:00,sigma,0
2026-09-29T07:55:01+09:00,lounge,0
2026-09-29T07:55:01+09:00,all,34
2026-09-29T08:05:01+09:00,kappa,4
2026-09-29T08:05:01+09:00,epsilon,0
2026-09-29T08:05:01+09:00,iota,2
2026-09-29T08:05:01+09:00,omicron,4
2026-09-29T08:05:01+09:00,delta,4
2026-09-29T08:05:01+09:00,tau,0
2026-09-29T08:05:01+09:00,mu,5
2026-09-29T08:05:01+09:00,omega,0
2026-09-29T08:05:01+09:00,alpha,11
2026-09-29T08:05:01+09:00,theta,1
2026-09-29T08:05:01+09:00,lambda,4
2026-09-29T08:05:01+09:00,sigma,0
2026-09-29T08:05:01+09:00,lounge,0
2026-09-29T08:05:01+09:00,all,35
2026-09-29T08:15:01+09:00,kappa,4
2026-09-29T08:15:01+09:00,epsilon,0
2026-09-29T08:15:01+09:00,iota,2
2026-09-29T08:15:01+09:00,omicron,4
2026-09-29T08:15:01+09:00,delta,4
2026-09-29T08:15:01+09:00,tau,0
2026-09-29T08:15:01+09:00,mu,6
2026-09-29T08:15:01+09:00,omega,0
2026-09-29T08:15:01+09:00,alpha,19
2026-09-29T08:15:01+09:00,theta,1
2026-09-29T08:15:01+09:00,lambda,4
2026-09-29T08:15:01+09:00,sigma,0
2026-09-29T08:15:01+09:00,lounge,0
2026-09-29T08:15:01+09:00,all,44
2026-09-29T08:25:02+09:00,kappa,4
2026-09-29T08:25:02+09:00,epsilon,0
2026-09-29T08:25:02+09:00,iota,2
2026-09-29T08:25:02+09:00,omicron,4
2026-09-29T08:25:02+09:00,delta,4
2026-09-29T08:25:02+09:00,tau,0
2026-09-29T08:25:02+09:00,mu,5
2026-09-29T08:25:02+09:00,omega,0
2026-09-29T08:25:02+09:00,alpha,20
2026-09-29T08:25:02+09:00,theta,1
2026-09-29T08:25:02+09:00,lambda,4
2026-09-29T08:25:02+09:00,sigma,1
2026-09-29T08:25:02+09:00,lounge,0
2026-09-29T08:25:02+09:00,all,45
2026-09-29T08:35:01+09:00,kappa,4
2026-09-29T08:35:01+09:00,epsilon,0
2026-09-29T08:35:01+09:00,iota,2
2026-09-29T08:35:01+09:00,omicron,4
2026-09-29T08:35:01+09:00,delta,4
2026-09-29T08:35:01+09:00,tau,0
2026-09-29T08:35:01+09:00,mu,6
2026-09-29T08:35:01+09:00,omega,1
2026-09-29T08:35:01+09:00,alpha,27
2026-09-29T08:35:01+09:00,theta,1
2026-09-29T08:35:01+09:00,lambda,4
2026-09-29T08:35:01+09:00,sigma,1
2026-09-29T08:35:01+09:00,lounge,0
2026-09-29T08:35:01+09:00,all,54
2026-09-29T08:45:01+09:00,kappa,4
2026-09-29T08:45:01+09:00,epsilon,0
2026-09-29T08:45:01+09:00,iota,3
2026-09-29T08:45:01+09:00,omicron,4
2026-09-29T08:45:01+09:00,delta,4
2026-09-29T08:45:01+09:00,tau,0
2026-09-29T08:45:01+09:00,mu,12
2026-09-29T08:45:01+09:00,omega,0
2026-09-29T08:45:01+09:00,alpha,47
2026-09-29T08:45:01+09:00,theta,2
2026-09-29T08:45:01+09:00,lambda,10
2026-09-29T08:45:01+09:00,sigma,2
2026-09-29T08:45:01+09:00,lounge,0
2026-09-29T08:45:01+09:00,all,88
2026-09-29T08:55:01+09:00,kappa,4
2026-09-29T08:55:01+09:00,epsilon,0
2026-09-29T08:55:01+09:00,iota,4
2026-09-29T08:55:01+09:00,omicron,4
2026-09-29T08:55:01+09:00,delta,4
2026-09-29T08:55:01+09:00,tau,0
2026-09-29T08:55:01+09:00,mu,17
2026-09-29T08:55:01+09:00,omega,0
2026-09-29T08:55:01+09:00,alpha,79
2026-09-29T08:55:01+09:00,theta,3
2026-09-29T08:55:01+09:00,lambda,5
2026-09-29T08:55:01+09:00,sigma,1
2026-09-29T08:55:01+09:00,lounge,0
2026-09-29T08:55:01+09:00,all,121
2026-09-29T09:05:02+09:00,kappa,4
2026-09-29T09:05:02+09:00,epsilon,1
2026-09-29T09:05:02+09:00,iota,4
2026-09-29T09:05:02+09:00,omicron,5
2026-09-29T09:05:02+09:00,delta,4
2026-09-29T09:05:02+09:00,tau,0
2026-09-29T09:05:02+09:00,mu,19
2026-09-29T09:05:02+09:00,omega,0
2026-09-29T09:05:02+09:00,alpha,90
2026-09-29T09:05:02+09:00,theta,3
2026-09-29T09:05:02+09:00,lambda,4
2026-09-29T09:05:02+09:00,sigma,0
2026-09-29T09:05:02+09:00,lounge,0
2026-09-29T09:05:02+09:00,all,134
2026-09-29T09:15:02+09:00,kappa,4
2026-09-29T09:15:02+09:00,epsilon,1
2026-09-29T09:15:02+09:00,iota,5
2026-09-29T09:15:02+09:00,omicron,7
2026-09-29T09:15:02+09:00,delta,4
2026-09-29T09:15:02+09:00,tau,0
2026-09-29T09:15:02+09:00,mu,20
2026-09-29T09:15:02+09:00,omega,3
2026-09-29T09:15:02+09:00,alpha,89
2026-09-29T09:15:02+09:00,theta,1
2026-09-29T09:15:02+09:00,lambda,6
2026-09-29T09:15:02+09:00,sigma,0
2026-09-29T09:15:02+09:00,lounge,0
2026-09-29T09:15:02+09:00,all,140
2026-09-29T09:25:01+09:00,kappa,6
2026-09-29T09:25:01+09:00,epsilon,1
2026-09-29T09:25:01+09:00,iota,4
2026-09-29T09:25:01+09:00,omicron,8
2026-09-29T09:25:01+09:00,delta,4
2026-09-29T09:25:01+09:00,tau,0
2026-09-29T09:25:01+09:00,mu,25
2026-09-29T09:25:01+09:00,omega,0
2026-09-29T09:25:01+09:00,alpha,93
2026-09-29T09:25:01+09:00,theta,2
2026-09-29T09:25:01+09:00,lambda,6
2026-09-29T09:25:01+09:00,sigma,0
2026-09-29T09:25:01+09:00,lounge,0
2026-09-29T09:25:01+09:00,all,149
2026-09-29T09:35:01+09:00,kappa,7
2026-09-29T09:35:01+09:00,epsilon,3
2026-09-29T09:35:01+09:00,iota,4
2026-09-29T09:35:01+09:00,omicron,8
2026-09-29T09:35:01+09:00,delta,6
2026-09-29T09:35:01+09:00,tau,1
2026-09-29T09:35:01+09:00,mu,26
2026-09-29T09:35:01+09:00,omega,1
2026-09-29T09:35:01+09:00,alpha,95
2026-09-29T09:35:01+09:00,theta,4
2026-09-29T09:35:01+09:00,lambda,6
2026-09-29T09:35:01+09:00,sigma,0
2026-09-29T09:35:01+09:00,lounge,0
2026-09-29T09:35:01+09:00,all,161
2026-09-29T09:45:01+09:00,kappa,7
2026-09-29T09:45:01+09:00,epsilon,6
2026-09-29T09:45:01+09:00,iota,4
2026-09-29T09:45:01+09:00,omicron,9
2026-09-29T09:45:01+09:00,delta,6
2026-09-29T09:45:01+09:00,tau,1
2026-09-29T09:45:01+09:00,mu,28
2026-09-29T09:45:01+09:00,omega,0
2026-09-29T09:45:01+09:00,alpha,99
2026-09-29T09:45:01+09:00,theta,1
2026-09-29T09:45:01+09:00,lambda,7
2026-09-29T09:45:01+09:00,sigma,0
2026-09-29T09:45:01+09:00,lounge,0
2026-09-29T09:45:01+09:00,all,168
2026-09-29T09:55:02+09:00,kappa,9
2026-09-29T09:55:02+09:00,epsilon,6
2026-09-29T09:55:02+09:00,iota,6
2026-09-29T09:55:02+09:00,omicron,15
2026-09-29T09:55:02+09:00,delta,6
2026-09-29T09:55:02+09:00,tau,1
2026-09-29T09:55:02+09:00,mu,30
2026-09-29T09:55:02+09:00,omega,0
2026-09-29T09:55:02+09:00,alpha,99
2026-09-29T09:55:02+09:00,theta,2
2026-09-29T09:55:02+09:00,lambda,6
2026-09-29T09:55:02+09:00,sigma,0
2026-09-29T09:55:02+09:00,lounge,0
2026-09-29T09:55:02+09:00,all,180
2026-09-29T10:05:02+09:00,kappa,11
2026-09-29T10:05:02+09:00,epsilon,4
2026-09-29T10:05:02+09:00,iota,8
2026-09-29T10:05:02+09:00,omicron,31
2026-09-29T10:05:02+09:00,delta,7
2026-09-29T10:05:02+09:00,tau,1
2026-09-29T10:05:02+09:00,mu,30
2026-09-29T10:05:02+09:00,omega,2
2026-09-29T10:05:02+09:00,alpha,104
2026-09-29T10:05:02+09:00,theta,1
2026-09-29T10:05:02+09:00,lambda,6
2026-09-29T10:05:02+09:00,sigma,1
2026-09-29T10:05:02+09:00,lounge,0
2026-09-29T10:05:02+09:00,all,206
