timestamp,total,kappa,epsilon,iota,omicron,delta,tau,mu,omega,alpha,theta,lambda,sigma,lounge
2026-08-03T01:50:01+09:00,0,,,,,,,,,,,,,
2026-08-03T02:00:01+09:00,5,,,,,5,,,,,,,,
2026-08-03T02:10:01+09:00,5,,,,,5,,,,,,,,
2026-08-03T02:20:01+09:00,5,,,,,5,,,,,,,,
2026-08-03T02:30:01+09:00,5,,,,,5,,,,,,,,
2026-08-03T02:40:01+09:00,4,,,,,4,,,,,,,,
2026-08-03T02:50:01+09:00,3,,,,,3,,,,,,,,
2026-08-03T03:00:01+09:00,3,,,,,3,,,,,,,,
2026-08-03T03:10:01+09:00,3,,,,,3,,,,,,,,
2026-08-03T03:20:01+09:00,3,,,,,3,,,,,,,,
2026-08-03T03:30:01+09:00,3,,,,,3,,,,,,,,
2026-08-03T03:40:01+09:00,3,,,,,3,,,,,,,,
2026-08-03T03:50:01+09:00,3,,,,,3,,,,,,,,
2026-08-03T04:00:01+09:00,3,,,,,3,,,,,,,,
2026-08-03T04:10:01+09:00,3,,,,,3,,,,,,,,
2026-08-03T04:20:01+09:00,3,,,,,3,,,,,,,,
2026-08-03T04:30:01+09:00,3,,,,,3,,,,,,,,
2026-08-03T04:40:01+09:00,3,,,,,3,,,,,,,,
2026-08-03T04:50:01+09:00,3,,,,,3,,,,,,,,
2026-08-03T05:00:01+09:00,3,,,,,3,,,,,,,,
2026-08-03T05:10:01+09:00,3,,,,,3,,,,,,,,
2026-08-03T05:20:01+09:00,3,,,,,3,,,,,,,,
2026-08-03T05:30:01+09:00,3,,,,,3,,,,,,,,
2026-08-03T05:40:01+09:00,3,,,,,3,,,,,,,,
2026-08-03T05:50:01+09:00,3,,,,,3,,,,,,,,
2026-08-03T06:00:01+09:00,3,,,,,3,,,,,,,,
2026-08-03T06:10:01+09:00,3,,,,,3,,,,,,,,
2026-08-03T06:20:01+09:00,3,,,,,3,,,,,,,,
2026-08-03T06:30:01+09:00,3,,,,,3,,,,,,,,
2026-08-03T06:40:01+09:00,3,,,,,3,,,,,,,,
2026-08-03T06:50:01+09:00,3,,,,,3,,,,,,,,
2026-08-03T07:00:01+09:00,3,,,,,3,,,,,,,,
2026-08-03T07:10:01+09:00,3,,,,,3,,,,,,,,
2026-08-03T07:20:01+09:00,3,,,,,3,,,,,,,,
2026-08-03T07:30:01+09:00,3,,,,,3,,,,,,,,
2026-08-03T07:40:01+09:00,3,,,,,3,,,,,,,,
2026-08-03T07:50:01+09:00,3,,,,,3,,,,,,,,
2026-08-03T08:00:01+09:00,3,,,,,3,,,,,,,,
2026-08-03T08:10:01+09:00,3,,,,,3,,,,,,,,
2026-08-03T08:20:01+09:00,3,,,,,3,,,,,,,,
2026-08-03T08:30:01+09:00,3,,,,,3,,,,,,,,
2026-08-03T08:40:01+09:00,3,,,,,3,,,,,,,,
2026-08-03T08:50:01+09:00,3,,,,,3,,,,,,,,
2026-08-03T09:00:01+09:00,3,,,,,3,,,,,,,,
2026-08-03T09:10:01+09:00,3,,,,,3,,,,,,,,
2026-08-03T09:20:01+09:00,5,,,,,5,,,,,,,,
2026-08-03T09:30:01+09:00,5,,,,,5,,,,,,,,
2026-08-03T09:40:01+09:00,5,,,,,5,,,,,,,,
2026-08-03T09:50:01+09:00,5,,,,,5,,,,,,,,
2026-08-03T10:00:01+09:00,6,,,,,6,,,,,,,,
2026-08-03T10:10:01+09:00,6,,,,,6,,,,,,,,
2026-08-03T10:20:01+09:00,6,,,,,6,,,,,,,,
2026-08-03T10:30:01+09:00,6,,,,,6,,,,,,,,
2026-08-03T10:40:01+09:00,7,,,,,7,,,,,,,,
2026-08-03T10:50:01+09:00,7,,,,,7,,,,,,,,
2026-08-03T11:00:01+09:00,7,,,,,7,,,,,,,,
2026-08-03T11:10:01+09:00,7,,,,,7,,,,,,,,
2026-08-03T11:20:01+09:00,7,,,,,7,,,,,,,,
2026-08-03T11:30:01+09:00,9,,,,,9,,,,,,,,
2026-08-03T11:40:01+09:00,10,,,,,10,,,,,,,,
2026-08-03T11:50:01+09:00,10,,,,,10,,,,,,,,
2026-08-03T12:00:01+09:00,11,,,,,11,,,,,,,,
2026-08-03T12:10:01+09:00,15,,,,,15,,,,,,,,
2026-08-03T12:20:01+09:00,15,,,,,15,,,,,,,,
2026-08-03T12:30:01+09:00,15,,,,,15,,,,,,,,
2026-08-03T12:40:01+09:00,15,,,,,15,,,,,,,,
2026-08-03T12:50:01+09:00,14,,,,,14,,,,,,,,
2026-08-03T13:00:01+09:00,15,,,,,15,,,,,,,,
2026-08-03T13:10:01+09:00,17,,,,,17,,,,,,,,
2026-08-03T13:20:01+09:00,17,,,,,17,,,,,,,,
2026-08-03T13:30:01+09:00,16,,,,,16,,,,,,,,
2026-08-03T13:40:01+09:00,14,,,,,14,,,,,,,,
2026-08-03T13:50:01+09:00,15,,,,,15,,,,,,,,
2026-08-03T14:00:01+09:00,15,,,,,15,,,,,,,,
2026-08-03T14:10:01+09:00,16,,,,,16,,,,,,,,
2026-08-03T14:20:01+09:00,18,,,,,18,,,,,,,,
2026-08-03T14:30:01+09:00,18,,,,,18,,,,,,,,
2026-08-03T14:40:01+09:00,16,,,,,16,,,,,,,,
2026-08-03T14:50:01+09:00,16,,,,,16,,,,,,,,
2026-08-03T15:00:01+09:00,17,,,,,17,,,,,,,,
2026-08-03T15:10:01+09:00,17,,,,,17,,,,,,,,
2026-08-03T15:20:01+09:00,19,,,,,19,,,,,,,,
2026-08-03T15:30:01+09:00,20,,,,,20,,,,,,,,
2026-08-03T15:40:01+09:00,19,,,,,19,,,,,,,,
2026-08-03T15:50:01+09:00,19,,,,,19,,,,,,,,
2026-08-03T16:00:01+09:00,17,,,,,17,,,,,,,,
2026-08-03T16:10:01+09:00,17,,,,,17,,,,,,,,
2026-08-03T16:20:01+09:00,18,,,,,18,,,,,,,,
2026-08-03T16:30:01+09:00,18,,,,,18,,,,,,,,
2026-08-03T16:40:01+09:00,18,,,,,18,,,,,,,,
2026-08-03T16:50:01+09:00,19,,,,,19,,,,,,,,
2026-08-03T17:00:01+09:00,18,,,,,18,,,,,,,,
2026-08-03T17:10:01+09:00,17,,,,,17,,,,,,,,
2026-08-03T17:20:01+09:00,15,,,,,15,,,,,,,,
2026-08-03T17:30:01+09:00,15,,,,,15,,,,,,,,
2026-08-03T17:40:01+09:00,18,,,,,18,,,,,,,,
2026-08-03T17:50:01+09:00,18,,,,,18,,,,,,,,
2026-08-03T18:00:01+09:00,19,,,,,19,,,,,,,,
2026-08-03T18:10:01+09:00,17,,,,,17,,,,,,,,
2026-08-03T18:20:01+09:00,17,,,,,17,,,,,,,,
2026-08-03T18:30:01+09:00,16,,,,,16,,,,,,,,
2026-08-03T18:40:01+09:00,15,,,,,15,,,,,,,,
2026-08-03T18:50:01+09:00,15,,,,,15,,,,,,,,
2026-08-03T19:00:01+09:00,14,,,,,14,,,,,,,,
2026-08-03T19:10:01+09:00,15,,,,,15,,,,,,,,
2026-08-03T19:20:01+09:00,13,,,,,13,,,,,,,,
2026-08-03T19:30:01+09:00,11,,,,,11,,,,,,,,
2026-08-03T19:40:01+09:00,9,,,,,9,,,,,,,,
2026-08-03T19:50:01+09:00,9,,,,,9,,,,,,,,
2026-08-03T20:00:01+09:00,9,,,,,9,,,,,,,,
2026-08-03T20:10:01+09:00,9,,,,,9,,,,,,,,
2026-08-03T20:20:01+09:00,9,,,,,9,,,,,,,,
2026-08-03T20:30:01+09:00,8,,,,,8,,,,,,,,
2026-08-03T20:40:01+09:00,5,,,,,5,,,,,,,,
2026-08-03T20:50:01+09:00,5,,,,,5,,,,,,,,
2026-08-03T21:00:01+09:00,5,,,,,5,,,,,,,,
2026-08-03T21:10:01+09:00,5,,,,,5,,,,,,,,
2026-08-03T21:20:01+09:00,5,,,,,5,,,,,,,,
2026-08-03T21:30:01+09:00,6,,,,,6,,,,,,,,
2026-08-03T21:40:01+09:00,6,,,,,6,,,,,,,,
2026-08-03T21:50:01+09:00,5,,,,,5,,,,,,,,
2026-08-03T22:00:01+09:00,5,,,,,5,,,,,,,,
2026-08-03T22:10:01+09:00,5,,,,,5,,,,,,,,
2026-08-03T22:20:01+09:00,5,,,,,5,,,,,,,,
2026-08-03T22:30:01+09:00,5,,,,,5,,,,,,,,
2026-08-03T22:40:01+09:00,5,,,,,5,,,,,,,,
2026-08-03T22:50:01+09:00,5,,,,,5,,,,,,,,
2026-08-03T23:00:01+09:00,5,,,,,5,,,,,,,,
2026-08-03T23:10:01+09:00,5,,,,,5,,,,,,,,
2026-08-03T23:20:01+09:00,5,,,,,5,,,,,,,,
2026-08-03T23:30:01+09:00,5,,,,,5,,,,,,,,
2026-08-03T23:40:01+09:00,5,,,,,5,,,,,,,,
2026-08-03T23:50:01+09:00,5,,,,,5,,,,,,,,
2026-08-04T00:00:01+09:00,5,,,,,5,,,,,,,,
2026-08-04T00:10:01+09:00,5,,,,,5,,,,,,,,
2026-08-04T00:20:01+09:00,5,,,,,5,,,,,,,,
2026-08-04T00:30:01+09:00,5,,,,,5,,,,,,,,
2026-08-04T00:40:01+09:00,5,,,,,5,,,,,,,,
2026-08-04T00:50:01+09:00,5,,,,,5,,,,,,,,
2026-08-04T01:00:01+09:00,5,,,,,5,,,,,,,,
2026-08-04T01:10:01+09:00,6,,,,,6,,,,,,,,
2026-08-04T01:20:01+09:00,5,,,,,5,,,,,,,,
2026-08-04T01:30:01+09:00,4,,,,,4,,,,,,,,
2026-08-04T01:40:01+09:00,4,,,,,4,,,,,,,,
2026-08-04T01:50:01+09:00,3,,,,,3,,,,,,,,
2026-08-04T02:00:01+09:00,3,,,,,3,,,,,,,,
2026-08-04T02:10:01+09:00,3,,,,,3,,,,,,,,
2026-08-04T02:20:01+09:00,3,,,,,3,,,,,,,,
2026-08-04T02:30:01+09:00,3,,,,,3,,,,,,,,
2026-08-04T02:40:01+09:00,3,,,,,3,,,,,,,,
2026-08-04T02:50:01+09:00,3,,,,,3,,,,,,,,
2026-08-04T03:00:01+09:00,3,,,,,3,,,,,,,,
2026-08-04T03:10:01+09:00,3,,,,,3,,,,,,,,
2026-08-04T03:20:01+09:00,3,,,,,3,,,,,,,,
2026-08-04T03:30:01+09:00,3,,,,,3,,,,,,,,
2026-08-04T03:40:01+09:00,3,,,,,3,,,,,,,,
2026-08-04T03:50:01+09:00,3,,,,,3,,,,,,,,
2026-08-04T04:00:01+09:00,3,,,,,3,,,,,,,,
2026-08-04T04:10:01+09:00,3,,,,,3,,,,,,,,
2026-08-04T04:20:01+09:00,3,,,,,3,,,,,,,,
2026-08-04T04:30:01+09:00,3,,,,,3,,,,,,,,
2026-08-04T04:40:01+09:00,3,,,,,3,,,,,,,,
2026-08-04T04:50:01+09:00,3,,,,,3,,,,,,,,
2026-08-04T05:00:01+09:00,3,,,,,3,,,,,,,,
2026-08-04T05:10:01+09:00,3,,,,,3,,,,,,,,
2026-08-04T05:20:01+09:00,3,,,,,3,,,,,,,,
2026-08-04T05:30:01+09:00,3,,,,,3,,,,,,,,
2026-08-04T05:40:01+09:00,3,,,,,3,,,,,,,,
2026-08-04T05:50:01+09:00,3,,,,,3,,,,,,,,
2026-08-04T06:00:01+09:00,3,,,,,3,,,,,,,,
2026-08-04T06:10:01+09:00,3,,,,,3,,,,,,,,
2026-08-04T06:20:01+09:00,3,,,,,3,,,,,,,,
2026-08-04T06:30:01+09:00,3,,,,,3,,,,,,,,
2026-08-04T06:40:01+09:00,3,,,,,3,,,,,,,,
2026-08-04T06:50:01+09:00,3,,,,,3,,,,,,,,
2026-08-04T07:00:01+09:00,3,,,,,3,,,,,,,,
2026-08-04T07:10:01+09:00,3,,,,,3,,,,,,,,
2026-08-04T07:20:01+09:00,3,,,,,3,,,,,,,,
2026-08-04T07:30:01+09:00,3,,,,,3,,,,,,,,
2026-08-04T07:40:01+09:00,3,,,,,3,,,,,,,,
2026-08-04T07:50:01+09:00,3,,,,,3,,,,,,,,
2026-08-04T08:00:01+09:00,3,,,,,3,,,,,,,,
2026-08-04T08:10:01+09:00,3,,,,,3,,,,,,,,
2026-08-04T08:20:01+09:00,3,,,,,3,,,,,,,,
2026-08-04T08:30:01+09:00,3,,,,,3,,,,,,,,
2026-08-04T08:40:01+09:00,3,,,,,3,,,,,,,,
2026-08-04T08:50:01+09:00,3,,,,,3,,,,,,,,
2026-08-04T09:00:01+09:00,3,,,,,3,,,,,,,,
2026-08-04T09:10:01+09:00,3,,,,,3,,,,,,,,
2026-08-04T09:20:01+09:00,3,,,,,3,,,,,,,,
2026-08-04T09:30:01+09:00,3,,,,,3,,,,,,,,
2026-08-04T09:40:01+09:00,3,,,,,3,,,,,,,,
2026-08-04T09:50:01+09:00,4,,,,,4,,,,,,,,
2026-08-04T10:00:01+09:00,4,,,,,4,,,,,,,,
2026-08-04T10:10:01+09:00,4,,,,,4,,,,,,,,
2026-08-04T10:20:01+09:00,4,,,,,4,,,,,,,,
2026-08-04T10:30:01+09:00,4,,,,,4,,,,,,,,
2026-08-04T10:40:01+09:00,4,,,,,4,,,,,,,,
2026-08-04T10:50:01+09:00,4,,,,,4,,,,,,,,
2026-08-04T11:00:01+09:00,4,,,,,4,,,,,,,,
2026-08-04T11:10:01+09:00,4,,,,,4,,,,,,,,
2026-08-04T11:20:01+09:00,4,,,,,4,,,,,,,,
2026-08-04T11:30:01+09:00,4,,,,,4,,,,,,,,
2026-08-04T11:40:01+09:00,4,,,,,4,,,,,,,,
2026-08-04T11:50:01+09:00,4,,,,,4,,,,,,,,
2026-08-04T12:00:01+09:00,4,,,,,4,,,,,,,,
2026-08-04T12:10:01+09:00,3,,,,,3,,,,,,,,
2026-08-04T12:20:01+09:00,4,,,,,4,,,,,,,,
2026-08-04T12:30:01+09:00,4,,,,,4,,,,,,,,
2026-08-04T12:40:01+09:00,4,,,,,4,,,,,,,,
2026-08-04T12:50:01+09:00,4,,,,,4,,,,,,,,
2026-08-04T13:00:01+09:00,4,,,,,4,,,,,,,,
2026-08-04T13:10:01+09:00,6,,,,,6,,,,,,,,
2026-08-04T13:20:01+09:00,6,,,,,6,,,,,,,,
2026-08-04T13:30:01+09:00,6,,,,,6,,,,,,,,
2026-08-04T13:40:01+09:00,6,,,,,6,,,,,,,,
2026-08-04T13:50:01+09:00,5,,,,,5,,,,,,,,
2026-08-04T14:00:01+09:00,5,,,,,5,,,,,,,,
2026-08-04T14:10:01+09:00,5,,,,,5,,,,,,,,
2026-08-04T14:20:01+09:00,5,,,,,5,,,,,,,,
2026-08-04T14:30:01+09:00,5,,,,,5,,,,,,,,
2026-08-04T14:40:01+09:00,5,,,,,5,,,,,,,,
2026-08-04T14:50:01+09:00,5,,,,,5,,,,,,,,
2026-08-04T15:00:01+09:00,5,,,,,5,,,,,,,,
2026-08-04T15:10:01+09:00,5,,,,,5,,,,,,,,
2026-08-04T15:20:01+09:00,5,,,,,5,,,,,,,,
2026-08-04T15:30:01+09:00,4,,,,,4,,,,,,,,
2026-08-04T15:40:01+09:00,3,,,,,3,,,,,,,,
2026-08-04T15:50:01+09:00,3,,,,,3,,,,,,,,
2026-08-04T16:00:01+09:00,3,,,,,3,,,,,,,,
2026-08-04T16:10:01+09:00,3,,,,,3,,,,,,,,
2026-08-04T16:20:01+09:00,3,,,,,3,,,,,,,,
2026-08-04T16:30:01+09:00,3,,,,,3,,,,,,,,
2026-08-19T15:40:01+09:00,17,,,,,17,,,,,,,,
2026-08-19T15:50:01+09:00,17,,,,,17,,,,,,,,
2026-08-19T16:00:01+09:00,18,,,,,18,,,,,,,,
2026-08-19T16:10:01+09:00,18,,,,,18,,,,,,,,
2026-08-19T16:20:01+09:00,16,,,,,16,,,,,,,,
2026-08-19T16:30:01+09:00,17,,,,,17,,,,,,,,
2026-08-19T16:40:01+09:00,19,,,,,19,,,,,,,,
2026-08-19T16:50:01+09:00,17,,,,,17,,,,,,,,
2026-08-19T17:00:01+09:00,17,,,,,17,,,,,,,,
2026-08-19T17:10:01+09:00,17,,,,,17,,,,,,,,
2026-08-19T17:20:01+09:00,16,,,,,16,,,,,,,,
2026-08-19T17:30:01+09:00,17,,,,,17,,,,,,,,
2026-08-19T17:40:01+09:00,18,,,,,18,,,,,,,,
2026-08-19T17:50:01+09:00,18,,,,,18,,,,,,,,
2026-08-19T18:00:01+09:00,19,,,,,19,,,,,,,,
2026-08-19T18:10:01+09:00,18,,,,,18,,,,,,,,
2026-08-19T18:20:01+09:00,18,,,,,18,,,,,,,,
2026-08-19T18:30:01+09:00,18,,,,,18,,,,,,,,
2026-08-19T18:40:01+09:00,18,,,,,18,,,,,,,,
2026-08-19T18:50:01+09:00,17,,,,,17,,,,,,,,
2026-08-19T19:00:01+09:00,17,,,,,17,,,,,,,,
2026-08-19T19:10:01+09:00,18,,,,,18,,,,,,,,
2026-08-19T19:20:01+09:00,15,,,,,15,,,,,,,,
2026-08-19T19:30:01+09:00,15,,,,,15,,,,,,,,
2026-08-19T19:40:01+09:00,15,,,,,15,,,,,,,,
2026-08-19T19:50:01+09:00,14,,,,,14,,,,,,,,
2026-08-19T20:00:01+09:00,14,,,,,14,,,,,,,,
2026-08-19T20:10:01+09:00,10,,,,,10,,,,,,,,
2026-08-19T20:20:01+09:00,10,,,,,10,,,,,,,,
2026-08-19T20:30:01+09:00,10,,,,,10,,,,,,,,
2026-08-19T20:40:01+09:00,7,,,,,7,,,,,,,,
2026-08-19T20:50:01+09:00,7,,,,,7,,,,,,,,
2026-08-19T21:00:01+09:00,8,,,,,8,,,,,,,,
2026-08-19T21:10:01+09:00,8,,,,,8,,,,,,,,
2026-08-19T21:20:01+09:00,8,,,,,8,,,,,,,,
2026-08-19T21:30:01+09:00,8,,,,,8,,,,,,,,
2026-08-19T21:40:01+09:00,8,,,,,8,,,,,,,,
2026-08-19T21:50:01+09:00,8,,,,,8,,,,,,,,
2026-08-19T22:00:01+09:00,8,,,,,8,,,,,,,,
2026-08-19T22:10:01+09:00,8,,,,,8,,,,,,,,
2026-08-19T22:20:01+09:00,8,,,,,8,,,,,,,,
2026-08-19T22:30:01+09:00,7,,,,,7,,,,,,,,
2026-08-19T22:40:01+09:00,7,,,,,7,,,,,,,,
2026-08-19T22:50:01+09:00,7,,,,,7,,,,,,,,
2026-08-19T23:00:01+09:00,7,,,,,7,,,,,,,,
2026-08-19T23:10:01+09:00,7,,,,,7,,,,,,,,
2026-08-19T23:20:01+09:00,7,,,,,7,,,,,,,,
2026-08-19T23:30:01+09:00,7,,,,,7,,,,,,,,
2026-08-19T23:40:01+09:00,7,,,,,7,,,,,,,,
2026-08-19T23:50:01+09:00,7,,,,,7,,,,,,,,
2026-08-20T00:00:01+09:00,7,,,,,7,,,,,,,,
2026-08-20T00:10:01+09:00,7,,,,,7,,,,,,,,
2026-08-20T00:20:01+09:00,7,,,,,7,,,,,,,,
2026-08-20T00:30:01+09:00,7,,,,,7,,,,,,,,
2026-08-20T00:40:01+09:00,7,,,,,7,,,,,,,,
2026-08-20T00:50:01+09:00,7,,,,,7,,,,,,,,
2026-08-20T01:00:01+09:00,8,,,,,8,,,,,,,,
2026-08-20T01:10:01+09:00,8,,,,,8,,,,,,,,
2026-08-20T01:20:01+09:00,8,,,,,8,,,,,,,,
2026-08-20T01:30:01+09:00,8,,,,,8,,,,,,,,
2026-08-20T01:40:01+09:00,5,,,,,5,,,,,,,,
2026-08-20T01:50:01+09:00,5,,,,,5,,,,,,,,
2026-08-20T02:00:01+09:00,5,,,,,5,,,,,,,,
2026-08-20T02:10:01+09:00,5,,,,,5,,,,,,,,
2026-08-20T02:20:01+09:00,5,,,,,5,,,,,,,,
2026-08-20T02:30:01+09:00,5,,,,,5,,,,,,,,
2026-08-20T02:40:01+09:00,5,,,,,5,,,,,,,,
2026-08-20T02:50:01+09:00,5,,,,,5,,,,,,,,
2026-08-20T03:00:01+09:00,5,,,,,5,,,,,,,,
2026-08-20T03:10:01+09:00,5,,,,,5,,,,,,,,
2026-08-20T03:20:01+09:00,5,,,,,5,,,,,,,,
2026-08-20T03:30:01+09:00,5,,,,,5,,,,,,,,
2026-08-20T03:40:01+09:00,5,,,,,5,,,,,,,,
2026-08-20T03:50:01+09:00,5,,,,,5,,,,,,,,
2026-08-20T04:00:01+09:00,5,,,,,5,,,,,,,,
2026-08-20T04:10:01+09:00,5,,,,,5,,,,,,,,
2026-08-20T04:20:01+09:00,5,,,,,5,,,,,,,,
2026-08-20T04:30:01+09:00,5,,,,,5,,,,,,,,
2026-08-20T04:40:01+09:00,5,,,,,5,,,,,,,,
2026-08-20T04:50:01+09:00,5,,,,,5,,,,,,,,
2026-08-20T05:00:01+09:00,5,,,,,5,,,,,,,,
2026-08-20T05:10:01+09:00,5,,,,,5,,,,,,,,
2026-08-20T05:20:01+09:00,5,,,,,5,,,,,,,,
2026-08-20T05:30:01+09:00,5,,,,,5,,,,,,,,
2026-08-20T05:40:01+09:00,5,,,,,5,,,,,,,,
2026-08-20T05:50:01+09:00,5,,,,,5,,,,,,,,
2026-08-20T06:00:01+09:00,5,,,,,5,,,,,,,,
2026-08-20T06:10:01+09:00,5,,,,,5,,,,,,,,
2026-08-20T06:20:01+09:00,5,,,,,5,,,,,,,,
2026-08-20T06:30:01+09:00,5,,,,,5,,,,,,,,
2026-08-20T06:40:01+09:00,5,,,,,5,,,,,,,,
2026-08-20T06:50:01+09:00,5,,,,,5,,,,,,,,
2026-08-20T07:00:01+09:00,5,,,,,5,,,,,,,,
2026-08-20T07:10:01+09:00,5,,,,,5,,,,,,,,
2026-08-20T07:20:01+09:00,5,,,,,5,,,,,,,,
2026-08-20T07:30:01+09:00,5,,,,,5,,,,,,,,
2026-08-20T07:40:01+09:00,5,,,,,5,,,,,,,,
2026-08-20T07:50:01+09:00,5,,,,,5,,,,,,,,
2026-08-20T08:00:01+09:00,5,,,,,5,,,,,,,,
2026-08-20T08:10:01+09:00,5,,,,,5,,,,,,,,
2026-08-20T08:20:01+09:00,5,,,,,5,,,,,,,,
2026-08-20T08:30:01+09:00,5,,,,,5,,,,,,,,
2026-08-20T08:40:01+09:00,5,,,,,5,,,,,,,,
2026-08-20T08:50:01+09:00,5,,,,,5,,,,,,,,
2026-08-20T09:00:01+09:00,5,,,,,5,,,,,,,,
2026-08-20T09:10:01+09:00,5,,,,,5,,,,,,,,
2026-08-20T09:20:01+09:00,5,,,,,5,,,,,,,,
2026-08-20T09:30:01+09:00,8,,,,,8,,,,,,,,
2026-08-20T09:40:01+09:00,8,,,,,8,,,,,,,,
2026-08-20T09:50:01+09:00,9,,,,,9,,,,,,,,
2026-08-20T10:00:01+09:00,11,,,,,11,,,,,,,,
2026-08-20T10:10:01+09:00,8,,,,,8,,,,,,,,
2026-08-20T10:20:01+09:00,8,,,,,8,,,,,,,,
2026-08-20T10:30:01+09:00,8,,,,,8,,,,,,,,
2026-08-20T10:40:01+09:00,9,,,,,9,,,,,,,,
2026-08-20T10:50:01+09:00,11,,,,,11,,,,,,,,
2026-08-20T11:00:01+09:00,11,,,,,11,,,,,,,,
2026-08-20T11:10:01+09:00,11,,,,,11,,,,,,,,
2026-08-20T11:20:01+09:00,10,,,,,10,,,,,,,,
2026-08-20T11:30:01+09:00,9,,,,,9,,,,,,,,
2026-08-20T11:40:01+09:00,9,,,,,9,,,,,,,,
2026-08-20T11:50:01+09:00,9,,,,,9,,,,,,,,
2026-08-20T12:00:01+09:00,9,,,,,9,,,,,,,,
2026-08-20T12:10:01+09:00,9,,,,,9,,,,,,,,
2026-08-20T12:20:01+09:00,11,,,,,11,,,,,,,,
2026-08-20T12:30:01+09:00,11,,,,,11,,,,,,,,
2026-08-20T12:40:01+09:00,11,,,,,11,,,,,,,,
2026-08-20T12:50:01+09:00,11,,,,,11,,,,,,,,
2026-08-20T13:00:01+09:00,13,,,,,13,,,,,,,,
2026-08-20T13:10:01+09:00,13,,,,,13,,,,,,,,
2026-08-20T13:20:01+09:00,13,,,,,13,,,,,,,,
2026-08-20T13:30:01+09:00,13,,,,,13,,,,,,,,
2026-08-20T13:40:01+09:00,13,,,,,13,,,,,,,,
2026-08-20T13:50:01+09:00,13,,,,,13,,,,,,,,
2026-08-20T14:00:01+09:00,13,,,,,13,,,,,,,,
2026-08-20T14:10:01+09:00,13,,,,,13,,,,,,,,
2026-08-20T14:20:01+09:00,13,,,,,13,,,,,,,,
2026-08-20T14:30:01+09:00,15,,,,,15,,,,,,,,
2026-08-20T14:40:01+09:00,15,,,,,15,,,,,,,,
2026-08-20T14:50:01+09:00,16,,,,,16,,,,,,,,
2026-08-20T15:00:01+09:00,16,,,,,16,,,,,,,,
2026-08-20T15:10:01+09:00,15,,,,,15,,,,,,,,
2026-08-20T15:20:01+09:00,17,,,,,17,,,,,,,,
2026-08-20T15:30:01+09:00,17,,,,,17,,,,,,,,
2026-08-20T15:40:01+09:00,17,,,,,17,,,,,,,,
2026-08-20T15:50:01+09:00,17,,,,,17,,,,,,,,
2026-08-20T16:00:01+09:00,15,,,,,15,,,,,,,,
2026-08-20T16:10:01+09:00,15,,,,,15,,,,,,,,
2026-08-20T16:20:01+09:00,16,,,,,16,,,,,,,,
2026-08-20T16:30:01+09:00,16,,,,,16,,,,,,,,
2026-08-20T16:40:01+09:00,16,,,,,16,,,,,,,,
2026-08-20T16:50:01+09:00,13,,,,,13,,,,,,,,
2026-08-20T17:00:01+09:00,13,,,,,13,,,,,,,,
2026-08-20T17:10:01+09:00,12,,,,,12,,,,,,,,
2026-08-20T17:20:01+09:00,12,,,,,12,,,,,,,,
2026-08-20T17:30:01+09:00,11,,,,,11,,,,,,,,
2026-08-20T17:40:01+09:00,11,,,,,11,,,,,,,,
2026-08-20T17:50:01+09:00,11,,,,,11,,,,,,,,
2026-08-20T18:00:01+09:00,13,,,,,13,,,,,,,,
2026-08-20T18:10:01+09:00,13,,,,,13,,,,,,,,
2026-08-20T18:20:01+09:00,13,,,,,13,,,,,,,,
2026-08-20T18:30:01+09:00,12,,,,,12,,,,,,,,
2026-08-20T18:40:01+09:00,11,,,,,11,,,,,,,,
2026-08-20T18:50:01+09:00,11,,,,,11,,,,,,,,
2026-08-20T19:00:01+09:00,11,,,,,11,,,,,,,,
2026-08-20T19:10:01+09:00,11,,,,,11,,,,,,,,
2026-08-20T19:20:01+09:00,11,,,,,11,,,,,,,,
2026-08-20T19:30:01+09:00,10,,,,,10,,,,,,,,
2026-08-20T19:40:01+09:00,8,,,,,8,,,,,,,,
2026-08-20T19:50:01+09:00,8,,,,,8,,,,,,,,
2026-08-20T20:00:01+09:00,8,,,,,8,,,,,,,,
2026-08-20T20:10:01+09:00,8,,,,,8,,,,,,,,
2026-08-20T20:20:01+09:00,8,,,,,8,,,,,,,,
2026-08-20T20:30:01+09:00,8,,,,,8,,,,,,,,
2026-08-20T20:40:01+09:00,8,,,,,8,,,,,,,,
2026-08-20T20:50:01+09:00,8,,,,,8,,,,,,,,
2026-08-20T21:00:01+09:00,8,,,,,8,,,,,,,,
2026-08-20T21:10:01+09:00,8,,,,,8,,,,,,,,
2026-08-20T21:20:01+09:00,8,,,,,8,,,,,,,,
2026-08-20T21:30:01+09:00,8,,,,,8,,,,,,,,
2026-08-20T21:40:01+09:00,9,,,,,9,,,,,,,,
2026-08-20T21:50:01+09:00,9,,,,,9,,,,,,,,
2026-08-20T22:00:01+09:00,9,,,,,9,,,,,,,,
2026-08-20T22:10:01+09:00,8,,,,,8,,,,,,,,
2026-08-20T22:20:01+09:00,7,,,,,7,,,,,,,,
2026-08-20T22:30:01+09:00,7,,,,,7,,,,,,,,
2026-08-20T22:40:01+09:00,7,,,,,7,,,,,,,,
2026-08-20T22:50:01+09:00,7,,,,,7,,,,,,,,
2026-08-20T23:00:01+09:00,7,,,,,7,,,,,,,,
2026-08-20T23:10:01+09:00,7,,,,,7,,,,,,,,
2026-08-20T23:20:01+09:00,7,,,,,7,,,,,,,,
2026-08-20T23:30:01+09:00,7,,,,,7,,,,,,,,
2026-08-20T23:40:01+09:00,7,,,,,7,,,,,,,,
2026-08-20T23:50:01+09:00,7,,,,,7,,,,,,,,
2026-08-21T00:00:01+09:00,7,,,,,7,,,,,,,,
2026-08-21T00:10:01+09:00,8,,,,,8,,,,,,,,
2026-08-21T00:20:01+09:00,8,,,,,8,,,,,,,,
2026-08-21T00:30:01+09:00,8,,,,,8,,,,,,,,
2026-08-21T00:40:01+09:00,8,,,,,8,,,,,,,,
2026-08-21T00:50:01+09:00,8,,,,,8,,,,,,,,
2026-08-21T01:00:01+09:00,8,,,,,8,,,,,,,,
2026-08-21T01:10:01+09:00,8,,,,,8,,,,,,,,
2026-08-21T01:20:01+09:00,8,,,,,8,,,,,,,,
2026-08-21T01:30:01+09:00,8,,,,,8,,,,,,,,
2026-08-21T01:40:01+09:00,8,,,,,8,,,,,,,,
2026-08-21T01:50:01+09:00,8,,,,,8,,,,,,,,
2026-08-21T02:00:01+09:00,8,,,,,8,,,,,,,,
2026-08-21T02:10:01+09:00,8,,,,,8,,,,,,,,
2026-08-21T02:20:01+09:00,8,,,,,8,,,,,,,,
2026-08-21T02:30:01+09:00,8,,,,,8,,,,,,,,
2026-08-21T02:40:01+09:00,8,,,,,8,,,,,,,,
2026-08-21T02:50:01+09:00,8,,,,,8,,,,,,,,
2026-08-21T03:00:01+09:00,8,,,,,8,,,,,,,,
2026-08-21T03:10:01+09:00,8,,,,,8,,,,,,,,
2026-08-21T03:20:01+09:00,8,,,,,8,,,,,,,,
2026-08-21T03:30:01+09:00,8,,,,,8,,,,,,,,
2026-08-21T03:40:01+09:00,8,,,,,8,,,,,,,,
2026-08-21T03:50:01+09:00,8,,,,,8,,,,,,,,
2026-08-21T04:00:01+09:00,8,,,,,8,,,,,,,,
2026-08-21T04:10:01+09:00,8,,,,,8,,,,,,,,
2026-08-21T04:20:01+09:00,8,,,,,8,,,,,,,,
2026-08-21T04:30:01+09:00,8,,,,,8,,,,,,,,
2026-08-21T04:40:01+09:00,8,,,,,8,,,,,,,,
2026-08-21T04:50:01+09:00,8,,,,,8,,,,,,,,
2026-08-21T05:00:01+09:00,8,,,,,8,,,,,,,,
2026-08-21T05:10:01+09:00,8,,,,,8,,,,,,,,
2026-08-21T05:20:01+09:00,8,,,,,8,,,,,,,,
2026-08-21T05:30:01+09:00,8,,,,,8,,,,,,,,
2026-08-21T05:40:01+09:00,8,,,,,8,,,,,,,,
2026-08-21T05:50:01+09:00,8,,,,,8,,,,,,,,
2026-08-21T06:00:01+09:00,8,,,,,8,,,,,,,,
2026-08-21T06:10:01+09:00,8,,,,,8,,,,,,,,
2026-08-21T06:20:01+09:00,8,,,,,8,,,,,,,,
2026-08-21T06:30:01+09:00,8,,,,,8,,,,,,,,
2026-08-21T06:40:01+09:00,8,,,,,8,,,,,,,,
2026-08-21T06:50:01+09:00,8,,,,,8,,,,,,,,
2026-08-21T07:00:01+09:00,8,,,,,8,,,,,,,,
2026-08-21T07:10:01+09:00,8,,,,,8,,,,,,,,
2026-08-21T07:20:01+09:00,8,,,,,8,,,,,,,,
2026-08-21T07:30:01+09:00,8,,,,,8,,,,,,,,
2026-08-21T07:40:01+09:00,8,,,,,8,,,,,,,,
2026-08-21T07:50:01+09:00,8,,,,,8,,,,,,,,
2026-08-21T08:00:01+09:00,8,,,,,8,,,,,,,,
2026-08-21T08:10:01+09:00,8,,,,,8,,,,,,,,
2026-08-21T08:20:01+09:00,8,,,,,8,,,,,,,,
2026-08-21T08:30:01+09:00,8,,,,,8,,,,,,,,
2026-08-21T08:40:01+09:00,8,,,,,8,,,,,,,,
2026-08-21T08:50:01+09:00,8,,,,,8,,,,,,,,
2026-08-21T09:00:01+09:00,8,,,,,8,,,,,,,,
2026-08-21T09:10:01+09:00,8,,,,,8,,,,,,,,
2026-08-21T09:20:01+09:00,8,,,,,8,,,,,,,,
2026-08-21T09:30:01+09:00,8,,,,,8,,,,,,,,
2026-08-21T09:40:01+09:00,8,,,,,8,,,,,,,,
2026-08-21T09:50:01+09:00,8,,,,,8,,,,,,,,
2026-08-21T10:00:01+09:00,9,,,,,9,,,,,,,,
2026-08-21T10:10:01+09:00,10,,,,,10,,,,,,,,
2026-08-21T10:20:01+09:00,10,,,,,10,,,,,,,,
2026-08-21T10:30:01+09:00,10,,,,,10,,,,,,,,
2026-08-21T10:40:01+09:00,10,,,,,10,,,,,,,,
2026-08-21T10:50:01+09:00,10,,,,,10,,,,,,,,
2026-08-21T11:00:01+09:00,10,,,,,10,,,,,,,,
2026-08-21T11:10:01+09:00,10,,,,,10,,,,,,,,
2026-08-21T11:20:01+09:00,13,,,,,13,,,,,,,,
2026-08-21T11:30:01+09:00,13,,,,,13,,,,,,,,
2026-08-21T11:40:01+09:00,13,,,,,13,,,,,,,,
2026-08-21T11:50:01+09:00,15,,,,,15,,,,,,,,
2026-08-21T12:00:01+09:00,0,,,,,,,,,,,,,
2026-08-21T12:10:01+09:00,15,,,,,15,,,,,,,,
2026-08-21T12:20:01+09:00,16,,,,,16,,,,,,,,
2026-08-21T12:30:01+09:00,18,,,,,18,,,,,,,,
2026-08-21T12:40:01+09:00,18,,,,,18,,,,,,,,
2026-08-21T12:50:01+09:00,18,,,,,18,,,,,,,,
2026-08-21T13:00:01+09:00,18,,,,,18,,,,,,,,
2026-08-21T13:10:01+09:00,18,,,,,18,,,,,,,,
2026-08-21T13:20:01+09:00,18,,,,,18,,,,,,,,
2026-08-21T13:30:01+09:00,18,,,,,18,,,,,,,,
2026-08-21T13:40:01+09:00,19,,,,,19,,,,,,,,
2026-08-21T13:50:01+09:00,17,,,,,17,,,,,,,,
2026-08-21T14:00:01+09:00,17,,,,,17,,,,,,,,
2026-08-21T14:10:01+09:00,17,,,,,17,,,,,,,,
2026-08-21T14:20:01+09:00,16,,,,,16,,,,,,,,
2026-08-21T14:30:01+09:00,16,,,,,16,,,,,,,,
2026-08-21T14:40:01+09:00,16,,,,,16,,,,,,,,
2026-08-21T14:50:01+09:00,16,,,,,16,,,,,,,,
2026-08-21T15:00:01+09:00,16,,,,,16,,,,,,,,
2026-08-21T15:10:01+09:00,16,,,,,16,,,,,,,,
2026-08-21T15:20:01+09:00,16,,,,,16,,,,,,,,
2026-08-21T15:30:01+09:00,15,,,,,15,,,,,,,,
2026-08-21T15:40:01+09:00,15,,,,,15,,,,,,,,
2026-08-21T15:50:01+09:00,11,,,,,11,,,,,,,,
2026-08-21T16:00:01+09:00,10,,,,,10,,,,,,,,
2026-08-21T16:10:01+09:00,10,,,,,10,,,,,,,,
2026-08-21T16:20:01+09:00,10,,,,,10,,,,,,,,
2026-08-21T16:30:01+09:00,10,,,,,10,,,,,,,,
2026-08-21T16:40:01+09:00,10,,,,,10,,,,,,,,
2026-08-21T16:50:01+09:00,10,,,,,10,,,,,,,,
2026-08-21T17:00:01+09:00,10,,,,,10,,,,,,,,
2026-08-21T17:10:01+09:00,11,,,,,11,,,,,,,,
2026-08-21T17:20:01+09:00,11,,,,,11,,,,,,,,
2026-08-21T17:30:01+09:00,11,,,,,11,,,,,,,,
2026-08-21T17:40:01+09:00,11,,,,,11,,,,,,,,
2026-08-21T17:50:01+09:00,11,,,,,11,,,,,,,,
2026-08-21T18:00:01+09:00,11,,,,,11,,,,,,,,
2026-08-21T18:10:01+09:00,11,,,,,11,,,,,,,,
2026-08-21T18:20:01+09:00,11,,,,,11,,,,,,,,
2026-08-21T18:30:01+09:00,11,,,,,11,,,,,,,,
2026-08-21T18:40:01+09:00,11,,,,,11,,,,,,,,
2026-08-21T18:50:01+09:00,11,,,,,11,,,,,,,,
2026-08-21T19:00:01+09:00,11,,,,,11,,,,,,,,
2026-08-21T19:10:01+09:00,11,,,,,11,,,,,,,,
2026-08-21T19:20:01+09:00,11,,,,,11,,,,,,,,
2026-08-21T19:30:01+09:00,11,,,,,11,,,,,,,,
2026-08-21T19:40:01+09:00,10,,,,,10,,,,,,,,
2026-08-21T19:50:01+09:00,10,,,,,10,,,,,,,,
2026-08-21T20:00:01+09:00,8,,,,,8,,,,,,,,
2026-08-21T20:10:01+09:00,8,,,,,8,,,,,,,,
2026-08-21T20:20:01+09:00,8,,,,,8,,,,,,,,
2026-08-21T20:30:01+09:00,8,,,,,8,,,,,,,,
2026-08-21T20:40:01+09:00,6,,,,,6,,,,,,,,
2026-08-21T20:50:01+09:00,6,,,,,6,,,,,,,,
2026-08-21T21:00:01+09:00,5,,,,,5,,,,,,,,
2026-08-21T21:10:01+09:00,5,,,,,5,,,,,,,,
2026-08-21T21:20:01+09:00,5,,,,,5,,,,,,,,
2026-08-21T21:30:01+09:00,5,,,,,5,,,,,,,,
2026-08-21T21:40:01+09:00,5,,,,,5,,,,,,,,
2026-08-21T21:50:01+09:00,5,,,,,5,,,,,,,,
2026-08-21T22:00:01+09:00,5,,,,,5,,,,,,,,
2026-08-21T22:10:01+09:00,5,,,,,5,,,,,,,,
2026-08-21T22:20:01+09:00,5,,,,,5,,,,,,,,
2026-08-21T22:30:01+09:00,5,,,,,5,,,,,,,,
2026-08-21T22:40:01+09:00,5,,,,,5,,,,,,,,
2026-08-21T22:50:01+09:00,5,,,,,5,,,,,,,,
2026-08-21T23:00:01+09:00,5,,,,,5,,,,,,,,
2026-08-21T23:10:01+09:00,5,,,,,5,,,,,,,,
2026-08-21T23:20:01+09:00,5,,,,,5,,,,,,,,
2026-08-21T23:30:01+09:00,5,,,,,5,,,,,,,,
2026-08-21T23:40:01+09:00,5,,,,,5,,,,,,,,
2026-08-21T23:50:01+09:00,5,,,,,5,,,,,,,,
2026-08-22T00:00:01+09:00,5,,,,,5,,,,,,,,
2026-08-22T00:10:01+09:00,5,,,,,5,,,,,,,,
2026-08-22T00:20:01+09:00,5,,,,,5,,,,,,,,
2026-08-22T00:30:01+09:00,5,,,,,5,,,,,,,,
2026-08-22T00:40:01+09:00,5,,,,,5,,,,,,,,
2026-08-22T00:50:01+09:00,5,,,,,5,,,,,,,,
2026-08-22T01:00:01+09:00,5,,,,,5,,,,,,,,
2026-08-22T01:10:01+09:00,5,,,,,5,,,,,,,,
2026-08-22T01:20:01+09:00,5,,,,,5,,,,,,,,
2026-08-22T01:30:01+09:00,5,,,,,5,,,,,,,,
2026-08-22T01:40:01+09:00,5,,,,,5,,,,,,,,
2026-08-22T01:50:01+09:00,5,,,,,5,,,,,,,,
2026-08-22T02:00:01+09:00,5,,,,,5,,,,,,,,
2026-08-22T02:10:01+09:00,5,,,,,5,,,,,,,,
2026-08-22T02:20:01+09:00,5,,,,,5,,,,,,,,
2026-08-22T02:30:01+09:00,5,,,,,5,,,,,,,,
2026-08-22T02:40:01+09:00,5,,,,,5,,,,,,,,
2026-08-22T02:50:01+09:00,5,,,,,5,,,,,,,,
2026-08-22T03:00:01+09:00,5,,,,,5,,,,,,,,
2026-08-22T03:10:01+09:00,5,,,,,5,,,,,,,,
2026-08-22T03:20:01+09:00,5,,,,,5,,,,,,,,
2026-08-22T03:30:01+09:00,5,,,,,5,,,,,,,,
2026-08-22T03:40:01+09:00,5,,,,,5,,,,,,,,
2026-08-22T03:50:01+09:00,5,,,,,5,,,,,,,,
2026-08-22T04:00:01+09:00,5,,,,,5,,,,,,,,
2026-08-22T04:10:01+09:00,5,,,,,5,,,,,,,,
2026-08-22T04:20:01+09:00,5,,,,,5,,,,,,,,
2026-08-22T04:30:01+09:00,5,,,,,5,,,,,,,,
2026-08-22T04:40:01+09:00,5,,,,,5,,,,,,,,
2026-08-22T04:50:01+09:00,5,,,,,5,,,,,,,,
2026-08-22T05:00:01+09:00,5,,,,,5,,,,,,,,
2026-08-22T05:10:01+09:00,5,,,,,5,,,,,,,,
2026-08-22T05:20:01+09:00,5,,,,,5,,,,,,,,
2026-08-22T05:30:01+09:00,5,,,,,5,,,,,,,,
2026-08-22T05:40:01+09:00,5,,,,,5,,,,,,,,
2026-08-22T05:50:01+09:00,5,,,,,5,,,,,,,,
2026-08-22T06:00:01+09:00,5,,,,,5,,,,,,,,
2026-08-22T06:10:01+09:00,5,,,,,5,,,,,,,,
2026-08-22T06:20:01+09:00,5,,,,,5,,,,,,,,
2026-08-22T06:30:01+09:00,5,,,,,5,,,,,,,,
2026-08-22T06:40:01+09:00,5,,,,,5,,,,,,,,
2026-08-22T06:50:01+09:00,5,,,,,5,,,,,,,,
2026-08-22T07:00:01+09:00,5,,,,,5,,,,,,,,
2026-08-22T07:10:01+09:00,5,,,,,5,,,,,,,,
2026-08-22T07:20:01+09:00,5,,,,,5,,,,,,,,
2026-08-22T07:30:01+09:00,5,,,,,5,,,,,,,,
2026-08-22T07:40:01+09:00,5,,,,,5,,,,,,,,
2026-08-22T07:50:01+09:00,5,,,,,5,,,,,,,,
2026-08-22T08:00:01+09:00,5,,,,,5,,,,,,,,
2026-08-22T08:10:01+09:00,5,,,,,5,,,,,,,,
2026-08-22T08:20:01+09:00,5,,,,,5,,,,,,,,
2026-08-22T08:30:01+09:00,5,,,,,5,,,,,,,,
2026-08-22T08:40:01+09:00,5,,,,,5,,,,,,,,
2026-08-22T08:50:01+09:00,5,,,,,5,,,,,,,,
2026-08-22T09:00:01+09:00,5,,,,,5,,,,,,,,
2026-08-22T09:10:01+09:00,5,,,,,5,,,,,,,,
2026-08-22T09:20:01+09:00,5,,,,,5,,,,,,,,
2026-08-22T09:30:01+09:00,5,,,,,5,,,,,,,,
2026-08-22T09:40:01+09:00,5,,,,,5,,,,,,,,
2026-08-22T09:50:01+09:00,5,,,,,5,,,,,,,,
2026-08-22T10:00:01+09:00,5,,,,,5,,,,,,,,
2026-08-22T10:10:01+09:00,5,,,,,5,,,,,,,,
2026-08-22T10:20:01+09:00,5,,,,,5,,,,,,,,
2026-08-22T10:30:01+09:00,5,,,,,5,,,,,,,,
2026-08-22T10:40:01+09:00,5,,,,,5,,,,,,,,
2026-08-22T10:50:01+09:00,5,,,,,5,,,,,,,,
2026-08-22T11:00:01+09:00,5,,,,,5,,,,,,,,
2026-08-22T11:10:01+09:00,5,,,,,5,,,,,,,,
2026-08-22T11:20:01+09:00,5,,,,,5,,,,,,,,
2026-08-22T11:30:01+09:00,5,,,,,5,,,,,,,,
2026-08-22T11:40:01+09:00,5,,,,,5,,,,,,,,
2026-08-22T11:50:01+09:00,5,,,,,5,,,,,,,,
2026-08-22T12:00:01+09:00,5,,,,,5,,,,,,,,
2026-08-22T12:10:01+09:00,5,,,,,5,,,,,,,,
2026-08-22T12:20:01+09:00,5,,,,,5,,,,,,,,
2026-08-22T12:30:01+09:00,5,,,,,5,,,,,,,,
2026-08-22T12:40:01+09:00,5,,,,,5,,,,,,,,
2026-08-22T12:50:01+09:00,5,,,,,5,,,,,,,,
2026-08-22T13:00:01+09:00,7,,,,,7,,,,,,,,
2026-08-22T13:10:01+09:00,7,,,,,7,,,,,,,,
2026-08-22T13:20:01+09:00,7,,,,,7,,,,,,,,
2026-08-22T13:30:01+09:00,7,,,,,7,,,,,,,,
2026-08-22T13:40:01+09:00,7,,,,,7,,,,,,,,
2026-08-22T13:50:01+09:00,7,,,,,7,,,,,,,,
2026-08-22T14:00:01+09:00,7,,,,,7,,,,,,,,
2026-08-22T14:10:01+09:00,7,,,,,7,,,,,,,,
2026-08-22T14:20:01+09:00,7,,,,,7,,,,,,,,
2026-08-22T14:30:01+09:00,7,,,,,7,,,,,,,,
2026-08-22T14:40:01+09:00,8,,,,,8,,,,,,,,
2026-08-22T14:50:01+09:00,8,,,,,8,,,,,,,,
2026-08-22T15:00:01+09:00,9,,,,,9,,,,,,,,
2026-08-22T15:10:01+09:00,9,,,,,9,,,,,,,,
2026-08-22T15:20:01+09:00,9,,,,,9,,,,,,,,
2026-08-22T15:30:01+09:00,9,,,,,9,,,,,,,,
2026-08-22T15:40:01+09:00,9,,,,,9,,,,,,,,
2026-08-22T15:50:01+09:00,9,,,,,9,,,,,,,,
2026-08-22T16:00:01+09:00,9,,,,,9,,,,,,,,
2026-08-22T16:10:01+09:00,9,,,,,9,,,,,,,,
2026-08-22T16:20:01+09:00,9,,,,,9,,,,,,,,
2026-08-22T16:30:01+09:00,8,,,,,8,,,,,,,,
2026-08-22T16:40:01+09:00,7,,,,,7,,,,,,,,
2026-08-22T16:50:01+09:00,8,,,,,8,,,,,,,,
2026-08-22T17:00:01+09:00,8,,,,,8,,,,,,,,
2026-08-22T17:10:01+09:00,8,,,,,8,,,,,,,,
2026-08-22T17:20:01+09:00,8,,,,,8,,,,,,,,
2026-08-22T17:30:01+09:00,8,,,,,8,,,,,,,,
2026-08-22T17:40:01+09:00,8,,,,,8,,,,,,,,
2026-08-22T17:50:01+09:00,8,,,,,8,,,,,,,,
2026-08-22T18:00:01+09:00,8,,,,,8,,,,,,,,
2026-08-22T18:10:01+09:00,8,,,,,8,,,,,,,,
2026-08-22T18:20:01+09:00,8,,,,,8,,,,,,,,
2026-08-22T18:30:01+09:00,8,,,,,8,,,,,,,,
2026-08-22T18:40:01+09:00,8,,,,,8,,,,,,,,
2026-08-22T18:50:01+09:00,8,,,,,8,,,,,,,,
2026-08-22T19:00:01+09:00,8,,,,,8,,,,,,,,
2026-08-22T19:10:01+09:00,9,,,,,9,,,,,,,,
2026-08-22T19:20:01+09:00,9,,,,,9,,,,,,,,
2026-08-22T19:30:01+09:00,9,,,,,9,,,,,,,,
2026-08-22T19:40:01+09:00,7,,,,,7,,,,,,,,
2026-08-22T19:50:01+09:00,7,,,,,7,,,,,,,,
2026-08-22T20:00:01+09:00,7,,,,,7,,,,,,,,
2026-08-22T20:10:01+09:00,7,,,,,7,,,,,,,,
2026-08-22T20:20:01+09:00,8,,,,,8,,,,,,,,
2026-08-22T20:30:01+09:00,8,,,,,8,,,,,,,,
2026-08-22T20:40:01+09:00,8,,,,,8,,,,,,,,
2026-08-22T20:50:01+09:00,8,,,,,8,,,,,,,,
2026-08-22T21:00:01+09:00,8,,,,,8,,,,,,,,
2026-08-22T21:10:01+09:00,8,,,,,8,,,,,,,,
2026-08-22T21:20:01+09:00,8,,,,,8,,,,,,,,
2026-08-22T21:30:01+09:00,8,,,,,8,,,,,,,,
2026-08-22T21:40:01+09:00,8,,,,,8,,,,,,,,
2026-08-22T21:50:01+09:00,9,,,,,9,,,,,,,,
2026-08-22T22:00:01+09:00,9,,,,,9,,,,,,,,
2026-08-22T22:10:01+09:00,8,,,,,8,,,,,,,,
2026-08-22T22:20:01+09:00,8,,,,,8,,,,,,,,
2026-08-22T22:30:01+09:00,6,,,,,6,,,,,,,,
2026-08-22T22:40:01+09:00,6,,,,,6,,,,,,,,
2026-08-22T22:50:01+09:00,6,,,,,6,,,,,,,,
2026-08-22T23:00:01+09:00,6,,,,,6,,,,,,,,
2026-08-22T23:10:01+09:00,6,,,,,6,,,,,,,,
2026-08-22T23:20:01+09:00,6,,,,,6,,,,,,,,
2026-08-22T23:30:01+09:00,6,,,,,6,,,,,,,,
2026-08-22T23:40:01+09:00,6,,,,,6,,,,,,,,
2026-08-22T23:50:01+09:00,6,,,,,6,,,,,,,,
2026-08-23T00:00:01+09:00,6,,,,,6,,,,,,,,
2026-08-23T00:10:01+09:00,6,,,,,6,,,,,,,,
2026-08-23T00:20:01+09:00,6,,,,,6,,,,,,,,
2026-08-23T00:30:01+09:00,6,,,,,6,,,,,,,,
2026-08-23T00:40:01+09:00,6,,,,,6,,,,,,,,
2026-08-23T00:50:01+09:00,6,,,,,6,,,,,,,,
2026-08-23T01:00:01+09:00,6,,,,,6,,,,,,,,
2026-08-23T01:10:01+09:00,6,,,,,6,,,,,,,,
2026-08-23T01:20:01+09:00,6,,,,,6,,,,,,,,
2026-08-23T01:30:01+09:00,6,,,,,6,,,,,,,,
2026-08-23T01:40:01+09:00,6,,,,,6,,,,,,,,
2026-08-23T01:50:01+09:00,6,,,,,6,,,,,,,,
2026-08-23T02:00:01+09:00,6,,,,,6,,,,,,,,
2026-08-23T02:10:01+09:00,6,,,,,6,,,,,,,,
2026-08-23T02:20:01+09:00,6,,,,,6,,,,,,,,
2026-08-23T02:30:01+09:00,6,,,,,6,,,,,,,,
2026-08-23T02:40:01+09:00,6,,,,,6,,,,,,,,
2026-08-23T02:50:01+09:00,6,,,,,6,,,,,,,,
2026-08-23T03:00:01+09:00,6,,,,,6,,,,,,,,
2026-08-23T03:10:01+09:00,6,,,,,6,,,,,,,,
2026-08-23T03:20:01+09:00,6,,,,,6,,,,,,,,
2026-08-23T03:30:01+09:00,6,,,,,6,,,,,,,,
2026-08-23T03:40:01+09:00,6,,,,,6,,,,,,,,
2026-08-23T03:50:01+09:00,6,,,,,6,,,,,,,,
2026-08-23T04:00:01+09:00,6,,,,,6,,,,,,,,
2026-08-23T04:10:01+09:00,6,,,,,6,,,,,,,,
2026-08-23T04:20:01+09:00,6,,,,,6,,,,,,,,
2026-08-23T04:30:01+09:00,6,,,,,6,,,,,,,,
2026-08-23T04:40:01+09:00,6,,,,,6,,,,,,,,
2026-08-23T04:50:01+09:00,6,,,,,6,,,,,,,,
2026-08-23T05:00:01+09:00,6,,,,,6,,,,,,,,
2026-08-23T05:10:01+09:00,6,,,,,6,,,,,,,,
2026-08-23T05:20:01+09:00,6,,,,,6,,,,,,,,
2026-08-23T05:30:01+09:00,6,,,,,6,,,,,,,,
2026-08-23T05:40:01+09:00,6,,,,,6,,,,,,,,
2026-08-23T05:50:01+09:00,6,,,,,6,,,,,,,,
2026-08-23T06:00:01+09:00,6,,,,,6,,,,,,,,
2026-08-23T06:10:01+09:00,6,,,,,6,,,,,,,,
2026-08-23T06:20:01+09:00,6,,,,,6,,,,,,,,
2026-08-23T06:30:01+09:00,6,,,,,6,,,,,,,,
2026-08-23T06:40:01+09:00,6,,,,,6,,,,,,,,
2026-08-23T06:50:01+09:00,6,,,,,6,,,,,,,,
2026-08-23T07:00:01+09:00,6,,,,,6,,,,,,,,
2026-08-23T07:10:01+09:00,6,,,,,6,,,,,,,,
2026-08-23T07:20:01+09:00,6,,,,,6,,,,,,,,
2026-08-23T07:30:01+09:00,6,,,,,6,,,,,,,,
2026-08-23T07:40:01+09:00,6,,,,,6,,,,,,,,
2026-08-23T07:50:01+09:00,6,,,,,6,,,,,,,,
2026-08-23T08:00:01+09:00,6,,,,,6,,,,,,,,
2026-08-23T08:10:01+09:00,6,,,,,6,,,,,,,,
2026-08-23T08:20:01+09:00,6,,,,,6,,,,,,,,
2026-08-23T08:30:01+09:00,6,,,,,6,,,,,,,,
2026-08-23T08:40:01+09:00,6,,,,,6,,,,,,,,
2026-08-23T08:50:01+09:00,6,,,,,6,,,,,,,,
2026-08-23T09:00:01+09:00,6,,,,,6,,,,,,,,
2026-08-23T09:10:01+09:00,6,,,,,6,,,,,,,,
2026-08-23T09:20:01+09:00,6,,,,,6,,,,,,,,
2026-08-23T09:30:01+09:00,6,,,,,6,,,,,,,,
2026-08-23T09:40:01+09:00,6,,,,,6,,,,,,,,
2026-08-23T09:50:01+09:00,6,,,,,6,,,,,,,,
2026-08-23T10:00:01+09:00,6,,,,,6,,,,,,,,
2026-08-23T10:10:01+09:00,6,,,,,6,,,,,,,,
2026-08-23T10:20:01+09:00,6,,,,,6,,,,,,,,
2026-08-23T10:30:01+09:00,6,,,,,6,,,,,,,,
2026-08-23T10:40:01+09:00,6,,,,,6,,,,,,,,
2026-08-23T10:50:01+09:00,6,,,,,6,,,,,,,,
2026-08-23T11:00:01+09:00,6,,,,,6,,,,,,,,
2026-08-23T11:10:01+09:00,6,,,,,6,,,,,,,,
2026-08-23T11:20:01+09:00,6,,,,,6,,,,,,,,
2026-08-23T11:30:01+09:00,6,,,,,6,,,,,,,,
2026-08-23T11:40:01+09:00,6,,,,,6,,,,,,,,
2026-08-23T11:50:01+09:00,6,,,,,6,,,,,,,,
2026-08-23T12:00:01+09:00,6,,,,,6,,,,,,,,
2026-08-23T12:10:01+09:00,6,,,,,6,,,,,,,,
2026-08-23T12:20:01+09:00,5,,,,,5,,,,,,,,
2026-08-23T12:30:01+09:00,5,,,,,5,,,,,,,,
2026-08-23T12:40:01+09:00,5,,,,,5,,,,,,,,
2026-08-23T12:50:01+09:00,6,,,,,6,,,,,,,,
2026-08-23T13:00:01+09:00,6,,,,,6,,,,,,,,
2026-08-23T13:10:01+09:00,6,,,,,6,,,,,,,,
2026-08-23T13:20:01+09:00,6,,,,,6,,,,,,,,
2026-08-23T13:30:01+09:00,6,,,,,6,,,,,,,,
2026-08-23T13:40:01+09:00,6,,,,,6,,,,,,,,
2026-08-23T13:50:01+09:00,6,,,,,6,,,,,,,,
2026-08-23T14:00:01+09:00,6,,,,,6,,,,,,,,
2026-08-23T14:10:01+09:00,6,,,,,6,,,,,,,,
2026-08-23T14:20:01+09:00,6,,,,,6,,,,,,,,
2026-08-23T14:30:01+09:00,6,,,,,6,,,,,,,,
2026-08-23T14:40:01+09:00,6,,,,,6,,,,,,,,
2026-08-23T14:50:01+09:00,6,,,,,6,,,,,,,,
2026-08-23T15:00:01+09:00,6,,,,,6,,,,,,,,
2026-08-23T15:10:01+09:00,6,,,,,6,,,,,,,,
2026-08-23T15:20:01+09:00,6,,,,,6,,,,,,,,
2026-08-23T15:30:01+09:00,6,,,,,6,,,,,,,,
2026-08-23T15:40:01+09:00,6,,,,,6,,,,,,,,
2026-08-23T15:50:01+09:00,6,,,,,6,,,,,,,,
2026-08-23T16:00:01+09:00,6,,,,,6,,,,,,,,
2026-08-23T16:10:01+09:00,6,,,,,6,,,,,,,,
2026-08-23T16:20:01+09:00,6,,,,,6,,,,,,,,
2026-08-23T16:30:01+09:00,6,,,,,6,,,,,,,,
2026-08-23T16:40:01+09:00,6,,,,,6,,,,,,,,
2026-08-23T16:50:01+09:00,6,,,,,6,,,,,,,,
2026-08-23T17:00:01+09:00,6,,,,,6,,,,,,,,
2026-08-23T17:10:01+09:00,6,,,,,6,,,,,,,,
2026-08-23T17:20:01+09:00,6,,,,,6,,,,,,,,
2026-08-23T17:30:01+09:00,6,,,,,6,,,,,,,,
2026-08-23T17:40:01+09:00,6,,,,,6,,,,,,,,
2026-08-23T17:50:01+09:00,6,,,,,6,,,,,,,,
2026-08-23T18:00:01+09:00,6,,,,,6,,,,,,,,
2026-08-23T18:10:01+09:00,6,,,,,6,,,,,,,,
2026-08-23T18:20:01+09:00,6,,,,,6,,,,,,,,
2026-08-23T18:30:01+09:00,6,,,,,6,,,,,,,,
2026-08-23T18:40:01+09:00,6,,,,,6,,,,,,,,
2026-08-23T18:50:01+09:00,6,,,,,6,,,,,,,,
2026-08-23T19:00:01+09:00,6,,,,,6,,,,,,,,
2026-08-23T19:10:01+09:00,6,,,,,6,,,,,,,,
2026-08-23T19:20:01+09:00,6,,,,,6,,,,,,,,
2026-08-23T19:30:01+09:00,6,,,,,6,,,,,,,,
2026-08-23T19:40:01+09:00,6,,,,,6,,,,,,,,
2026-08-23T19:50:01+09:00,6,,,,,6,,,,,,,,
2026-08-23T20:00:01+09:00,6,,,,,6,,,,,,,,
2026-08-23T20:10:01+09:00,6,,,,,6,,,,,,,,
2026-08-23T20:20:01+09:00,6,,,,,6,,,,,,,,
2026-08-23T20:30:01+09:00,6,,,,,6,,,,,,,,
2026-08-23T20:40:01+09:00,6,,,,,6,,,,,,,,
2026-08-23T20:50:01+09:00,5,,,,,5,,,,,,,,
2026-08-23T21:00:01+09:00,5,,,,,5,,,,,,,,
2026-08-23T21:10:01+09:00,5,,,,,5,,,,,,,,
2026-08-23T21:20:01+09:00,5,,,,,5,,,,,,,,
2026-08-23T21:30:01+09:00,5,,,,,5,,,,,,,,
2026-08-23T21:40:01+09:00,5,,,,,5,,,,,,,,
2026-08-23T21:50:01+09:00,5,,,,,5,,,,,,,,
2026-08-23T22:00:01+09:00,5,,,,,5,,,,,,,,
2026-08-23T22:10:01+09:00,5,,,,,5,,,,,,,,
2026-08-23T22:20:01+09:00,5,,,,,5,,,,,,,,
2026-08-23T22:30:01+09:00,5,,,,,5,,,,,,,,
2026-08-23T22:40:01+09:00,5,,,,,5,,,,,,,,
2026-08-23T22:50:01+09:00,5,,,,,5,,,,,,,,
2026-08-23T23:00:01+09:00,5,,,,,5,,,,,,,,
2026-08-23T23:10:01+09:00,5,,,,,5,,,,,,,,
2026-08-23T23:20:01+09:00,5,,,,,5,,,,,,,,
2026-08-23T23:30:01+09:00,5,,,,,5,,,,,,,,
2026-08-23T23:40:01+09:00,5,,,,,5,,,,,,,,
2026-08-23T23:50:01+09:00,5,,,,,5,,,,,,,,
2026-08-24T00:00:01+09:00,5,,,,,5,,,,,,,,
2026-08-24T00:10:01+09:00,5,,,,,5,,,,,,,,
2026-08-24T00:20:01+09:00,5,,,,,5,,,,,,,,
2026-08-24T00:30:01+09:00,5,,,,,5,,,,,,,,
2026-08-24T00:40:01+09:00,5,,,,,5,,,,,,,,
2026-08-24T00:50:01+09:00,5,,,,,5,,,,,,,,
2026-08-24T01:00:01+09:00,5,,,,,5,,,,,,,,
2026-08-24T01:10:01+09:00,5,,,,,5,,,,,,,,
2026-08-24T01:20:01+09:00,5,,,,,5,,,,,,,,
2026-08-24T01:30:01+09:00,5,,,,,5,,,,,,,,
2026-08-24T01:40:01+09:00,5,,,,,5,,,,,,,,
2026-08-24T01:50:01+09:00,5,,,,,5,,,,,,,,
2026-08-24T02:00:01+09:00,5,,,,,5,,,,,,,,
2026-08-24T02:10:01+09:00,5,,,,,5,,,,,,,,
2026-08-24T02:20:01+09:00,5,,,,,5,,,,,,,,
2026-08-24T02:30:01+09:00,5,,,,,5,,,,,,,,
2026-08-24T02:40:01+09:00,5,,,,,5,,,,,,,,
2026-08-24T02:50:01+09:00,5,,,,,5,,,,,,,,
2026-08-24T03:00:01+09:00,5,,,,,5,,,,,,,,
2026-08-24T03:10:01+09:00,5,,,,,5,,,,,,,,
2026-08-24T03:20:01+09:00,5,,,,,5,,,,,,,,
2026-08-24T03:30:01+09:00,5,,,,,5,,,,,,,,
2026-08-24T03:40:01+09:00,5,,,,,5,,,,,,,,
2026-08-24T03:50:01+09:00,5,,,,,5,,,,,,,,
2026-08-24T04:00:01+09:00,5,,,,,5,,,,,,,,
2026-08-24T04:10:01+09:00,5,,,,,5,,,,,,,,
2026-08-24T04:20:01+09:00,5,,,,,5,,,,,,,,
2026-08-24T04:30:01+09:00,5,,,,,5,,,,,,,,
2026-08-24T04:40:01+09:00,5,,,,,5,,,,,,,,
2026-08-24T04:50:01+09:00,5,,,,,5,,,,,,,,
2026-08-24T05:00:01+09:00,5,,,,,5,,,,,,,,
2026-08-24T05:10:01+09:00,5,,,,,5,,,,,,,,
2026-08-24T05:20:01+09:00,5,,,,,5,,,,,,,,
2026-08-24T05:30:01+09:00,5,,,,,5,,,,,,,,
2026-08-24T05:40:01+09:00,5,,,,,5,,,,,,,,
2026-08-24T05:50:01+09:00,5,,,,,5,,,,,,,,
2026-08-24T06:00:01+09:00,5,,,,,5,,,,,,,,
2026-08-24T06:10:01+09:00,5,,,,,5,,,,,,,,
2026-08-24T06:20:01+09:00,5,,,,,5,,,,,,,,
2026-08-24T06:30:01+09:00,5,,,,,5,,,,,,,,
2026-08-24T06:40:01+09:00,5,,,,,5,,,,,,,,
2026-08-24T06:50:01+09:00,5,,,,,5,,,,,,,,
2026-08-24T07:00:01+09:00,5,,,,,5,,,,,,,,
2026-08-24T07:10:01+09:00,5,,,,,5,,,,,,,,
2026-08-24T07:20:01+09:00,5,,,,,5,,,,,,,,
2026-08-24T07:30:01+09:00,5,,,,,5,,,,,,,,
2026-08-24T07:40:01+09:00,5,,,,,5,,,,,,,,
2026-08-24T07:50:01+09:00,5,,,,,5,,,,,,,,
2026-08-24T08:00:01+09:00,5,,,,,5,,,,,,,,
2026-08-24T08:10:01+09:00,5,,,,,5,,,,,,,,
2026-08-24T08:20:01+09:00,5,,,,,5,,,,,,,,
2026-08-24T08:30:01+09:00,5,,,,,5,,,,,,,,
2026-08-24T08:40:01+09:00,5,,,,,5,,,,,,,,
2026-08-24T08:50:01+09:00,8,,,,,8,,,,,,,,
2026-08-24T09:00:01+09:00,8,,,,,8,,,,,,,,
2026-08-24T09:10:01+09:00,8,,,,,8,,,,,,,,
2026-08-24T09:20:01+09:00,8,,,,,8,,,,,,,,
2026-08-24T09:30:01+09:00,8,,,,,8,,,,,,,,
2026-08-24T09:40:01+09:00,8,,,,,8,,,,,,,,
2026-08-24T09:50:01+09:00,9,,,,,9,,,,,,,,
2026-08-24T10:00:01+09:00,12,,,,,12,,,,,,,,
2026-08-24T10:10:01+09:00,13,,,,,13,,,,,,,,
2026-08-24T10:20:01+09:00,13,,,,,13,,,,,,,,
2026-08-24T10:30:01+09:00,14,,,,,14,,,,,,,,
2026-08-24T10:40:01+09:00,14,,,,,14,,,,,,,,
2026-08-24T10:50:01+09:00,14,,,,,14,,,,,,,,
2026-08-24T11:00:01+09:00,14,,,,,14,,,,,,,,
2026-08-24T11:10:01+09:00,13,,,,,13,,,,,,,,
2026-08-24T11:20:01+09:00,13,,,,,13,,,,,,,,
2026-08-24T11:30:01+09:00,13,,,,,13,,,,,,,,
2026-08-24T11:40:01+09:00,15,,,,,15,,,,,,,,
2026-08-24T11:50:01+09:00,17,,,,,17,,,,,,,,
2026-08-24T12:00:01+09:00,17,,,,,17,,,,,,,,
2026-08-24T12:10:01+09:00,17,,,,,17,,,,,,,,
2026-08-24T12:20:01+09:00,17,,,,,17,,,,,,,,
2026-08-24T12:30:01+09:00,18,,,,,18,,,,,,,,
2026-08-24T12:40:01+09:00,18,,,,,18,,,,,,,,
2026-08-24T12:50:01+09:00,18,,,,,18,,,,,,,,
2026-08-24T13:00:01+09:00,18,,,,,18,,,,,,,,
2026-08-24T13:10:01+09:00,18,,,,,18,,,,,,,,
2026-08-24T13:20:01+09:00,18,,,,,18,,,,,,,,
2026-08-24T13:30:01+09:00,19,,,,,19,,,,,,,,
2026-08-24T13:40:01+09:00,19,,,,,19,,,,,,,,
2026-08-24T13:50:01+09:00,18,,,,,18,,,,,,,,
2026-08-24T14:00:01+09:00,18,,,,,18,,,,,,,,
2026-08-24T14:10:01+09:00,18,,,,,18,,,,,,,,
2026-08-24T14:20:01+09:00,18,,,,,18,,,,,,,,
2026-08-24T14:30:01+09:00,17,,,,,17,,,,,,,,
2026-08-24T14:40:01+09:00,18,,,,,18,,,,,,,,
2026-08-24T14:50:01+09:00,19,,,,,19,,,,,,,,
2026-08-24T15:00:01+09:00,21,,,,,21,,,,,,,,
2026-08-24T15:10:01+09:00,20,,,,,20,,,,,,,,
2026-08-24T15:20:01+09:00,22,,,,,22,,,,,,,,
2026-08-24T15:30:01+09:00,22,,,,,22,,,,,,,,
2026-08-24T15:40:01+09:00,22,,,,,22,,,,,,,,
2026-08-24T15:50:01+09:00,22,,,,,22,,,,,,,,
2026-08-24T16:00:01+09:00,22,,,,,22,,,,,,,,
2026-08-24T16:10:01+09:00,22,,,,,22,,,,,,,,
2026-08-24T16:20:01+09:00,22,,,,,22,,,,,,,,
2026-08-24T16:30:01+09:00,22,,,,,22,,,,,,,,
2026-08-24T16:40:01+09:00,21,,,,,21,,,,,,,,
2026-08-24T16:50:01+09:00,21,,,,,21,,,,,,,,
2026-08-24T17:00:01+09:00,19,,,,,19,,,,,,,,
2026-08-24T17:10:01+09:00,19,,,,,19,,,,,,,,
2026-08-24T17:20:01+09:00,19,,,,,19,,,,,,,,
2026-08-24T17:30:01+09:00,19,,,,,19,,,,,,,,
2026-08-24T17:40:01+09:00,18,,,,,18,,,,,,,,
2026-08-24T17:50:01+09:00,18,,,,,18,,,,,,,,
2026-08-24T18:00:01+09:00,18,,,,,18,,,,,,,,
2026-08-24T18:10:01+09:00,18,,,,,18,,,,,,,,
2026-08-24T18:20:01+09:00,17,,,,,17,,,,,,,,
2026-08-24T18:30:01+09:00,17,,,,,17,,,,,,,,
2026-08-24T18:40:01+09:00,16,,,,,16,,,,,,,,
2026-08-24T18:50:01+09:00,16,,,,,16,,,,,,,,
2026-08-24T19:00:01+09:00,17,,,,,17,,,,,,,,
2026-08-24T19:10:01+09:00,17,,,,,17,,,,,,,,
2026-08-24T19:20:01+09:00,15,,,,,15,,,,,,,,
2026-08-24T19:30:01+09:00,15,,,,,15,,,,,,,,
2026-08-24T19:40:01+09:00,12,,,,,12,,,,,,,,
2026-08-24T19:50:01+09:00,12,,,,,12,,,,,,,,
2026-08-24T20:00:01+09:00,12,,,,,12,,,,,,,,
2026-08-24T20:10:01+09:00,12,,,,,12,,,,,,,,
2026-08-24T20:20:01+09:00,12,,,,,12,,,,,,,,
2026-08-24T20:30:01+09:00,12,,,,,12,,,,,,,,
2026-08-24T20:40:01+09:00,12,,,,,12,,,,,,,,
2026-08-24T20:50:01+09:00,12,,,,,12,,,,,,,,
2026-08-24T21:00:01+09:00,12,,,,,12,,,,,,,,
2026-08-24T21:10:01+09:00,12,,,,,12,,,,,,,,
2026-08-24T21:20:01+09:00,12,,,,,12,,,,,,,,
2026-08-24T21:30:01+09:00,12,,,,,12,,,,,,,,
2026-08-24T21:40:01+09:00,12,,,,,12,,,,,,,,
2026-08-24T21:50:01+09:00,13,,,,,13,,,,,,,,
2026-08-24T22:00:01+09:00,13,,,,,13,,,,,,,,
2026-08-24T22:10:01+09:00,11,,,,,11,,,,,,,,
2026-08-24T22:20:01+09:00,11,,,,,11,,,,,,,,
2026-08-24T22:30:01+09:00,6,,,,,6,,,,,,,,
2026-08-24T22:40:01+09:00,6,,,,,6,,,,,,,,
2026-08-24T22:50:01+09:00,6,,,,,6,,,,,,,,
2026-08-24T23:00:01+09:00,6,,,,,6,,,,,,,,
2026-08-24T23:10:01+09:00,6,,,,,6,,,,,,,,
2026-08-24T23:20:01+09:00,6,,,,,6,,,,,,,,
2026-08-24T23:30:01+09:00,6,,,,,6,,,,,,,,
2026-08-24T23:40:01+09:00,6,,,,,6,,,,,,,,
2026-08-24T23:50:01+09:00,6,,,,,6,,,,,,,,
2026-08-25T00:00:01+09:00,6,,,,,6,,,,,,,,
2026-08-25T00:10:01+09:00,6,,,,,6,,,,,,,,
2026-08-25T00:20:01+09:00,6,,,,,6,,,,,,,,
2026-08-25T00:30:01+09:00,6,,,,,6,,,,,,,,
2026-08-25T00:40:01+09:00,6,,,,,6,,,,,,,,
2026-08-25T00:50:01+09:00,6,,,,,6,,,,,,,,
2026-08-25T01:00:01+09:00,6,,,,,6,,,,,,,,
2026-08-25T01:10:01+09:00,6,,,,,6,,,,,,,,
2026-08-25T01:20:01+09:00,6,,,,,6,,,,,,,,
2026-08-25T01:30:01+09:00,6,,,,,6,,,,,,,,
2026-08-25T01:40:01+09:00,6,,,,,6,,,,,,,,
2026-08-25T01:50:01+09:00,6,,,,,6,,,,,,,,
2026-08-25T02:00:01+09:00,6,,,,,6,,,,,,,,
2026-08-25T02:10:01+09:00,6,,,,,6,,,,,,,,
2026-08-25T02:20:01+09:00,6,,,,,6,,,,,,,,
2026-08-25T02:30:01+09:00,6,,,,,6,,,,,,,,
2026-08-25T02:40:01+09:00,6,,,,,6,,,,,,,,
2026-08-25T02:50:01+09:00,6,,,,,6,,,,,,,,
2026-08-25T03:00:01+09:00,6,,,,,6,,,,,,,,
2026-08-25T03:10:01+09:00,6,,,,,6,,,,,,,,
2026-08-25T03:20:01+09:00,6,,,,,6,,,,,,,,
2026-08-25T03:30:01+09:00,6,,,,,6,,,,,,,,
2026-08-25T03:40:01+09:00,6,,,,,6,,,,,,,,
2026-08-25T03:50:01+09:00,6,,,,,6,,,,,,,,
2026-08-25T04:00:01+09:00,6,,,,,6,,,,,,,,
2026-08-25T04:10:01+09:00,6,,,,,6,,,,,,,,
2026-08-25T04:20:01+09:00,6,,,,,6,,,,,,,,
2026-08-25T04:30:01+09:00,6,,,,,6,,,,,,,,
2026-08-25T04:40:01+09:00,6,,,,,6,,,,,,,,
2026-08-25T04:50:01+09:00,5,,,,,5,,,,,,,,
2026-08-25T05:00:01+09:00,5,,,,,5,,,,,,,,
2026-08-25T05:10:01+09:00,5,,,,,5,,,,,,,,
2026-08-25T05:20:01+09:00,5,,,,,5,,,,,,,,
2026-08-25T05:30:01+09:00,5,,,,,5,,,,,,,,
2026-08-25T05:40:01+09:00,5,,,,,5,,,,,,,,
2026-08-25T05:50:01+09:00,5,,,,,5,,,,,,,,
2026-08-25T06:00:01+09:00,5,,,,,5,,,,,,,,
2026-08-25T06:10:01+09:00,5,,,,,5,,,,,,,,
2026-08-25T06:20:01+09:00,5,,,,,5,,,,,,,,
2026-08-25T06:30:01+09:00,5,,,,,5,,,,,,,,
2026-08-25T06:40:01+09:00,5,,,,,5,,,,,,,,
2026-08-25T06:50:01+09:00,5,,,,,5,,,,,,,,
2026-08-25T07:00:01+09:00,5,,,,,5,,,,,,,,
2026-08-25T07:10:01+09:00,5,,,,,5,,,,,,,,
2026-08-25T07:20:01+09:00,5,,,,,5,,,,,,,,
2026-08-25T07:30:01+09:00,5,,,,,5,,,,,,,,
2026-08-25T07:40:01+09:00,5,,,,,5,,,,,,,,
2026-08-25T07:50:01+09:00,5,,,,,5,,,,,,,,
2026-08-25T08:00:01+09:00,5,,,,,5,,,,,,,,
2026-08-25T08:10:01+09:00,5,,,,,5,,,,,,,,
2026-08-25T08:20:01+09:00,5,,,,,5,,,,,,,,
2026-08-25T08:30:01+09:00,5,,,,,5,,,,,,,,
2026-08-25T08:40:01+09:00,5,,,,,5,,,,,,,,
2026-08-25T08:50:01+09:00,5,,,,,5,,,,,,,,
2026-08-25T09:00:01+09:00,5,,,,,5,,,,,,,,
2026-08-25T09:10:01+09:00,5,,,,,5,,,,,,,,
2026-08-25T09:20:01+09:00,5,,,,,5,,,,,,,,
2026-08-25T09:30:01+09:00,5,,,,,5,,,,,,,,
2026-08-25T09:40:01+09:00,5,,,,,5,,,,,,,,
2026-08-25T09:50:01+09:00,7,,,,,7,,,,,,,,
2026-08-25T10:00:01+09:00,8,,,,,8,,,,,,,,
2026-08-25T10:10:01+09:00,8,,,,,8,,,,,,,,
2026-08-25T10:20:01+09:00,11,,,,,11,,,,,,,,
2026-08-25T10:30:01+09:00,11,,,,,11,,,,,,,,
2026-08-25T10:40:01+09:00,11,,,,,11,,,,,,,,
2026-08-25T10:50:01+09:00,13,,,,,13,,,,,,,,
2026-08-25T11:00:01+09:00,17,,,,,17,,,,,,,,
2026-08-25T11:10:01+09:00,17,,,,,17,,,,,,,,
2026-08-25T11:20:01+09:00,17,,,,,17,,,,,,,,
2026-08-25T11:30:01+09:00,17,,,,,17,,,,,,,,
2026-08-25T11:40:01+09:00,17,,,,,17,,,,,,,,
2026-08-25T11:50:01+09:00,17,,,,,17,,,,,,,,
2026-08-25T12:00:01+09:00,17,,,,,17,,,,,,,,
2026-08-25T12:10:01+09:00,17,,,,,17,,,,,,,,
2026-08-25T12:20:01+09:00,17,,,,,17,,,,,,,,
2026-08-25T12:30:01+09:00,19,,,,,19,,,,,,,,
2026-08-25T12:40:01+09:00,19,,,,,19,,,,,,,,
2026-08-25T12:50:01+09:00,20,,,,,20,,,,,,,,
2026-08-25T13:00:01+09:00,21,,,,,21,,,,,,,,
2026-08-25T13:10:01+09:00,20,,,,,20,,,,,,,,
2026-08-25T13:20:01+09:00,20,,,,,20,,,,,,,,
2026-08-25T13:30:01+09:00,18,,,,,18,,,,,,,,
2026-08-25T13:40:01+09:00,18,,,,,18,,,,,,,,
2026-08-25T13:50:01+09:00,18,,,,,18,,,,,,,,
2026-08-25T14:00:01+09:00,18,,,,,18,,,,,,,,
2026-08-25T14:10:01+09:00,17,,,,,17,,,,,,,,
2026-08-25T14:20:01+09:00,18,,,,,18,,,,,,,,
2026-08-25T14:30:01+09:00,17,,,,,17,,,,,,,,
2026-08-25T14:40:01+09:00,17,,,,,17,,,,,,,,
2026-08-25T14:50:01+09:00,21,,,,,21,,,,,,,,
2026-08-25T15:00:01+09:00,21,,,,,21,,,,,,,,
2026-08-25T15:10:01+09:00,21,,,,,21,,,,,,,,
2026-08-25T15:20:01+09:00,20,,,,,20,,,,,,,,
2026-08-25T15:30:01+09:00,20,,,,,20,,,,,,,,
2026-08-25T15:40:01+09:00,19,,,,,19,,,,,,,,
2026-08-25T15:50:01+09:00,19,,,,,19,,,,,,,,
2026-08-25T16:00:01+09:00,19,,,,,19,,,,,,,,
2026-08-25T16:10:01+09:00,18,,,,,18,,,,,,,,
2026-08-25T16:20:01+09:00,17,,,,,17,,,,,,,,
2026-08-25T16:30:01+09:00,16,,,,,16,,,,,,,,
2026-08-25T16:40:01+09:00,16,,,,,16,,,,,,,,
2026-08-25T16:50:01+09:00,16,,,,,16,,,,,,,,
2026-08-25T17:00:01+09:00,18,,,,,18,,,,,,,,
2026-08-25T17:10:01+09:00,21,,,,,21,,,,,,,,
2026-08-25T17:20:01+09:00,20,,,,,20,,,,,,,,
2026-08-25T17:30:01+09:00,20,,,,,20,,,,,,,,
2026-08-25T17:40:01+09:00,20,,,,,20,,,,,,,,
2026-08-25T17:50:01+09:00,20,,,,,20,,,,,,,,
2026-08-25T18:00:01+09:00,20,,,,,20,,,,,,,,
2026-08-25T18:10:01+09:00,19,,,,,19,,,,,,,,
2026-08-25T18:20:01+09:00,18,,,,,18,,,,,,,,
2026-08-25T18:30:01+09:00,19,,,,,19,,,,,,,,
2026-08-25T18:40:01+09:00,18,,,,,18,,,,,,,,
2026-08-25T18:50:01+09:00,16,,,,,16,,,,,,,,
2026-08-25T19:00:01+09:00,17,,,,,17,,,,,,,,
2026-08-25T19:10:01+09:00,14,,,,,14,,,,,,,,
2026-08-25T19:20:01+09:00,15,,,,,15,,,,,,,,
2026-08-25T19:30:01+09:00,15,,,,,15,,,,,,,,
2026-08-25T19:40:01+09:00,14,,,,,14,,,,,,,,
2026-08-25T19:50:01+09:00,15,,,,,15,,,,,,,,
2026-08-25T20:00:01+09:00,15,,,,,15,,,,,,,,
2026-08-25T20:10:01+09:00,10,,,,,10,,,,,,,,
2026-08-25T20:20:01+09:00,12,,,,,12,,,,,,,,
2026-08-25T20:30:01+09:00,12,,,,,12,,,,,,,,
2026-08-25T20:40:01+09:00,12,,,,,12,,,,,,,,
2026-08-25T20:50:01+09:00,12,,,,,12,,,,,,,,
2026-08-25T21:00:01+09:00,11,,,,,11,,,,,,,,
2026-08-25T21:10:01+09:00,11,,,,,11,,,,,,,,
2026-08-25T21:20:01+09:00,11,,,,,11,,,,,,,,
2026-08-25T21:30:01+09:00,9,,,,,9,,,,,,,,
2026-08-25T21:40:01+09:00,7,,,,,7,,,,,,,,
2026-08-25T21:50:01+09:00,7,,,,,7,,,,,,,,
2026-08-25T22:00:01+09:00,7,,,,,7,,,,,,,,
2026-08-25T22:10:01+09:00,7,,,,,7,,,,,,,,
2026-08-25T22:20:01+09:00,7,,,,,7,,,,,,,,
2026-08-25T22:30:01+09:00,7,,,,,7,,,,,,,,
2026-08-25T22:40:01+09:00,7,,,,,7,,,,,,,,
2026-08-25T22:50:01+09:00,7,,,,,7,,,,,,,,
2026-08-25T23:00:01+09:00,7,,,,,7,,,,,,,,
2026-08-25T23:10:01+09:00,7,,,,,7,,,,,,,,
2026-08-25T23:20:01+09:00,7,,,,,7,,,,,,,,
2026-08-25T23:30:01+09:00,7,,,,,7,,,,,,,,
2026-08-25T23:40:01+09:00,7,,,,,7,,,,,,,,
2026-08-25T23:50:01+09:00,7,,,,,7,,,,,,,,
2026-08-26T00:00:01+09:00,7,,,,,7,,,,,,,,
2026-08-26T00:10:01+09:00,7,,,,,7,,,,,,,,
2026-08-26T00:20:01+09:00,7,,,,,7,,,,,,,,
2026-08-26T00:30:01+09:00,5,,,,,5,,,,,,,,
2026-08-26T00:40:01+09:00,5,,,,,5,,,,,,,,
2026-08-26T00:50:01+09:00,5,,,,,5,,,,,,,,
2026-08-26T01:00:01+09:00,5,,,,,5,,,,,,,,
2026-08-26T01:10:01+09:00,5,,,,,5,,,,,,,,
2026-08-26T01:20:01+09:00,5,,,,,5,,,,,,,,
2026-08-26T01:30:01+09:00,5,,,,,5,,,,,,,,
2026-08-26T01:40:01+09:00,5,,,,,5,,,,,,,,
2026-08-26T01:50:01+09:00,5,,,,,5,,,,,,,,
2026-08-26T02:00:01+09:00,5,,,,,5,,,,,,,,
2026-08-26T02:10:01+09:00,5,,,,,5,,,,,,,,
2026-08-26T02:20:01+09:00,5,,,,,5,,,,,,,,
2026-08-26T02:30:01+09:00,5,,,,,5,,,,,,,,
2026-08-26T02:40:01+09:00,5,,,,,5,,,,,,,,
2026-08-26T02:50:01+09:00,5,,,,,5,,,,,,,,
2026-08-26T03:00:01+09:00,5,,,,,5,,,,,,,,
2026-08-26T03:10:01+09:00,5,,,,,5,,,,,,,,
2026-08-26T03:20:01+09:00,5,,,,,5,,,,,,,,
2026-08-26T03:30:01+09:00,5,,,,,5,,,,,,,,
2026-08-26T03:40:01+09:00,5,,,,,5,,,,,,,,
2026-08-26T03:50:01+09:00,5,,,,,5,,,,,,,,
2026-08-26T04:00:01+09:00,5,,,,,5,,,,,,,,
2026-08-26T04:10:01+09:00,5,,,,,5,,,,,,,,
2026-08-26T04:20:01+09:00,5,,,,,5,,,,,,,,
2026-08-26T04:30:01+09:00,5,,,,,5,,,,,,,,
2026-08-26T04:40:01+09:00,5,,,,,5,,,,,,,,
2026-08-26T04:50:01+09:00,5,,,,,5,,,,,,,,
2026-08-26T05:00:01+09:00,5,,,,,5,,,,,,,,
2026-08-26T05:10:01+09:00,5,,,,,5,,,,,,,,
2026-08-26T05:20:01+09:00,5,,,,,5,,,,,,,,
2026-08-26T05:30:01+09:00,5,,,,,5,,,,,,,,
2026-08-26T05:40:01+09:00,5,,,,,5,,,,,,,,
2026-08-26T05:50:01+09:00,5,,,,,5,,,,,,,,
2026-08-26T06:00:01+09:00,5,,,,,5,,,,,,,,
2026-08-26T06:10:01+09:00,5,,,,,5,,,,,,,,
2026-08-26T06:20:01+09:00,5,,,,,5,,,,,,,,
2026-08-26T06:30:01+09:00,5,,,,,5,,,,,,,,
2026-08-26T06:40:01+09:00,5,,,,,5,,,,,,,,
2026-08-26T06:50:01+09:00,5,,,,,5,,,,,,,,
2026-08-26T07:00:01+09:00,5,,,,,5,,,,,,,,
2026-08-26T07:10:01+09:00,5,,,,,5,,,,,,,,
2026-08-26T07:20:01+09:00,5,,,,,5,,,,,,,,
2026-08-26T07:30:01+09:00,5,,,,,5,,,,,,,,
2026-08-26T07:40:01+09:00,5,,,,,5,,,,,,,,
2026-08-26T07:50:01+09:00,5,,,,,5,,,,,,,,
2026-08-26T08:00:01+09:00,5,,,,,5,,,,,,,,
2026-08-26T08:10:01+09:00,5,,,,,5,,,,,,,,
2026-08-26T08:20:01+09:00,5,,,,,5,,,,,,,,
2026-08-26T08:30:01+09:00,5,,,,,5,,,,,,,,
2026-08-26T08:40:01+09:00,5,,,,,5,,,,,,,,
2026-08-26T08:50:01+09:00,5,,,,,5,,,,,,,,
2026-08-26T09:00:01+09:00,5,,,,,5,,,,,,,,
2026-08-26T09:10:01+09:00,6,,,,,6,,,,,,,,
2026-08-26T09:20:01+09:00,8,,,,,8,,,,,,,,
2026-08-26T09:30:01+09:00,9,,,,,9,,,,,,,,
2026-08-26T09:40:01+09:00,12,,,,,12,,,,,,,,
2026-08-26T09:50:01+09:00,12,,,,,12,,,,,,,,
2026-08-26T10:00:01+09:00,13,,,,,13,,,,,,,,
2026-08-26T10:10:01+09:00,14,,,,,14,,,,,,,,
2026-08-26T10:20:01+09:00,12,,,,,12,,,,,,,,
2026-08-26T10:30:01+09:00,12,,,,,12,,,,,,,,
2026-08-26T10:40:01+09:00,10,,,,,10,,,,,,,,
2026-08-26T10:50:01+09:00,10,,,,,10,,,,,,,,
2026-08-26T11:00:01+09:00,10,,,,,10,,,,,,,,
2026-08-26T11:10:01+09:00,11,,,,,11,,,,,,,,
2026-08-26T11:20:01+09:00,11,,,,,11,,,,,,,,
2026-08-26T11:30:01+09:00,11,,,,,11,,,,,,,,
2026-08-26T11:40:01+09:00,10,,,,,10,,,,,,,,
2026-08-26T11:50:01+09:00,10,,,,,10,,,,,,,,
2026-08-26T12:00:01+09:00,243,12,12,6,12,13,9,56,0,81,3,15,20,4
2026-08-26T12:10:01+09:00,244,12,12,6,12,14,9,56,0,81,3,15,20,4
2026-08-26T12:20:01+09:00,20,,,,,20,,,,,,,,
2026-08-26T12:30:01+09:00,20,,,,,20,,,,,,,,
2026-08-26T12:40:01+09:00,19,,,,,19,,,,,,,,
2026-08-26T12:55:01+09:00,0,,,,,,,,,,,,,
2026-08-26T13:05:01+09:00,230,11,10,6,12,13,14,48,0,84,0,15,17,0
2026-08-26T13:15:01+09:00,232,11,9,6,12,13,14,46,0,86,2,15,18,0
2026-08-26T13:25:01+09:00,237,9,8,6,12,13,15,43,0,88,1,17,22,3
2026-08-26T13:35:01+09:00,241,9,8,6,13,13,11,46,1,103,0,15,15,1
2026-08-26T13:45:01+09:00,237,11,8,6,12,13,11,50,0,103,0,14,9,0
2026-08-26T13:55:01+09:00,231,12,8,6,13,13,12,48,0,95,1,14,9,0
2026-08-26T14:05:01+09:00,228,13,7,6,13,12,12,46,0,96,1,13,9,0
2026-08-26T14:15:01+09:00,230,13,7,6,13,12,12,50,0,93,1,13,9,1
2026-08-26T14:25:01+09:00,229,14,7,6,13,12,13,48,0,94,1,13,8,0
2026-08-26T14:35:01+09:00,237,14,6,6,14,13,13,52,0,95,0,12,11,1
2026-08-26T14:45:01+09:00,238,14,6,7,16,13,17,48,0,96,0,12,9,0
2026-08-26T14:55:01+09:00,245,14,7,6,16,13,16,52,0,97,0,12,12,0
2026-08-26T15:05:01+09:00,238,14,6,6,18,13,14,50,0,92,1,12,12,0
2026-08-26T15:15:01+09:00,230,14,6,7,18,11,13,47,0,91,1,13,9,0
2026-08-26T15:25:01+09:00,220,13,6,7,18,11,13,42,0,90,1,13,6,0
2026-08-26T15:35:01+09:00,219,13,6,7,18,12,14,40,0,91,0,12,6,0
2026-08-26T15:45:01+09:00,220,13,6,7,17,12,12,40,0,92,0,12,8,1
2026-08-26T15:55:01+09:00,221,14,7,7,16,12,12,39,0,92,0,12,8,2
2026-08-26T16:05:01+09:00,227,13,6,7,17,14,13,44,0,92,0,13,8,0
2026-08-26T16:15:01+09:00,226,13,6,6,16,14,13,42,0,91,1,14,10,0
2026-08-26T16:25:01+09:00,230,13,5,7,16,16,15,43,0,91,0,13,11,0
2026-08-26T16:35:01+09:00,234,13,4,6,17,16,15,48,2,89,1,13,8,2
2026-08-26T16:45:01+09:00,229,16,4,6,16,16,14,42,0,90,2,13,9,1
2026-08-26T16:55:01+09:00,230,16,4,6,15,16,14,43,0,91,2,13,8,2
2026-08-26T17:05:01+09:00,226,16,4,9,17,16,17,38,0,89,2,12,5,1
2026-08-26T17:15:01+09:00,214,17,4,7,15,16,16,37,0,78,0,16,5,3
2026-08-26T17:25:01+09:00,201,17,4,6,15,16,17,30,0,72,0,18,5,1
2026-08-26T17:35:01+09:00,197,18,4,6,15,18,18,27,2,71,0,13,5,0
2026-08-26T17:45:01+09:00,183,19,4,6,15,18,18,24,2,55,2,12,5,3
2026-08-26T17:55:01+09:00,171,19,4,6,15,17,16,19,3,53,1,12,5,1
2026-08-26T18:05:01+09:00,156,18,4,6,14,17,16,13,1,46,4,12,5,0
2026-08-26T18:15:01+09:00,143,18,4,4,14,17,14,13,1,41,0,13,4,0
2026-08-26T18:25:01+09:00,142,18,4,4,11,17,14,14,2,39,1,13,4,1
2026-08-26T18:35:01+09:00,148,17,4,3,11,19,14,16,5,39,0,13,4,3
2026-08-26T18:45:01+09:00,142,18,4,3,11,19,13,14,1,38,0,15,5,1
2026-08-26T18:55:01+09:00,132,17,4,3,11,19,8,13,3,36,1,13,4,0
2026-08-26T19:05:01+09:00,132,19,4,3,11,19,10,10,2,36,2,12,4,0
2026-08-26T19:15:01+09:00,128,20,4,3,11,17,11,11,0,33,1,13,4,0
2026-08-26T19:25:01+09:00,124,20,4,3,11,17,11,11,0,30,0,13,4,0
2026-08-26T19:35:01+09:00,123,20,4,3,11,17,13,11,0,27,1,12,4,0
2026-08-26T19:45:01+09:00,122,21,4,2,11,16,10,11,0,27,3,13,4,0
2026-08-26T19:55:01+09:00,118,21,4,2,10,14,10,12,1,25,3,12,4,0
2026-08-26T20:05:01+09:00,119,19,6,3,10,15,8,12,2,26,0,12,4,2
2026-08-26T20:15:01+09:00,112,18,4,3,10,15,8,12,1,22,2,13,4,0
2026-08-26T20:25:01+09:00,104,17,4,2,10,14,6,12,2,19,1,13,4,0
2026-08-26T20:35:01+09:00,93,17,4,2,10,9,6,11,0,18,0,12,4,0
2026-08-26T20:45:01+09:00,94,18,4,2,10,9,6,11,0,18,0,12,4,0
2026-08-26T20:55:01+09:00,96,18,4,2,11,9,6,11,0,18,1,12,4,0
2026-08-26T21:05:01+09:00,97,19,4,2,11,10,6,12,0,17,0,12,4,0
2026-08-26T21:15:01+09:00,95,19,4,2,10,10,6,11,0,16,0,12,4,1
2026-08-26T21:25:01+09:00,95,18,4,2,10,10,6,12,0,16,0,13,4,0
2026-08-26T21:35:01+09:00,97,18,4,2,10,13,6,12,0,16,0,12,4,0
2026-08-26T21:45:01+09:00,93,13,4,2,10,13,6,11,0,16,0,12,4,2
2026-08-26T21:55:01+09:00,96,13,4,2,14,13,6,11,0,16,0,12,4,1
2026-08-26T22:05:01+09:00,92,12,4,2,14,12,6,11,0,15,0,12,4,0
2026-08-26T22:15:01+09:00,91,12,4,2,10,12,8,11,0,16,0,12,4,0
2026-08-26T22:25:01+09:00,94,12,4,2,10,12,10,11,0,16,0,13,4,0
2026-08-26T22:35:01+09:00,91,8,4,2,10,12,6,12,0,15,0,13,4,5
2026-08-26T22:45:01+09:00,87,7,4,2,10,12,6,12,0,16,0,12,4,2
2026-08-26T22:55:01+09:00,84,7,4,2,10,12,6,11,0,16,0,12,4,0
2026-08-26T23:05:01+09:00,84,7,4,2,10,12,6,11,0,15,1,12,4,0
2026-08-26T23:15:01+09:00,85,7,4,2,11,12,6,11,0,15,1,12,4,0
2026-08-26T23:25:01+09:00,84,7,4,2,10,12,6,11,0,15,0,13,4,0
2026-08-26T23:35:01+09:00,83,7,4,2,10,12,6,11,0,15,0,12,4,0
2026-08-26T23:45:01+09:00,83,7,4,2,10,12,6,11,0,15,0,12,4,0
2026-08-26T23:55:01+09:00,83,7,4,2,10,12,6,11,0,15,0,12,4,0
2026-08-27T00:05:01+09:00,83,7,4,2,10,12,6,11,0,15,0,12,4,0
2026-08-27T00:15:01+09:00,83,7,4,2,11,10,6,11,0,15,0,13,4,0
2026-08-27T00:25:01+09:00,83,7,4,3,10,9,6,11,0,15,0,14,4,0
2026-08-27T00:35:01+09:00,84,7,4,5,10,9,6,11,0,15,0,13,4,0
2026-08-27T00:45:01+09:00,83,7,4,6,10,8,6,11,0,15,0,12,4,0
2026-08-27T00:55:01+09:00,82,7,4,6,10,8,6,11,0,14,0,12,4,0
2026-08-27T01:05:01+09:00,81,7,4,6,10,6,6,11,0,15,0,12,4,0
2026-08-27T01:15:01+09:00,80,7,4,6,10,6,5,11,0,15,0,12,4,0
2026-08-27T01:25:01+09:00,78,7,4,6,10,6,3,11,0,14,0,13,4,0
2026-08-27T01:35:01+09:00,78,7,4,6,10,6,3,11,0,14,0,13,4,0
2026-08-27T01:45:01+09:00,77,7,4,6,10,6,3,11,0,14,0,12,4,0
2026-08-27T01:55:01+09:00,77,7,4,6,10,6,3,11,0,14,0,12,4,0
2026-08-27T02:05:01+09:00,78,7,4,6,10,6,3,11,0,15,0,12,4,0
2026-08-27T02:15:01+09:00,78,7,4,6,10,6,3,11,0,15,0,12,4,0
2026-08-27T02:25:01+09:00,78,7,4,6,10,6,3,11,0,15,0,12,4,0
2026-08-27T02:35:01+09:00,78,7,4,6,10,6,3,11,0,15,0,12,4,0
2026-08-27T02:45:01+09:00,77,7,4,6,10,6,3,11,0,14,0,12,4,0
2026-08-27T02:55:01+09:00,77,7,4,6,10,6,3,11,0,14,0,12,4,0
2026-08-27T03:05:01+09:00,80,7,4,7,10,6,3,11,0,15,0,13,4,0
2026-08-27T03:15:01+09:00,78,7,4,7,10,6,3,11,0,14,0,12,4,0
2026-08-27T03:25:01+09:00,78,7,4,6,10,6,3,11,0,15,0,12,4,0
2026-08-27T03:35:01+09:00,78,7,4,6,10,6,3,11,0,15,0,12,4,0
2026-08-27T03:45:01+09:00,78,7,4,6,10,6,3,11,0,15,0,12,4,0
2026-08-27T03:55:01+09:00,78,7,4,6,10,6,3,11,0,15,0,12,4,0
2026-08-27T04:05:01+09:00,78,7,4,6,10,6,3,11,0,15,0,12,4,0
2026-08-27T04:15:01+09:00,78,7,4,6,10,6,3,11,0,15,0,12,4,0
2026-08-27T04:25:01+09:00,78,7,4,6,10,6,3,11,0,15,0,12,4,0
2026-08-27T04:35:01+09:00,79,7,4,6,10,6,3,11,0,15,0,13,4,0
2026-08-27T04:45:01+09:00,79,7,4,6,10,6,3,11,0,15,0,13,4,0
2026-08-27T04:55:01+09:00,78,7,4,6,10,6,3,11,0,15,0,12,4,0
2026-08-27T05:05:01+09:00,78,7,4,6,10,6,3,11,0,15,0,12,4,0
2026-08-27T05:15:01+09:00,78,7,4,6,10,6,3,11,0,15,0,12,4,0
2026-08-27T05:25:01+09:00,78,7,4,6,10,6,3,11,0,15,0,12,4,0
2026-08-27T05:35:01+09:00,78,7,4,6,10,6,3,11,0,15,0,12,4,0
2026-08-27T05:45:01+09:00,79,7,4,7,10,6,3,11,0,15,0,12,4,0
2026-08-27T05:55:01+09:00,74,7,4,2,10,6,3,11,1,14,0,12,4,0
2026-08-27T06:05:01+09:00,76,7,4,2,10,6,3,12,1,14,0,13,4,0
2026-08-27T06:15:01+09:00,75,7,4,2,10,6,3,12,0,14,0,13,4,0
2026-08-27T06:25:01+09:00,73,7,4,2,10,6,3,11,0,14,0,12,4,0
2026-08-27T06:35:01+09:00,74,7,4,2,10,6,3,11,0,15,0,12,4,0
2026-08-27T06:45:01+09:00,75,7,4,2,10,6,3,11,0,15,0,13,4,0
2026-08-27T06:55:01+09:00,74,7,4,2,10,6,3,11,0,15,0,12,4,0
2026-08-27T07:05:01+09:00,74,7,4,2,10,6,3,11,0,15,0,12,4,0
2026-08-27T07:15:01+09:00,74,7,4,2,10,6,3,11,0,15,0,12,4,0
2026-08-27T07:25:01+09:00,74,7,4,2,10,6,3,11,0,15,0,12,4,0
2026-08-27T07:35:01+09:00,75,7,4,2,10,6,3,12,0,14,0,13,4,0
2026-08-27T07:45:01+09:00,75,7,4,2,10,6,3,12,0,15,0,12,4,0
2026-08-27T07:55:01+09:00,77,7,4,3,10,6,3,13,0,15,0,12,4,0
2026-08-27T08:05:01+09:00,80,7,4,3,10,6,3,13,0,16,0,13,5,0
2026-08-27T08:15:01+09:00,90,7,4,4,10,6,3,15,0,23,0,13,4,1
2026-08-27T08:25:01+09:00,94,7,4,4,10,7,3,15,0,26,0,14,4,0
2026-08-27T08:35:01+09:00,109,7,4,6,10,7,3,17,0,37,1,13,4,0
2026-08-27T08:45:01+09:00,131,8,4,7,10,7,3,22,0,49,4,13,4,0
2026-08-27T08:55:01+09:00,169,7,4,8,10,7,3,28,1,80,4,13,4,0
2026-08-27T09:05:01+09:00,181,7,5,6,10,7,4,30,0,94,1,13,4,0
2026-08-27T09:15:01+09:00,184,7,5,8,11,7,4,32,0,91,2,13,4,0
2026-08-27T09:25:01+09:00,186,7,5,12,10,7,4,35,0,90,0,12,4,0
2026-08-27T09:35:01+09:00,190,7,5,11,10,10,4,36,0,90,1,12,4,0
2026-08-27T09:45:01+09:00,204,8,5,12,10,13,6,40,0,93,0,12,5,0
2026-08-27T09:55:01+09:00,207,8,8,12,10,14,6,41,0,91,0,12,5,0
2026-08-27T10:05:01+09:00,208,8,7,12,10,14,6,41,0,91,0,13,6,0
2026-08-27T10:15:01+09:00,206,8,7,14,10,14,7,37,0,91,0,13,5,0
2026-08-27T10:25:01+09:00,208,8,7,14,10,14,7,37,0,94,0,12,5,0
2026-08-27T10:35:01+09:00,209,8,7,14,10,14,8,37,0,94,0,12,5,0
2026-08-27T10:45:01+09:00,213,8,7,13,10,14,10,41,0,91,0,12,4,3
2026-08-27T10:55:01+09:00,215,8,7,14,10,14,11,43,0,92,0,12,4,0
2026-08-27T11:05:01+09:00,214,8,7,15,10,14,10,41,0,93,0,12,4,0
2026-08-27T11:15:01+09:00,214,8,7,14,10,14,10,41,0,93,0,13,4,0
2026-08-27T11:25:01+09:00,209,8,9,13,10,14,10,41,0,88,0,12,4,0
2026-08-27T11:35:01+09:00,212,9,8,10,10,14,11,45,0,81,1,12,10,1
2026-08-27T11:45:01+09:00,207,8,8,9,10,14,10,44,0,71,0,12,16,5
2026-08-27T11:55:01+09:00,217,13,7,11,11,14,10,46,0,71,0,12,17,5
2026-08-27T12:05:01+09:00,217,11,7,6,11,14,11,49,1,72,1,12,19,3
2026-08-27T12:15:01+09:00,220,11,7,8,12,14,10,48,0,72,1,14,17,6
2026-08-27T12:25:01+09:00,219,12,6,10,12,14,10,42,0,73,3,16,11,10
2026-08-27T12:35:01+09:00,236,12,6,10,13,18,11,55,0,81,5,12,8,5
2026-08-27T12:45:01+09:00,233,12,6,9,13,18,12,54,1,76,1,13,15,3
2026-08-27T12:55:01+09:00,223,12,6,10,12,17,12,50,0,70,1,14,18,1
2026-08-27T13:05:01+09:00,231,11,7,11,12,17,14,51,0,73,3,12,20,0
2026-08-27T13:15:01+09:00,227,14,7,12,13,17,14,47,0,72,1,13,17,0
2026-08-27T13:25:01+09:00,231,11,7,12,14,17,15,44,0,78,1,15,17,0
2026-08-27T13:35:01+09:00,235,13,7,12,12,17,12,46,1,91,0,12,12,0
2026-08-27T13:45:01+09:00,234,11,7,12,12,17,10,49,0,92,0,12,12,0
2026-08-27T13:55:01+09:00,237,11,8,12,12,17,12,51,0,92,0,12,10,0
2026-08-27T14:05:01+09:00,245,12,8,6,12,18,14,61,0,90,1,12,11,0
2026-08-27T14:15:01+09:00,241,12,8,6,12,18,10,61,0,88,0,14,12,0
2026-08-27T14:25:01+09:00,236,11,8,6,12,19,9,55,0,88,0,14,13,1
2026-08-27T14:35:01+09:00,238,11,7,6,11,21,10,59,4,87,0,12,9,1
2026-08-27T14:45:01+09:00,239,10,9,6,13,22,9,59,1,86,2,12,9,1
2026-08-27T14:55:01+09:00,236,9,7,6,14,22,10,55,0,92,1,13,7,0
2026-08-27T15:05:01+09:00,241,9,8,6,14,22,12,55,0,93,0,13,8,1
2026-08-27T15:15:01+09:00,244,9,9,6,14,22,15,57,0,90,0,13,8,1
2026-08-27T15:25:01+09:00,245,8,11,6,14,21,14,55,0,92,2,13,9,0
2026-08-27T15:35:01+09:00,239,9,11,6,14,21,12,51,0,92,1,13,9,0
2026-08-27T15:45:01+09:00,243,8,11,6,14,24,10,55,0,94,0,12,9,0
2026-08-27T15:55:01+09:00,241,8,11,6,14,24,10,55,0,92,0,12,9,0
2026-08-27T16:05:01+09:00,240,8,11,6,14,22,10,56,0,94,0,12,7,0
2026-08-27T16:15:01+09:00,241,8,11,6,15,22,10,57,0,93,0,12,7,0
2026-08-27T16:25:01+09:00,238,9,11,6,15,22,10,57,0,89,0,12,7,0
2026-08-27T16:35:01+09:00,235,8,11,6,15,20,10,58,1,86,0,12,8,0
2026-08-27T16:45:01+09:00,234,9,11,7,15,20,10,55,1,86,0,13,7,0
2026-08-27T16:55:01+09:00,236,9,11,7,15,20,10,58,0,85,1,12,7,1
2026-08-27T17:05:01+09:00,225,8,9,8,15,20,8,49,3,80,3,15,6,1
2026-08-27T17:15:01+09:00,202,9,8,6,15,20,10,47,3,63,3,13,5,0
2026-08-27T17:25:01+09:00,187,8,8,5,11,20,9,45,0,62,1,13,5,0
2026-08-27T17:35:01+09:00,181,8,8,6,11,21,8,40,0,61,0,12,6,0
2026-08-27T17:45:01+09:00,171,8,8,5,11,21,5,32,9,51,1,13,6,1
2026-08-27T17:55:01+09:00,147,8,7,5,11,22,5,20,3,45,1,13,6,1
2026-08-27T18:05:01+09:00,135,8,7,5,11,22,5,17,1,40,1,12,6,0
2026-08-27T18:15:01+09:00,129,9,4,4,13,22,6,17,1,32,0,13,5,3
2026-08-27T18:25:01+09:00,119,9,4,4,11,21,6,15,1,29,1,12,4,2
2026-08-27T18:35:01+09:00,115,9,4,4,9,21,5,13,2,28,1,12,4,3
2026-08-27T18:45:01+09:00,109,8,4,4,8,21,6,15,0,24,1,14,3,1
2026-08-27T18:55:01+09:00,104,8,4,4,8,21,6,13,1,22,0,14,3,0
2026-08-27T19:05:01+09:00,102,8,4,4,8,20,7,12,0,23,0,12,3,1
2026-08-27T19:15:01+09:00,100,8,4,5,8,21,8,12,0,18,1,12,3,0
2026-08-27T19:25:01+09:00,102,8,4,5,8,21,8,12,1,18,1,12,3,1
2026-08-27T19:35:01+09:00,94,8,4,4,8,18,7,13,0,14,2,12,3,1
2026-08-27T19:45:01+09:00,86,8,4,4,8,14,7,13,0,12,1,12,3,0
2026-08-27T19:55:01+09:00,84,8,4,4,8,14,7,12,0,11,0,13,3,0
2026-08-27T20:05:01+09:00,84,8,4,4,8,14,7,12,0,11,0,13,3,0
2026-08-27T20:15:01+09:00,81,8,4,4,8,13,5,12,0,12,0,12,3,0
2026-08-27T20:25:01+09:00,82,8,4,4,8,14,5,12,0,12,0,12,3,0
2026-08-27T20:35:01+09:00,83,8,4,4,8,15,5,12,0,12,0,12,3,0
2026-08-27T20:45:01+09:00,85,7,4,4,8,16,5,12,0,12,2,12,3,0
2026-08-27T20:55:01+09:00,84,7,4,4,8,16,5,12,0,12,1,12,3,0
2026-08-27T21:05:01+09:00,85,7,4,4,8,16,5,12,0,12,1,13,3,0
2026-08-27T21:15:01+09:00,83,7,4,2,8,16,5,13,1,11,0,13,3,0
2026-08-27T21:25:01+09:00,80,7,4,2,8,16,5,12,0,11,0,12,3,0
2026-08-27T21:35:01+09:00,83,7,4,2,8,16,5,12,0,12,0,12,3,2
2026-08-27T21:45:01+09:00,82,7,4,3,8,16,5,12,0,11,0,12,3,1
2026-08-27T21:55:01+09:00,81,7,4,2,8,16,5,12,0,12,0,12,3,0
2026-08-27T22:05:01+09:00,81,7,4,2,8,16,5,12,0,12,0,12,3,0
2026-08-27T22:15:01+09:00,77,7,4,2,8,12,5,12,0,12,0,12,3,0
2026-08-27T22:25:01+09:00,77,7,4,2,8,12,5,12,0,12,0,12,3,0
2026-08-27T22:35:01+09:00,77,7,4,2,8,12,5,12,0,12,0,12,3,0
2026-08-27T22:45:01+09:00,77,7,4,2,8,12,5,12,0,12,0,12,3,0
2026-08-27T22:55:01+09:00,80,7,4,2,9,13,5,12,0,12,0,12,3,1
2026-08-27T23:10:01+09:00,0,,,,,,,,,,,,,
2026-08-27T23:20:01+09:00,75,7,4,2,9,10,4,12,0,12,0,12,3,0
2026-08-27T23:30:01+09:00,71,7,4,2,8,8,3,12,0,12,0,12,3,0
2026-08-27T23:40:01+09:00,71,7,4,2,8,8,3,12,0,12,0,12,3,0
2026-08-27T23:50:01+09:00,71,7,4,2,8,8,3,12,0,12,0,12,3,0
2026-08-28T00:00:01+09:00,71,7,4,2,8,8,3,12,0,12,0,12,3,0
2026-08-28T00:10:01+09:00,73,7,4,2,8,9,3,12,0,12,1,12,3,0
2026-08-28T00:20:01+09:00,74,7,4,2,10,9,3,12,0,12,0,12,3,0
2026-08-28T00:30:01+09:00,73,7,4,2,9,9,3,12,0,12,0,12,3,0
2026-08-28T00:40:01+09:00,72,7,4,2,8,9,3,12,0,12,0,12,3,0
2026-08-28T00:50:01+09:00,72,7,4,2,8,9,3,12,0,12,0,12,3,0
2026-08-28T01:00:01+09:00,71,7,4,2,8,9,3,12,0,11,0,12,3,0
2026-08-28T01:10:01+09:00,72,7,4,2,8,9,3,12,0,12,0,12,3,0
2026-08-28T01:20:01+09:00,72,7,4,2,8,9,3,12,0,12,0,12,3,0
2026-08-28T01:30:01+09:00,71,7,4,2,8,9,3,12,0,11,0,12,3,0
2026-08-28T01:40:01+09:00,71,7,4,2,8,8,3,12,0,12,0,12,3,0
2026-08-28T01:50:01+09:00,68,7,4,2,8,5,3,12,0,12,0,12,3,0
2026-08-28T02:00:01+09:00,67,7,4,2,8,5,3,12,0,11,0,12,3,0
2026-08-28T02:10:01+09:00,68,7,4,2,8,5,3,12,0,12,0,12,3,0
2026-08-28T02:20:01+09:00,68,8,4,2,8,5,3,11,0,12,0,12,3,0
2026-08-28T02:30:01+09:00,67,7,4,2,8,5,3,11,0,12,0,12,3,0
2026-08-28T02:40:01+09:00,67,7,4,2,8,5,3,11,0,12,0,12,3,0
2026-08-28T02:50:01+09:00,67,7,4,2,8,5,3,11,0,12,0,12,3,0
2026-08-28T03:00:01+09:00,67,7,4,2,8,5,3,11,0,12,0,12,3,0
2026-08-28T03:10:01+09:00,68,7,4,2,8,5,3,12,0,12,0,12,3,0
2026-08-28T03:20:01+09:00,68,7,4,2,8,5,3,12,0,12,0,12,3,0
2026-08-28T03:30:01+09:00,68,7,4,2,8,5,3,12,0,12,0,12,3,0
2026-08-28T03:40:01+09:00,68,7,4,2,8,5,3,12,0,12,0,12,3,0
2026-08-28T03:50:01+09:00,68,7,4,2,8,5,3,12,0,12,0,12,3,0
2026-08-28T04:00:01+09:00,68,7,4,2,8,5,3,12,0,12,0,12,3,0
2026-08-28T04:10:01+09:00,68,7,4,2,8,5,3,12,0,12,0,12,3,0
2026-08-28T04:20:01+09:00,68,7,4,2,8,5,3,12,0,12,0,12,3,0
2026-08-28T04:30:01+09:00,68,7,4,2,8,5,3,12,0,12,0,12,3,0
2026-08-28T04:40:01+09:00,68,7,4,2,8,5,3,12,0,12,0,12,3,0
2026-08-28T04:50:01+09:00,68,7,4,2,8,5,3,12,0,12,0,12,3,0
2026-08-28T05:00:01+09:00,68,7,4,2,8,5,3,12,0,12,0,12,3,0
2026-08-28T05:10:01+09:00,67,7,4,2,8,5,3,12,0,11,0,12,3,0
2026-08-28T05:20:01+09:00,68,7,4,2,8,5,3,12,0,12,0,12,3,0
2026-08-28T05:30:01+09:00,68,7,4,2,8,5,3,12,0,12,0,12,3,0
2026-08-28T05:40:01+09:00,69,7,4,2,8,6,3,12,0,12,0,12,3,0
2026-08-28T05:50:01+09:00,69,7,4,2,8,6,3,12,0,12,0,12,3,0
2026-08-28T06:00:01+09:00,69,7,4,2,8,6,3,12,0,12,0,12,3,0
2026-08-28T06:10:01+09:00,69,7,4,2,8,6,3,12,0,12,0,12,3,0
2026-08-28T06:20:01+09:00,69,7,4,2,8,6,3,12,0,12,0,12,3,0
2026-08-28T06:30:01+09:00,69,7,4,2,8,6,3,12,0,12,0,12,3,0
2026-08-28T06:40:01+09:00,69,7,4,2,8,6,3,12,0,12,0,12,3,0
2026-08-28T06:50:01+09:00,69,7,4,2,8,6,3,12,0,12,0,12,3,0
2026-08-28T07:00:01+09:00,69,7,4,2,8,6,3,12,0,12,0,12,3,0
2026-08-28T07:10:01+09:00,69,7,4,2,8,6,3,12,0,12,0,12,3,0
2026-08-28T07:20:01+09:00,70,7,4,2,8,6,3,12,0,12,1,12,3,0
2026-08-28T07:30:01+09:00,70,7,4,2,8,6,3,13,0,12,0,12,3,0
2026-08-28T07:40:01+09:00,71,7,4,2,8,6,3,13,0,12,1,12,3,0
2026-08-28T07:50:01+09:00,71,7,4,2,8,6,3,13,0,12,0,13,3,0
2026-08-28T08:00:01+09:00,72,7,4,2,9,6,3,13,0,13,0,12,3,0
2026-08-28T08:10:01+09:00,75,8,4,2,8,6,3,13,0,15,0,13,3,0
2026-08-28T08:20:01+09:00,89,7,4,2,8,6,3,13,0,29,0,14,3,0
2026-08-28T08:30:01+09:00,99,7,4,2,8,6,3,18,0,34,0,14,3,0
2026-08-28T08:40:01+09:00,110,8,4,2,10,6,3,23,0,39,0,12,3,0
2026-08-28T08:50:01+09:00,142,9,4,2,9,6,3,23,3,63,3,12,3,2
2026-08-28T09:00:01+09:00,177,9,4,3,8,8,3,29,1,92,1,13,6,0
2026-08-28T09:10:01+09:00,179,8,4,4,8,10,3,30,0,93,1,12,6,0
2026-08-28T09:20:01+09:00,197,8,5,6,8,13,3,42,0,96,1,12,3,0
2026-08-28T09:30:01+09:00,203,8,6,4,8,13,4,42,0,101,1,13,3,0
2026-08-28T09:40:01+09:00,208,8,5,4,8,18,4,36,0,104,2,15,4,0
2026-08-28T09:50:01+09:00,208,9,5,4,8,18,4,37,0,101,1,17,4,0
2026-08-28T10:00:01+09:00,218,7,5,4,8,17,4,42,0,104,1,22,4,0
2026-08-28T10:10:01+09:00,229,7,4,4,8,16,4,48,0,101,1,31,5,0
2026-08-28T10:20:01+09:00,229,7,4,4,8,17,4,47,0,100,1,31,6,0
2026-08-28T10:30:01+09:00,242,7,5,4,11,17,5,52,0,99,1,32,8,1
2026-08-28T10:40:01+09:00,242,7,5,4,11,17,8,49,0,99,1,32,9,0
2026-08-28T10:50:01+09:00,241,7,6,4,10,17,6,54,0,96,1,32,8,0
2026-08-28T11:00:01+09:00,235,8,5,4,10,17,7,52,0,92,0,32,8,0
2026-08-28T11:10:01+09:00,237,8,5,3,9,18,7,51,0,93,0,32,9,2
2026-08-28T11:20:01+09:00,230,7,5,3,9,18,7,50,0,91,0,32,8,0
2026-08-28T11:30:01+09:00,233,7,5,6,9,18,7,50,0,89,1,32,9,0
2026-08-28T11:40:01+09:00,224,7,5,6,8,18,6,54,0,72,1,32,15,0
2026-08-28T11:50:01+09:00,216,8,5,7,9,18,7,54,0,64,0,24,20,0
2026-08-28T12:00:01+09:00,215,8,5,5,9,17,9,55,0,60,1,22,23,1
2026-08-28T12:10:01+09:00,167,5,0,5,2,17,7,47,0,46,2,16,19,1
2026-08-28T12:20:01+09:00,171,6,0,6,3,17,7,47,0,47,2,16,19,1
2026-08-28T12:30:01+09:00,193,6,0,5,2,17,7,55,0,64,1,22,14,0
2026-08-28T12:40:01+09:00,192,8,1,5,4,17,7,43,1,63,0,22,20,1
2026-08-28T12:50:01+09:00,192,8,1,5,2,18,8,43,0,63,2,21,21,0
2026-08-28T13:00:01+09:00,200,3,1,6,1,20,10,47,1,61,3,27,20,0
2026-08-28T13:10:01+09:00,203,3,1,5,2,21,9,46,1,63,2,26,23,1
2026-08-28T13:20:01+09:00,196,7,0,4,3,21,9,45,1,63,2,27,13,1
2026-08-28T13:30:01+09:00,191,5,0,4,1,19,7,45,2,68,3,25,11,1
2026-08-28T13:40:01+09:00,199,3,0,5,1,19,7,45,1,84,4,24,5,1
2026-08-28T13:50:01+09:00,193,4,0,5,1,20,7,43,1,78,2,27,5,0
2026-08-28T14:00:01+09:00,193,7,0,5,3,20,7,48,0,72,1,25,4,1
2026-08-28T14:10:01+09:00,196,5,1,6,1,20,7,53,0,73,1,25,3,1
2026-08-28T14:20:01+09:00,191,4,1,6,1,20,7,51,0,70,1,26,4,0
2026-08-28T14:30:01+09:00,192,3,0,6,2,20,7,52,0,69,1,27,5,0
2026-08-28T14:40:01+09:00,195,4,0,5,2,20,7,56,1,71,1,25,3,0
2026-08-28T14:50:01+09:00,187,4,0,5,2,19,2,53,0,72,0,24,3,3
2026-08-28T15:00:01+09:00,183,4,0,5,1,20,1,52,0,70,0,24,4,2
2026-08-28T15:10:01+09:00,181,4,0,4,1,20,2,50,0,70,0,26,4,0
2026-08-28T15:20:01+09:00,180,4,1,4,1,19,0,53,0,68,0,26,4,0
2026-08-28T15:30:01+09:00,192,5,0,4,1,19,3,50,0,76,1,26,7,0
2026-08-28T15:40:01+09:00,197,7,0,4,2,17,3,51,3,79,0,26,5,0
2026-08-28T15:50:01+09:00,195,5,0,4,2,17,3,56,2,78,0,26,1,1
2026-08-28T16:00:01+09:00,190,5,0,4,1,16,2,55,1,77,0,26,3,0
2026-08-28T16:10:01+09:00,184,5,0,4,1,16,2,54,4,70,0,26,2,0
2026-08-28T16:20:01+09:00,186,6,0,4,1,17,2,51,2,73,0,24,5,1
2026-08-28T16:30:01+09:00,188,5,0,4,1,17,3,52,3,75,1,24,3,0
2026-08-28T16:40:01+09:00,185,4,0,4,1,17,3,58,1,73,2,20,1,1
2026-08-28T16:50:01+09:00,177,4,1,4,1,18,3,60,1,67,4,12,1,1
2026-08-28T17:00:01+09:00,169,4,1,4,1,18,4,60,0,65,1,9,0,2
2026-08-28T17:10:01+09:00,159,4,1,4,4,18,4,52,0,57,4,9,0,2
2026-08-28T17:20:01+09:00,145,4,1,4,2,17,4,48,1,49,4,10,0,1
2026-08-28T17:30:01+09:00,131,5,1,3,1,17,2,45,0,44,6,7,0,0
2026-08-28T17:40:01+09:00,127,5,1,4,1,18,2,40,6,41,0,9,0,0
2026-08-28T17:50:01+09:00,114,6,1,3,3,18,2,35,1,35,1,8,0,1
2026-08-28T18:00:01+09:00,98,10,1,3,2,18,2,18,1,27,5,8,0,3
2026-08-28T18:10:01+09:00,94,10,0,3,2,23,5,11,0,25,2,7,0,6
2026-08-28T18:20:01+09:00,87,10,0,3,2,23,5,8,0,26,1,8,0,1
2026-08-28T18:30:01+09:00,77,10,0,3,2,23,2,7,0,23,0,7,0,0
2026-08-28T18:40:01+09:00,74,11,0,3,2,17,4,10,2,17,1,7,0,0
2026-08-28T18:50:01+09:00,64,10,0,3,2,12,6,8,1,13,1,7,0,1
2026-08-28T19:00:01+09:00,55,9,0,3,2,12,3,5,1,10,2,7,1,0
2026-08-28T19:10:01+09:00,49,9,0,3,2,10,4,6,0,6,2,6,1,0
2026-08-28T19:20:01+09:00,45,9,0,3,2,9,4,6,0,6,0,6,0,0
2026-08-28T19:30:01+09:00,42,9,0,1,2,8,5,5,0,6,0,6,0,0
2026-08-28T19:40:01+09:00,42,9,0,1,2,8,4,5,0,6,1,6,0,0
2026-08-28T19:50:01+09:00,44,9,0,1,2,8,4,7,1,6,0,6,0,0
2026-08-28T20:00:01+09:00,41,8,0,1,2,8,4,6,0,6,0,6,0,0
2026-08-28T20:10:01+09:00,39,7,0,1,2,7,4,5,1,6,0,6,0,0
2026-08-28T20:20:01+09:00,37,6,0,1,2,7,4,5,0,6,0,6,0,0
2026-08-28T20:30:01+09:00,36,6,0,1,2,7,3,6,0,5,0,6,0,0
2026-08-28T20:40:01+09:00,35,6,0,1,2,7,3,5,0,5,0,6,0,0
2026-08-28T20:50:01+09:00,34,4,0,1,2,7,3,4,0,5,0,6,0,2
2026-08-28T21:00:01+09:00,36,3,0,1,2,7,5,5,0,5,0,7,1,0
2026-08-28T21:10:01+09:00,33,3,0,1,2,7,5,4,0,4,0,6,1,0
2026-08-28T21:20:01+09:00,30,3,0,1,2,7,3,4,0,3,1,6,0,0
2026-08-28T21:30:01+09:00,30,3,0,1,2,7,3,4,1,3,0,6,0,0
2026-08-28T21:40:01+09:00,30,3,0,1,2,7,3,5,0,3,0,6,0,0
2026-08-28T21:50:01+09:00,30,3,0,1,2,7,3,5,0,3,0,6,0,0
2026-08-28T22:00:01+09:00,28,2,0,1,2,7,3,4,0,3,0,6,0,0
2026-08-28T22:10:01+09:00,28,2,0,1,2,7,3,4,0,3,0,6,0,0
2026-08-28T22:20:01+09:00,26,2,0,0,2,7,3,3,0,3,0,6,0,0
2026-08-28T22:30:01+09:00,26,2,0,0,2,7,3,3,0,3,0,6,0,0
2026-08-28T22:40:01+09:00,28,2,0,0,2,7,5,3,0,3,0,6,0,0
2026-08-28T22:50:01+09:00,27,2,0,0,2,7,5,3,0,2,0,6,0,0
2026-08-28T23:00:01+09:00,28,2,0,0,2,7,5,3,0,3,0,6,0,0
2026-08-28T23:10:01+09:00,29,2,0,0,2,7,5,3,0,3,0,7,0,0
2026-08-28T23:20:01+09:00,29,2,0,0,2,7,5,3,0,3,0,7,0,0
2026-08-28T23:30:01+09:00,26,2,0,0,2,7,2,3,0,3,0,7,0,0
2026-08-28T23:40:01+09:00,28,2,0,0,2,7,2,3,2,3,0,7,0,0
2026-08-28T23:50:01+09:00,26,2,0,0,2,7,2,3,0,3,0,7,0,0
2026-08-29T00:00:01+09:00,27,2,0,0,2,7,2,3,0,4,0,7,0,0
2026-08-29T00:10:01+09:00,27,2,0,0,2,7,2,3,0,4,0,7,0,0
2026-08-29T00:20:01+09:00,27,2,0,0,2,7,2,3,0,4,0,7,0,0
2026-08-29T00:30:01+09:00,27,2,0,0,2,7,2,3,0,4,0,7,0,0
2026-08-29T00:40:01+09:00,27,2,0,0,2,7,2,3,0,4,0,7,0,0
2026-08-29T00:50:01+09:00,27,2,0,0,2,7,2,3,0,4,0,7,0,0
2026-08-29T01:00:01+09:00,27,2,0,0,2,7,2,3,0,4,0,7,0,0
2026-08-29T01:10:01+09:00,27,2,0,0,2,7,2,3,0,4,0,7,0,0
2026-08-29T01:20:01+09:00,27,2,0,0,2,7,2,3,0,4,0,7,0,0
2026-08-29T01:30:01+09:00,27,2,0,0,2,7,2,3,0,4,0,7,0,0
2026-08-29T01:40:01+09:00,27,2,0,0,2,7,2,3,0,4,0,7,0,0
2026-08-29T01:50:01+09:00,27,2,0,0,2,7,2,3,0,4,0,7,0,0
2026-08-29T02:00:01+09:00,25,2,0,0,2,7,0,3,0,4,0,7,0,0
2026-08-29T02:10:01+09:00,25,2,0,0,2,7,0,3,0,4,0,7,0,0
2026-08-29T02:20:01+09:00,25,2,0,0,2,7,0,3,0,4,0,7,0,0
2026-08-29T02:30:01+09:00,25,2,0,0,2,7,0,3,0,4,0,7,0,0
2026-08-29T02:40:01+09:00,25,2,0,0,2,7,0,3,0,4,0,7,0,0
2026-08-29T02:50:01+09:00,25,2,0,0,2,7,0,3,0,4,0,7,0,0
2026-08-29T03:00:01+09:00,25,2,0,0,2,7,0,3,0,4,0,7,0,0
2026-08-29T03:10:01+09:00,25,2,0,0,2,7,0,3,0,4,0,7,0,0
2026-08-29T03:20:01+09:00,25,2,0,0,2,7,0,3,0,4,0,7,0,0
2026-08-29T03:30:01+09:00,25,2,0,0,2,7,0,3,0,4,0,7,0,0
2026-08-29T03:40:01+09:00,25,2,0,0,2,7,0,3,0,4,0,7,0,0
2026-08-29T03:50:01+09:00,25,2,0,0,2,7,0,3,0,4,0,7,0,0
2026-08-29T04:00:01+09:00,25,2,0,0,2,7,0,3,0,4,0,7,0,0
2026-08-29T04:10:01+09:00,25,2,0,0,2,7,0,3,0,4,0,7,0,0
2026-08-29T04:20:01+09:00,25,2,0,0,2,7,0,3,0,4,0,7,0,0
2026-08-29T04:30:01+09:00,25,2,0,0,2,7,0,3,0,4,0,7,0,0
2026-08-29T04:40:01+09:00,25,2,0,0,2,7,0,3,0,4,0,7,0,0
2026-08-29T04:50:01+09:00,25,2,0,0,2,7,0,3,0,4,0,7,0,0
2026-08-29T05:00:01+09:00,25,2,0,0,2,7,0,3,0,4,0,7,0,0
2026-08-29T05:10:01+09:00,25,2,0,0,2,7,0,3,0,4,0,7,0,0
2026-08-29T05:20:01+09:00,22,2,0,0,2,7,0,3,0,4,0,4,0,0
2026-08-29T05:30:01+09:00,22,2,0,0,2,7,0,3,0,4,0,4,0,0
2026-08-29T05:40:01+09:00,22,2,0,0,2,7,0,3,0,4,0,4,0,0
2026-08-29T05:50:01+09:00,22,2,0,0,2,7,0,3,0,4,0,4,0,0
2026-08-29T06:00:01+09:00,22,2,0,0,2,7,0,3,0,4,0,4,0,0
2026-08-29T06:10:01+09:00,22,2,0,0,2,7,0,3,0,4,0,4,0,0
2026-08-29T06:20:01+09:00,22,2,0,0,2,7,0,3,0,4,0,4,0,0
2026-08-29T06:30:01+09:00,23,2,0,0,2,7,0,3,0,4,0,4,1,0
2026-08-29T06:40:01+09:00,21,2,0,0,2,7,0,3,0,4,0,3,0,0
2026-08-29T06:50:01+09:00,21,2,0,0,2,7,0,3,0,4,0,3,0,0
2026-08-29T07:00:01+09:00,21,2,0,0,2,7,0,3,0,4,0,3,0,0
2026-08-29T07:10:01+09:00,21,2,0,0,2,7,0,3,0,4,0,3,0,0
2026-08-29T07:20:01+09:00,21,2,0,0,2,7,0,3,0,4,0,3,0,0
2026-08-29T07:30:01+09:00,21,2,0,0,2,7,0,3,0,4,0,3,0,0
2026-08-29T07:40:01+09:00,22,3,0,0,2,7,0,3,0,4,0,3,0,0
2026-08-29T07:50:01+09:00,24,3,0,0,2,7,0,5,0,4,0,3,0,0
2026-08-29T08:00:01+09:00,24,3,0,0,2,7,0,5,0,4,0,3,0,0
2026-08-29T08:10:01+09:00,22,2,0,0,2,7,0,4,0,4,0,3,0,0
2026-08-29T08:20:01+09:00,22,2,0,0,2,7,0,4,0,4,0,3,0,0
2026-08-29T08:30:01+09:00,21,2,0,0,2,6,0,4,0,4,0,3,0,0
2026-08-29T08:40:01+09:00,21,2,0,0,2,6,0,4,0,4,0,3,0,0
2026-08-29T08:50:01+09:00,22,2,0,0,3,6,0,4,0,4,0,3,0,0
2026-08-29T09:00:01+09:00,21,2,0,0,2,6,0,4,0,4,0,3,0,0
2026-08-29T09:10:01+09:00,0,,,,,,,,,,,,,
2026-08-29T09:20:01+09:00,25,1,0,0,2,6,0,7,0,4,0,5,0,0
2026-08-29T09:30:01+09:00,24,1,0,0,2,6,0,7,0,4,0,4,0,0
2026-08-29T09:40:01+09:00,24,1,0,0,2,6,0,7,0,4,0,4,0,0
2026-08-29T09:50:01+09:00,24,1,0,0,2,6,0,7,0,4,0,4,0,0
2026-08-29T10:00:01+09:00,33,1,0,2,3,6,0,10,0,5,0,6,0,0
2026-08-29T10:10:01+09:00,40,1,0,5,6,6,0,10,0,4,0,8,0,0
2026-08-29T10:20:01+09:00,38,1,0,7,6,6,0,10,0,4,0,4,0,0
2026-08-29T10:30:01+09:00,39,1,0,11,4,6,0,9,0,4,0,4,0,0
2026-08-29T10:40:01+09:00,41,1,0,13,4,6,0,9,0,4,0,4,0,0
2026-08-29T10:50:01+09:00,46,1,0,12,6,6,0,9,3,4,0,5,0,0
2026-08-29T11:00:01+09:00,52,1,1,24,2,6,0,9,0,4,0,5,0,0
2026-08-29T11:10:01+09:00,56,1,0,27,3,6,1,8,0,4,0,6,0,0
2026-08-29T11:20:01+09:00,59,1,0,29,2,6,1,10,0,4,0,6,0,0
2026-08-29T11:30:01+09:00,59,2,0,29,2,6,1,9,0,4,0,5,0,1
2026-08-29T11:40:01+09:00,59,1,0,32,2,6,1,7,0,4,1,5,0,0
2026-08-29T11:50:01+09:00,52,1,0,22,4,6,1,8,0,4,0,5,0,1
2026-08-29T12:00:01+09:00,57,1,0,23,2,7,1,12,1,4,0,5,0,1
2026-08-29T12:10:01+09:00,58,1,0,18,2,7,0,13,0,5,4,5,1,2
2026-08-29T12:20:01+09:00,55,2,0,18,2,7,1,13,0,4,1,5,1,1
2026-08-29T12:30:01+09:00,59,1,0,20,2,10,2,12,0,4,2,6,0,0
2026-08-29T12:40:01+09:00,56,1,0,20,2,10,3,10,0,4,3,3,0,0
2026-08-29T12:50:01+09:00,57,1,0,25,2,9,2,10,0,4,0,3,1,0
2026-08-29T13:00:01+09:00,63,1,0,30,2,9,2,11,0,4,1,3,0,0
2026-08-29T13:10:01+09:00,70,1,0,33,2,10,2,11,0,4,4,3,0,0
2026-08-29T13:20:01+09:00,74,1,0,38,2,11,2,12,0,4,0,3,0,1
2026-08-29T13:30:01+09:00,73,1,0,38,2,12,2,11,0,4,0,3,0,0
2026-08-29T13:40:01+09:00,75,2,0,38,2,12,2,10,0,4,0,3,1,1
2026-08-29T13:50:01+09:00,76,1,0,38,2,13,3,12,0,4,0,3,0,0
2026-08-29T14:00:01+09:00,79,1,1,40,2,14,2,12,0,4,0,3,0,0
2026-08-29T14:10:01+09:00,82,1,0,40,2,16,2,13,0,4,1,3,0,0
2026-08-29T14:20:01+09:00,80,2,0,38,2,17,2,11,0,4,1,3,0,0
2026-08-29T14:30:01+09:00,76,1,0,36,2,17,2,10,0,5,0,3,0,0
2026-08-29T14:40:01+09:00,74,1,0,35,2,17,1,10,0,5,0,3,0,0
2026-08-29T14:50:01+09:00,75,1,1,35,2,17,1,11,0,4,0,3,0,0
2026-08-29T15:00:01+09:00,77,1,1,38,2,17,1,10,0,4,0,3,0,0
2026-08-29T15:10:01+09:00,80,1,0,38,2,19,2,9,1,4,1,3,0,0
2026-08-29T15:20:01+09:00,84,1,0,39,2,20,4,10,0,4,1,3,0,0
2026-08-29T15:30:01+09:00,86,1,0,41,3,19,2,11,0,4,1,4,0,0
2026-08-29T15:40:01+09:00,87,1,0,41,3,20,2,10,0,4,1,4,1,0
2026-08-29T15:50:01+09:00,84,1,0,38,2,20,2,10,0,4,1,4,2,0
2026-08-29T16:00:01+09:00,84,3,1,36,2,20,2,8,0,4,1,4,1,2
2026-08-29T16:10:01+09:00,83,6,0,38,2,20,2,6,0,4,1,4,0,0
2026-08-29T16:20:01+09:00,80,4,0,38,2,20,1,4,0,4,1,4,0,2
2026-08-29T16:30:01+09:00,81,3,3,38,2,21,1,4,0,4,0,4,0,1
2026-08-29T16:40:01+09:00,80,3,2,38,2,21,1,4,0,4,0,5,0,0
2026-08-29T16:50:01+09:00,84,2,1,37,4,22,2,7,0,4,0,4,0,1
2026-08-29T17:00:01+09:00,87,3,1,40,2,23,4,6,0,4,0,4,0,0
2026-08-29T17:10:01+09:00,80,3,0,40,2,22,3,2,0,4,0,4,0,0
2026-08-29T17:20:01+09:00,75,3,0,37,2,17,3,4,0,4,0,4,0,1
2026-08-29T17:30:01+09:00,75,3,0,38,2,19,2,3,0,4,0,4,0,0
2026-08-29T17:40:01+09:00,77,3,0,39,3,19,2,2,0,4,1,4,0,0
2026-08-29T17:50:01+09:00,70,3,0,29,7,19,3,2,0,4,0,3,0,0
2026-08-29T18:00:01+09:00,67,3,0,27,6,20,3,2,0,4,0,2,0,0
2026-08-29T18:10:01+09:00,74,3,0,39,2,19,2,2,0,4,0,3,0,0
2026-08-29T18:20:01+09:00,51,3,1,7,2,19,2,4,1,4,1,3,0,4
2026-08-29T18:30:01+09:00,41,3,1,2,2,17,2,6,1,4,0,3,0,0
2026-08-29T18:40:01+09:00,34,3,0,1,2,16,2,2,0,4,0,4,0,0
2026-08-29T18:50:01+09:00,27,3,0,1,2,10,2,2,0,4,0,3,0,0
2026-08-29T19:00:01+09:00,27,1,0,1,2,10,2,2,0,4,3,2,0,0
2026-08-29T19:10:01+09:00,28,1,0,1,2,10,2,4,0,4,1,2,0,1
2026-08-29T19:20:01+09:00,25,1,0,1,2,10,2,3,0,4,0,1,0,1
2026-08-29T19:30:01+09:00,24,1,0,1,2,10,2,2,0,4,0,1,0,1
2026-08-29T19:40:01+09:00,25,2,0,1,2,10,2,2,0,4,0,1,1,0
2026-08-29T19:50:01+09:00,25,1,0,1,2,10,3,2,0,4,0,2,0,0
2026-08-29T20:00:01+09:00,26,1,0,1,2,11,3,2,0,4,1,1,0,0
2026-08-29T20:10:01+09:00,28,1,0,1,2,15,1,2,0,4,1,1,0,0
2026-08-29T20:20:01+09:00,27,1,0,1,2,15,1,2,0,4,0,1,0,0
2026-08-29T20:30:01+09:00,25,1,0,1,2,13,1,2,0,4,0,1,0,0
2026-08-29T20:40:01+09:00,27,1,0,1,2,13,2,2,0,4,0,2,0,0
2026-08-29T20:50:01+09:00,26,1,0,1,2,12,2,2,0,4,0,2,0,0
2026-08-29T21:00:01+09:00,24,1,0,1,2,12,1,2,0,4,0,1,0,0
2026-08-29T21:10:01+09:00,24,1,0,1,2,12,1,2,0,4,0,1,0,0
2026-08-29T21:20:01+09:00,24,1,0,1,2,12,1,2,0,4,0,1,0,0
2026-08-29T21:30:01+09:00,28,1,0,1,2,12,1,6,0,4,0,1,0,0
2026-08-29T21:40:01+09:00,26,1,0,1,2,12,1,4,0,4,0,1,0,0
2026-08-29T21:50:01+09:00,25,1,0,1,2,13,1,2,0,4,0,1,0,0
2026-08-29T22:00:01+09:00,26,1,0,1,2,13,1,2,0,4,0,2,0,0
2026-08-29T22:10:01+09:00,25,1,0,1,2,13,0,2,0,4,0,2,0,0
2026-08-29T22:20:01+09:00,26,1,0,1,2,13,1,2,0,4,0,2,0,0
2026-08-29T22:30:01+09:00,26,1,0,1,2,13,1,2,0,4,0,2,0,0
2026-08-29T22:40:01+09:00,26,1,0,1,2,13,1,2,0,4,0,2,0,0
2026-08-29T22:50:01+09:00,26,1,0,1,2,13,1,2,0,4,0,2,0,0
2026-08-29T23:00:01+09:00,25,1,0,1,2,12,1,2,0,4,0,2,0,0
2026-08-29T23:10:01+09:00,24,1,0,1,2,11,1,2,0,4,0,2,0,0
2026-08-29T23:20:01+09:00,24,1,0,1,2,11,1,2,0,4,0,2,0,0
2026-08-29T23:30:01+09:00,25,1,0,1,2,12,1,2,0,4,0,2,0,0
2026-08-29T23:40:01+09:00,25,1,0,1,2,12,1,2,0,4,0,2,0,0
2026-08-29T23:50:01+09:00,25,1,0,1,2,12,1,2,0,4,0,2,0,0
2026-08-30T00:00:01+09:00,25,1,0,1,2,12,1,2,0,4,0,2,0,0
2026-08-30T00:10:01+09:00,25,1,0,1,2,12,1,2,0,4,0,2,0,0
2026-08-30T00:20:01+09:00,25,1,0,1,2,12,1,2,0,4,0,2,0,0
2026-08-30T00:30:01+09:00,25,1,0,1,2,12,1,2,0,4,0,2,0,0
2026-08-30T00:40:01+09:00,25,1,0,1,2,12,1,2,0,4,0,2,0,0
2026-08-30T00:50:01+09:00,24,1,0,1,2,11,1,2,0,4,0,2,0,0
2026-08-30T01:00:01+09:00,23,1,0,1,2,10,1,2,0,4,0,2,0,0
2026-08-30T01:10:01+09:00,25,1,2,1,2,10,1,2,0,4,0,2,0,0
2026-08-30T01:20:01+09:00,25,1,2,1,2,10,1,2,0,4,0,2,0,0
2026-08-30T01:30:01+09:00,25,1,2,1,2,10,1,2,0,4,0,2,0,0
2026-08-30T01:40:01+09:00,25,1,2,1,2,10,1,2,0,4,0,2,0,0
2026-08-30T01:50:01+09:00,25,1,2,1,2,10,1,2,0,4,0,2,0,0
2026-08-30T02:00:01+09:00,25,1,2,1,2,10,1,2,0,4,0,2,0,0
2026-08-30T02:10:01+09:00,25,1,2,1,2,10,1,2,0,4,0,2,0,0
2026-08-30T02:20:01+09:00,25,1,2,1,2,10,1,2,0,4,0,2,0,0
2026-08-30T02:30:01+09:00,24,1,2,1,2,9,1,2,0,4,0,2,0,0
2026-08-30T02:40:01+09:00,24,1,2,1,2,9,1,2,0,4,0,2,0,0
2026-08-30T02:50:01+09:00,24,1,2,1,2,9,1,2,0,4,0,2,0,0
2026-08-30T03:00:01+09:00,24,1,2,1,2,9,1,2,0,4,0,2,0,0
2026-08-30T03:10:01+09:00,24,1,2,1,2,9,1,2,0,4,0,2,0,0
2026-08-30T03:20:01+09:00,24,1,2,1,2,9,1,2,0,4,0,2,0,0
2026-08-30T03:30:01+09:00,24,1,2,1,2,9,1,2,0,4,0,2,0,0
2026-08-30T03:40:01+09:00,24,1,2,1,2,9,1,2,0,4,0,2,0,0
2026-08-30T03:50:01+09:00,24,1,2,1,2,9,1,2,0,4,0,2,0,0
2026-08-30T04:00:01+09:00,24,1,2,1,2,9,1,2,0,4,0,2,0,0
2026-08-30T04:10:01+09:00,24,1,2,1,2,9,1,2,0,4,0,2,0,0
2026-08-30T04:20:01+09:00,24,1,2,1,2,9,1,2,0,4,0,2,0,0
2026-08-30T04:30:01+09:00,24,1,2,1,2,9,1,2,0,4,0,2,0,0
2026-08-30T04:40:01+09:00,23,1,2,1,2,9,1,2,0,3,0,2,0,0
2026-08-30T04:50:01+09:00,24,1,2,1,2,9,1,2,0,4,0,2,0,0
2026-08-30T05:00:01+09:00,24,1,2,1,2,9,1,2,0,4,0,2,0,0
2026-08-30T05:10:01+09:00,24,1,2,1,2,9,1,2,0,4,0,2,0,0
2026-08-30T05:20:01+09:00,24,1,2,1,2,9,1,2,0,4,0,2,0,0
2026-08-30T05:30:01+09:00,24,1,2,1,2,9,1,2,0,4,0,2,0,0
2026-08-30T05:40:01+09:00,24,1,2,1,2,9,1,2,0,4,0,2,0,0
2026-08-30T05:50:01+09:00,24,1,2,1,2,9,1,2,0,4,0,2,0,0
2026-08-30T06:00:01+09:00,24,1,2,1,2,9,1,2,0,4,0,2,0,0
2026-08-30T06:10:01+09:00,24,1,2,1,2,9,1,2,0,4,0,2,0,0
2026-08-30T06:20:01+09:00,24,1,2,1,2,9,1,2,0,4,0,2,0,0
2026-08-30T06:30:01+09:00,24,1,2,1,2,9,1,2,0,4,0,2,0,0
2026-08-30T06:40:01+09:00,24,1,2,1,2,9,1,2,0,4,0,2,0,0
2026-08-30T06:50:01+09:00,24,1,2,1,2,9,1,2,0,4,0,2,0,0
2026-08-30T07:00:01+09:00,24,1,2,1,2,9,1,2,0,4,0,2,0,0
2026-08-30T07:10:01+09:00,24,1,2,1,2,9,1,2,0,4,0,2,0,0
2026-08-30T07:20:01+09:00,24,1,2,1,2,9,1,2,0,4,0,2,0,0
2026-08-30T07:30:01+09:00,24,1,2,1,2,9,1,2,0,4,0,2,0,0
2026-08-30T07:40:01+09:00,24,1,2,1,2,9,1,2,0,4,0,2,0,0
2026-08-30T07:50:01+09:00,24,1,2,1,2,9,1,2,0,4,0,2,0,0
2026-08-30T08:00:01+09:00,24,1,2,1,2,9,1,2,0,4,0,2,0,0
2026-08-30T08:10:01+09:00,24,1,2,1,2,9,1,2,0,4,0,2,0,0
2026-08-30T08:20:01+09:00,27,1,2,1,2,10,1,2,0,4,0,4,0,0
2026-08-30T08:30:01+09:00,28,1,2,1,2,11,1,2,0,4,0,4,0,0
2026-08-30T08:40:01+09:00,29,1,2,1,2,12,1,2,0,4,0,4,0,0
2026-08-30T08:50:01+09:00,31,1,2,1,2,14,1,2,0,4,0,4,0,0
2026-08-30T09:00:01+09:00,31,1,2,1,2,14,1,2,0,4,0,4,0,0
2026-08-30T09:10:01+09:00,32,2,2,1,2,14,1,2,0,4,0,4,0,0
2026-08-30T09:20:01+09:00,33,2,2,1,3,14,1,2,0,4,0,4,0,0
2026-08-30T09:30:01+09:00,46,13,2,3,3,14,1,2,0,4,2,2,0,0
2026-08-30T09:40:01+09:00,55,17,2,10,2,13,1,3,0,4,1,2,0,0
2026-08-30T09:50:01+09:00,66,29,2,8,2,13,2,4,0,4,0,2,0,0
2026-08-30T10:00:01+09:00,73,42,2,2,2,13,3,2,0,4,0,2,0,1
2026-08-30T10:10:01+09:00,73,43,2,1,2,13,3,2,0,4,0,2,0,1
2026-08-30T10:20:01+09:00,72,43,2,1,2,13,3,2,0,4,0,2,0,0
2026-08-30T10:30:01+09:00,69,39,2,1,2,13,3,2,0,4,0,3,0,0
2026-08-30T10:40:01+09:00,74,44,2,1,2,13,4,2,0,4,0,2,0,0
2026-08-30T10:50:01+09:00,74,44,2,1,2,13,4,2,0,4,0,2,0,0
2026-08-30T11:00:01+09:00,74,43,2,1,2,12,5,2,0,4,0,3,0,0
2026-08-30T11:10:01+09:00,75,44,2,1,2,12,5,2,0,4,0,3,0,0
2026-08-30T11:20:01+09:00,76,46,2,1,2,12,4,2,0,4,1,2,0,0
2026-08-30T11:30:01+09:00,76,46,2,1,2,12,4,2,0,4,0,2,0,1
2026-08-30T11:40:01+09:00,79,41,2,6,3,12,5,2,0,4,1,2,0,1
2026-08-30T11:50:01+09:00,77,40,2,6,2,11,6,3,0,4,1,2,0,0
2026-08-30T12:00:01+09:00,80,42,2,7,2,11,6,3,0,4,0,3,0,0
2026-08-30T12:10:01+09:00,79,42,2,7,2,11,5,3,0,4,0,3,0,0
2026-08-30T12:20:01+09:00,76,41,2,6,2,11,5,3,0,4,0,2,0,0
2026-08-30T12:30:01+09:00,77,42,5,3,2,11,5,3,0,4,0,2,0,0
2026-08-30T12:40:01+09:00,73,26,4,2,3,11,5,11,1,4,0,2,0,4
2026-08-30T12:50:01+09:00,72,26,4,1,3,12,5,10,1,3,1,2,0,4
2026-08-30T13:00:01+09:00,80,33,4,6,2,13,6,11,0,3,0,2,0,0
2026-08-30T13:10:01+09:00,79,34,3,11,2,12,5,7,0,3,0,2,0,0
2026-08-30T13:20:01+09:00,75,37,2,10,2,11,5,3,0,3,0,2,0,0
2026-08-30T13:30:01+09:00,73,39,2,5,2,11,5,3,0,3,0,3,0,0
2026-08-30T13:40:01+09:00,68,27,2,13,3,10,5,3,0,3,0,2,0,0
2026-08-30T13:50:01+09:00,67,28,2,13,3,9,4,3,0,3,0,2,0,0
2026-08-30T14:00:01+09:00,65,27,2,13,2,9,4,3,0,3,0,2,0,0
2026-08-30T14:10:01+09:00,77,31,2,15,2,13,4,3,0,3,0,4,0,0
2026-08-30T14:20:01+09:00,77,32,2,14,2,15,4,2,0,3,0,3,0,0
2026-08-30T14:30:01+09:00,79,32,2,10,2,15,6,4,0,3,0,3,0,2
2026-08-30T14:40:01+09:00,78,31,3,10,2,16,4,3,0,3,1,2,0,3
2026-08-30T14:50:01+09:00,76,32,3,9,2,16,4,3,0,3,0,2,0,2
2026-08-30T15:00:01+09:00,75,34,3,9,2,16,4,2,0,3,0,2,0,0
2026-08-30T15:10:01+09:00,75,33,3,9,2,16,4,2,0,3,0,3,0,0
2026-08-30T15:20:01+09:00,75,34,3,9,2,16,4,2,0,3,0,2,0,0
2026-08-30T15:30:01+09:00,77,36,3,9,2,16,4,2,0,3,0,2,0,0
2026-08-30T15:40:01+09:00,78,35,2,11,2,16,4,3,0,3,0,2,0,0
2026-08-30T15:50:01+09:00,79,34,3,11,2,17,4,3,0,3,0,2,0,0
2026-08-30T16:00:01+09:00,77,33,2,11,2,17,4,2,0,3,1,2,0,0
2026-08-30T16:10:01+09:00,79,34,2,12,2,17,4,2,0,3,1,2,0,0
2026-08-30T16:20:01+09:00,81,34,3,12,2,17,5,2,0,3,1,2,0,0
2026-08-30T16:30:01+09:00,81,39,4,6,2,17,4,2,1,3,0,2,0,1
2026-08-30T16:40:01+09:00,78,33,3,8,2,17,4,2,0,3,1,4,1,0
2026-08-30T16:50:01+09:00,78,33,3,10,2,17,4,1,0,3,1,4,0,0
2026-08-30T17:00:01+09:00,72,31,3,10,1,17,4,1,0,3,0,2,0,0
2026-08-30T17:10:01+09:00,73,30,4,10,1,17,4,1,0,4,0,2,0,0
2026-08-30T17:20:01+09:00,74,33,3,10,1,17,4,1,0,3,0,2,0,0
2026-08-30T17:30:01+09:00,76,35,2,10,1,17,5,1,0,3,0,2,0,0
2026-08-30T17:40:01+09:00,76,41,2,6,1,17,4,1,0,2,0,2,0,0
2026-08-30T17:50:01+09:00,77,41,2,6,0,18,4,1,0,2,0,2,0,1
2026-08-30T18:00:01+09:00,76,40,2,6,0,17,4,1,0,2,0,2,0,2
2026-08-30T18:10:01+09:00,74,38,2,6,0,18,4,1,0,2,0,2,0,1
2026-08-30T18:20:01+09:00,75,37,2,7,0,18,4,3,0,2,0,2,0,0
2026-08-30T18:30:01+09:00,77,36,2,11,0,18,4,2,0,2,0,2,0,0
2026-08-30T18:40:01+09:00,71,20,2,22,0,16,4,1,0,2,1,3,0,0
2026-08-30T18:50:01+09:00,66,16,2,21,0,14,4,2,0,2,2,3,0,0
2026-08-30T19:00:01+09:00,64,16,2,21,0,14,4,3,0,2,0,2,0,0
2026-08-30T19:10:01+09:00,65,16,2,22,0,14,5,1,0,2,1,2,0,0
2026-08-30T19:20:01+09:00,63,16,2,22,0,14,4,1,0,2,0,2,0,0
2026-08-30T19:30:01+09:00,67,16,2,23,1,16,3,1,0,2,0,3,0,0
2026-08-30T19:40:01+09:00,64,16,2,21,0,16,1,1,0,2,3,2,0,0
2026-08-30T19:50:01+09:00,62,29,3,4,1,16,1,2,0,2,1,3,0,0
2026-08-30T20:00:01+09:00,59,15,4,2,1,16,1,12,0,2,2,2,0,2
2026-08-30T20:10:01+09:00,36,2,2,1,0,13,1,12,0,2,1,2,0,0
2026-08-30T20:20:01+09:00,25,1,2,1,0,13,1,3,0,2,0,2,0,0
2026-08-30T20:30:01+09:00,21,0,2,1,0,12,1,1,0,2,0,2,0,0
2026-08-30T20:40:01+09:00,21,0,2,1,0,12,1,1,0,2,0,2,0,0
2026-08-30T20:50:01+09:00,20,0,2,1,0,12,1,0,0,2,0,2,0,0
2026-08-30T21:00:01+09:00,22,0,2,1,0,12,2,0,0,2,1,2,0,0
2026-08-30T21:10:01+09:00,22,0,2,1,0,12,2,0,0,2,1,2,0,0
2026-08-30T21:20:01+09:00,21,0,2,1,0,11,3,0,0,2,0,2,0,0
2026-08-30T21:30:01+09:00,20,0,2,1,0,10,3,0,0,2,0,2,0,0
2026-08-30T21:40:01+09:00,19,0,2,1,0,10,2,0,0,2,0,2,0,0
2026-08-30T21:50:01+09:00,19,0,2,1,0,10,1,0,0,2,0,3,0,0
2026-08-30T22:00:01+09:00,21,0,2,1,0,11,2,0,0,2,0,2,0,1
2026-08-30T22:10:01+09:00,20,1,2,1,0,10,2,0,0,2,0,2,0,0
2026-08-30T22:20:01+09:00,19,0,2,1,0,10,1,0,0,2,0,2,0,1
2026-08-30T22:30:01+09:00,18,0,2,1,0,10,1,0,0,2,0,2,0,0
2026-08-30T22:40:01+09:00,18,0,2,1,0,9,1,0,1,2,0,2,0,0
2026-08-30T22:50:01+09:00,18,0,2,1,0,9,1,0,1,2,0,2,0,0
2026-08-30T23:00:01+09:00,18,0,2,1,1,9,1,0,0,2,0,2,0,0
2026-08-30T23:10:01+09:00,18,0,2,1,1,9,1,0,0,2,0,2,0,0
2026-08-30T23:20:01+09:00,18,0,2,1,0,9,1,0,0,2,0,3,0,0
2026-08-30T23:30:01+09:00,17,0,2,1,0,9,1,0,0,2,0,2,0,0
2026-08-30T23:40:01+09:00,17,0,2,1,0,9,1,0,0,2,0,2,0,0
2026-08-30T23:50:01+09:00,19,0,2,1,0,10,2,0,0,2,0,2,0,0
2026-08-31T00:00:01+09:00,17,0,2,1,0,9,2,0,0,1,0,2,0,0
2026-08-31T00:10:01+09:00,16,0,2,1,0,9,1,0,0,1,0,2,0,0
2026-08-31T00:20:01+09:00,18,0,2,1,0,9,3,0,0,1,0,2,0,0
2026-08-31T00:30:02+09:00,0,,,,,,,,,,,,,
2026-08-31T00:40:02+09:00,17,0,2,1,0,10,2,0,0,1,0,1,0,0
2026-08-31T00:50:02+09:00,17,0,2,1,0,10,2,0,0,1,0,1,0,0
2026-08-31T01:00:02+09:00,17,0,2,1,0,10,2,0,0,1,0,1,0,0
2026-08-31T01:10:02+09:00,17,0,2,1,0,10,2,0,0,1,0,1,0,0
2026-08-31T01:20:02+09:00,17,0,2,1,0,10,2,0,0,1,0,1,0,0
2026-08-31T01:30:02+09:00,17,0,2,1,0,10,2,0,0,1,0,1,0,0
2026-08-31T01:40:02+09:00,17,0,2,1,0,10,2,0,0,1,0,1,0,0
2026-08-31T01:50:02+09:00,17,0,2,1,0,10,2,0,0,1,0,1,0,0
2026-08-31T02:00:02+09:00,18,0,2,1,0,10,2,0,0,1,0,2,0,0
2026-08-31T02:10:02+09:00,18,0,2,1,0,10,2,0,0,1,0,2,0,0
2026-08-31T02:20:02+09:00,17,0,2,1,0,10,2,0,0,1,0,1,0,0
2026-08-31T02:30:02+09:00,17,0,2,1,0,10,2,0,0,1,0,1,0,0
2026-08-31T02:40:02+09:00,17,0,2,1,0,10,2,0,0,1,0,1,0,0
2026-08-31T02:50:02+09:00,17,0,2,1,0,10,2,0,0,1,0,1,0,0
2026-08-31T03:00:02+09:00,17,0,2,1,0,10,2,0,0,1,0,1,0,0
2026-08-31T03:10:02+09:00,17,0,2,1,0,10,2,0,0,1,0,1,0,0
2026-08-31T03:20:02+09:00,19,0,2,2,1,10,2,0,0,1,0,1,0,0
2026-08-31T03:30:02+09:00,18,0,2,1,0,11,2,0,0,1,0,1,0,0
2026-08-31T03:40:02+09:00,18,0,2,1,0,11,2,0,0,1,0,1,0,0
2026-08-31T03:50:02+09:00,17,0,2,1,0,10,2,0,0,1,0,1,0,0
2026-08-31T04:00:02+09:00,12,0,2,1,0,5,2,0,0,1,0,1,0,0
2026-08-31T04:10:02+09:00,12,0,2,1,0,5,2,0,0,1,0,1,0,0
2026-08-31T04:20:02+09:00,12,0,2,1,0,5,2,0,0,1,0,1,0,0
2026-08-31T04:30:02+09:00,12,0,2,1,0,5,2,0,0,1,0,1,0,0
2026-08-31T04:40:02+09:00,12,0,2,1,0,5,2,0,0,1,0,1,0,0
2026-08-31T04:50:02+09:00,12,0,2,1,0,5,2,0,0,1,0,1,0,0
2026-08-31T05:00:02+09:00,12,0,2,1,0,5,2,0,0,1,0,1,0,0
2026-08-31T05:10:02+09:00,13,0,2,1,1,5,2,0,0,1,0,1,0,0
2026-08-31T05:20:02+09:00,13,0,2,1,1,5,2,0,0,1,0,1,0,0
2026-08-31T05:30:02+09:00,13,0,2,1,1,5,2,0,0,1,0,1,0,0
2026-08-31T05:40:02+09:00,13,0,2,1,1,5,2,0,0,1,0,1,0,0
2026-08-31T05:50:02+09:00,15,0,2,1,1,5,2,1,0,1,1,1,0,0
2026-08-31T06:00:02+09:00,13,0,2,1,1,5,2,0,0,1,0,1,0,0
2026-08-31T06:10:02+09:00,13,0,2,1,1,5,2,0,0,1,0,1,0,0
2026-08-31T06:20:02+09:00,13,0,2,1,1,5,2,0,0,1,0,1,0,0
2026-08-31T06:30:02+09:00,13,0,2,1,1,5,1,1,0,1,0,1,0,0
2026-08-31T06:40:02+09:00,12,0,2,1,1,5,1,0,0,1,0,1,0,0
2026-08-31T06:50:02+09:00,12,0,2,1,1,5,1,0,0,1,0,1,0,0
2026-08-31T07:00:02+09:00,12,0,2,1,1,5,1,0,0,1,0,1,0,0
2026-08-31T07:10:02+09:00,13,0,2,1,1,5,1,1,0,1,0,1,0,0
2026-08-31T07:20:02+09:00,15,2,2,1,1,5,1,1,0,1,0,1,0,0
2026-08-31T07:30:02+09:00,15,2,2,1,1,5,1,1,0,1,0,1,0,0
2026-08-31T07:40:02+09:00,15,2,2,1,1,5,1,1,0,1,0,1,0,0
2026-08-31T07:50:02+09:00,19,2,2,1,1,5,1,3,0,3,0,1,0,0
2026-08-31T08:00:02+09:00,21,2,2,1,1,5,1,1,0,7,0,1,0,0
2026-08-31T08:10:02+09:00,27,2,2,1,1,5,1,2,0,11,0,1,0,1
2026-08-31T08:20:02+09:00,30,2,2,1,1,5,1,4,0,12,0,1,0,1
2026-08-31T08:30:02+09:00,42,2,2,1,1,5,1,3,1,24,0,1,0,1
2026-08-31T08:40:02+09:00,57,2,2,2,1,5,3,5,0,32,0,2,2,1
2026-08-31T08:50:02+09:00,92,2,2,3,3,5,3,13,0,57,1,2,1,0
2026-08-31T09:00:02+09:00,107,2,4,3,3,5,3,15,0,68,0,3,0,1
2026-08-31T09:10:02+09:00,112,2,5,4,4,6,3,21,0,64,0,3,0,0
2026-08-31T09:20:02+09:00,111,2,6,4,3,7,3,20,0,63,1,1,0,1
2026-08-31T09:30:02+09:00,118,2,6,3,3,7,3,21,1,68,2,1,1,0
2026-08-31T09:40:02+09:00,116,2,6,4,2,6,3,24,0,67,1,1,0,0
2026-08-31T09:50:02+09:00,120,2,6,4,3,9,4,25,0,65,1,1,0,0
2026-08-31T10:00:02+09:00,133,4,8,4,3,9,4,29,0,67,1,4,0,0
2026-08-31T10:10:02+09:00,132,2,8,4,3,9,4,27,0,66,1,3,5,0
2026-08-31T10:20:02+09:00,143,2,8,4,3,11,4,34,2,66,2,3,2,2
2026-08-31T10:30:02+09:00,141,0,8,3,3,11,3,23,0,67,2,3,0,18
2026-08-31T10:40:02+09:00,148,1,8,5,3,11,3,29,0,65,1,3,2,17
2026-08-31T10:50:02+09:00,151,0,7,5,5,14,3,27,0,63,1,3,3,20
2026-08-31T11:00:02+09:00,154,0,7,5,4,15,3,28,0,63,3,3,2,21
2026-08-31T11:10:02+09:00,148,2,6,4,4,15,3,30,0,61,1,3,0,19
2026-08-31T11:20:02+09:00,156,0,8,5,5,16,1,28,0,66,1,3,2,21
2026-08-31T11:30:02+09:00,171,2,8,5,5,16,1,36,1,61,3,4,5,24
2026-08-31T11:40:02+09:00,162,4,8,4,4,17,1,32,0,52,2,3,14,21
2026-08-31T11:50:02+09:00,157,1,8,4,5,16,1,29,0,47,1,3,18,24
2026-08-31T12:00:02+09:00,157,2,8,4,4,16,3,29,0,46,0,3,18,24
2026-08-31T12:10:02+09:00,165,3,10,5,7,16,2,34,0,48,3,3,17,17
2026-08-31T12:20:02+09:00,168,3,8,5,5,16,4,32,1,51,4,3,17,19
2026-08-31T12:30:02+09:00,194,2,9,7,11,14,5,40,0,62,6,3,31,4
2026-08-31T12:40:02+09:00,175,4,9,4,11,15,6,28,0,55,4,3,35,1
2026-08-31T12:50:02+09:00,171,7,8,4,12,15,6,30,0,56,1,3,28,1
2026-08-31T13:00:02+09:00,167,3,9,4,13,15,4,31,0,56,0,2,25,5
2026-08-31T13:10:02+09:00,169,3,11,4,9,15,3,28,0,57,2,3,26,8
2026-08-31T13:20:02+09:00,174,3,12,3,11,14,2,33,0,62,1,3,24,6
2026-08-31T13:30:02+09:00,184,6,10,4,11,15,2,33,0,71,3,4,23,2
2026-08-31T13:40:02+09:00,183,5,9,5,12,15,2,29,0,75,0,4,21,6
2026-08-31T13:50:02+09:00,183,2,11,5,11,14,2,27,1,78,1,3,20,8
2026-08-31T14:00:02+09:00,191,3,10,6,8,15,2,38,0,81,0,3,21,4
2026-08-31T14:10:02+09:00,195,1,12,7,7,15,2,43,0,81,0,3,22,2
2026-08-31T14:20:02+09:00,201,1,13,7,7,16,2,43,0,84,0,3,22,3
2026-08-31T14:30:02+09:00,190,0,11,7,5,16,2,44,1,83,0,3,17,1
2026-08-31T14:40:02+09:00,191,1,12,8,6,16,2,40,1,81,0,3,19,2
2026-08-31T14:50:02+09:00,182,1,10,7,6,16,4,39,0,77,0,3,17,2
2026-08-31T15:00:02+09:00,177,1,10,7,6,16,4,35,0,81,2,3,12,0
2026-08-31T15:10:02+09:00,186,2,10,8,6,18,4,38,0,79,2,3,15,1
2026-08-31T15:20:02+09:00,193,5,8,9,6,18,3,44,1,79,4,3,13,0
2026-08-31T15:30:02+09:00,188,2,8,6,12,18,4,40,0,75,8,3,12,0
2026-08-31T15:40:02+09:00,194,4,8,6,12,18,4,43,1,75,7,7,9,0
2026-08-31T15:50:02+09:00,192,4,8,6,21,18,4,45,0,76,0,3,6,1
2026-08-31T16:00:02+09:00,199,4,6,6,23,18,4,44,2,77,4,2,9,0
2026-08-31T16:10:02+09:00,204,4,6,5,25,18,4,47,1,78,2,2,9,3
2026-08-31T16:20:02+09:00,198,4,6,5,25,18,4,42,0,75,3,1,8,7
2026-08-31T16:30:02+09:00,198,6,6,5,17,18,3,45,6,74,2,1,9,6
2026-08-31T16:40:02+09:00,189,4,5,5,15,18,3,46,6,76,2,1,7,1
2026-08-31T16:50:02+09:00,170,4,5,5,8,18,4,44,1,74,0,4,3,0
2026-08-31T17:00:02+09:00,173,5,6,7,5,18,6,43,2,70,4,3,0,4
2026-08-31T17:10:02+09:00,163,5,6,3,6,18,7,43,1,63,7,3,0,1
2026-08-31T17:20:02+09:00,125,3,5,4,6,18,5,27,2,49,0,5,0,1
2026-08-31T17:30:02+09:00,123,4,5,3,6,18,5,27,1,48,1,5,0,0
2026-08-31T17:40:02+09:00,106,3,5,3,7,18,3,21,2,37,1,3,0,3
2026-08-31T17:50:02+09:00,95,3,5,5,5,18,3,13,1,35,0,4,0,3
2026-08-31T18:00:02+09:00,82,3,5,3,5,19,3,7,0,33,0,4,0,0
2026-08-31T18:10:02+09:00,81,2,5,4,5,19,3,6,1,29,0,6,0,1
2026-08-31T18:20:02+09:00,82,2,5,5,5,18,3,7,1,29,1,5,0,1
2026-08-31T18:30:02+09:00,85,4,4,5,6,19,5,8,0,27,3,4,0,0
2026-08-31T18:40:02+09:00,78,2,5,4,6,18,6,5,1,25,2,4,0,0
2026-08-31T18:50:02+09:00,70,2,5,2,7,15,7,5,0,23,0,4,0,0
2026-08-31T19:00:02+09:00,70,2,2,2,6,15,6,5,0,23,2,4,0,3
2026-08-31T19:10:02+09:00,60,2,2,2,4,11,5,6,0,21,3,4,0,0
2026-08-31T19:20:02+09:00,57,2,2,2,1,11,6,7,3,20,1,2,0,0
2026-08-31T19:30:02+09:00,56,2,2,2,1,11,5,5,1,19,3,1,0,4
2026-08-31T19:40:02+09:00,54,2,3,2,1,11,5,5,2,19,2,1,0,1
2026-08-31T19:50:02+09:00,49,3,2,1,1,10,5,4,1,17,2,2,0,1
2026-08-31T20:00:02+09:00,44,2,2,1,1,10,5,4,0,17,0,1,0,1
2026-08-31T20:10:02+09:00,37,2,2,1,1,8,5,5,1,10,0,1,1,0
2026-08-31T20:20:02+09:00,37,2,2,1,1,10,6,3,1,8,1,1,1,0
2026-08-31T20:30:02+09:00,34,2,2,1,1,10,5,3,0,8,0,1,1,0
2026-08-31T20:40:02+09:00,33,2,2,1,1,10,4,3,0,8,0,1,1,0
2026-08-31T20:50:02+09:00,31,2,2,1,1,10,4,2,0,7,0,1,0,1
2026-08-31T21:00:02+09:00,32,2,2,1,1,10,5,3,0,6,0,1,0,1
2026-08-31T21:10:02+09:00,37,2,2,1,1,10,5,4,0,5,0,1,0,6
2026-08-31T21:20:02+09:00,34,1,2,1,1,10,5,4,0,5,0,1,0,4
2026-08-31T21:30:02+09:00,28,0,2,1,1,10,5,3,0,5,0,1,0,0
2026-08-31T21:40:02+09:00,28,0,2,1,1,10,5,3,0,5,0,1,0,0
2026-08-31T21:50:02+09:00,28,0,2,1,1,10,5,3,1,4,0,1,0,0
2026-08-31T22:00:02+09:00,28,0,2,1,1,10,5,3,1,4,0,1,0,0
2026-08-31T22:10:02+09:00,27,0,2,1,1,10,6,3,0,4,0,0,0,0
2026-08-31T22:20:02+09:00,29,0,2,1,1,10,6,3,0,4,2,0,0,0
2026-08-31T22:30:02+09:00,27,0,2,1,1,10,5,3,0,4,1,0,0,0
2026-08-31T22:40:02+09:00,26,0,2,1,1,10,5,3,0,4,0,0,0,0
2026-08-31T22:50:02+09:00,27,0,2,1,1,10,6,3,0,4,0,0,0,0
2026-08-31T23:00:02+09:00,28,0,2,1,1,10,6,3,0,4,1,0,0,0
2026-08-31T23:10:02+09:00,27,0,2,1,1,10,3,3,0,4,2,1,0,0
2026-08-31T23:20:02+09:00,25,0,2,1,2,9,3,3,0,4,0,1,0,0
2026-08-31T23:30:02+09:00,23,0,2,1,2,9,2,3,0,4,0,0,0,0
2026-08-31T23:40:02+09:00,24,0,2,1,2,10,2,3,0,4,0,0,0,0
2026-08-31T23:50:02+09:00,24,0,2,1,2,10,2,3,0,4,0,0,0,0
2026-09-01T00:00:02+09:00,24,0,2,1,2,10,2,3,0,4,0,0,0,0
2026-09-01T00:10:02+09:00,26,0,2,1,2,10,2,4,0,4,0,0,0,1
2026-09-01T00:20:02+09:00,24,0,2,1,2,10,2,3,0,4,0,0,0,0
2026-09-01T00:30:02+09:00,25,0,2,1,2,10,3,2,0,4,0,1,0,0
2026-09-01T00:40:02+09:00,27,0,2,1,2,10,3,3,1,4,0,0,0,1
2026-09-01T00:50:02+09:00,26,0,2,1,2,10,2,4,0,4,1,0,0,0
2026-09-01T01:00:02+09:00,25,0,2,1,2,10,2,3,0,4,1,0,0,0
2026-09-01T01:10:02+09:00,22,0,1,1,2,10,2,2,0,4,0,0,0,0
2026-09-01T01:20:02+09:00,21,0,1,1,2,10,1,2,0,4,0,0,0,0
2026-09-01T01:30:02+09:00,21,0,1,1,2,10,1,2,0,4,0,0,0,0
2026-09-01T01:40:02+09:00,21,0,1,1,2,10,1,2,0,4,0,0,0,0
2026-09-01T01:50:02+09:00,22,0,1,1,2,10,2,2,0,4,0,0,0,0
2026-09-01T02:00:02+09:00,22,0,1,1,2,10,2,2,0,4,0,0,0,0
2026-09-01T02:10:02+09:00,22,0,1,1,2,9,2,3,0,4,0,0,0,0
2026-09-01T02:20:02+09:00,22,0,1,1,2,9,2,3,0,4,0,0,0,0
2026-09-01T02:30:02+09:00,22,0,1,1,2,9,2,3,0,4,0,0,0,0
2026-09-01T02:40:02+09:00,21,0,1,1,2,9,2,2,0,4,0,0,0,0
2026-09-01T02:50:02+09:00,21,0,1,1,2,9,2,2,0,4,0,0,0,0
2026-09-01T03:00:02+09:00,21,0,1,1,2,9,2,2,0,4,0,0,0,0
2026-09-01T03:10:02+09:00,21,0,1,1,2,9,2,2,0,4,0,0,0,0
2026-09-01T03:20:02+09:00,21,0,1,1,2,9,2,2,0,4,0,0,0,0
2026-09-01T03:30:02+09:00,21,0,1,1,2,9,2,2,0,4,0,0,0,0
2026-09-01T03:40:02+09:00,21,0,1,1,2,9,2,2,0,4,0,0,0,0
2026-09-01T03:50:02+09:00,22,0,1,1,2,9,2,3,0,4,0,0,0,0
2026-09-01T04:00:02+09:00,22,0,1,1,2,9,2,3,0,4,0,0,0,0
2026-09-01T04:10:02+09:00,22,0,1,1,2,9,2,3,0,4,0,0,0,0
2026-09-01T04:20:02+09:00,22,0,1,1,2,9,2,3,0,4,0,0,0,0
2026-09-01T04:30:02+09:00,22,0,1,1,2,9,2,3,0,4,0,0,0,0
2026-09-01T04:40:02+09:00,22,0,1,1,2,9,2,3,0,4,0,0,0,0
2026-09-01T04:50:02+09:00,22,0,1,1,2,9,2,3,0,4,0,0,0,0
2026-09-01T05:00:02+09:00,22,0,1,1,2,9,2,3,0,4,0,0,0,0
2026-09-01T05:10:02+09:00,22,0,1,1,2,9,2,3,0,4,0,0,0,0
2026-09-01T05:20:02+09:00,22,0,1,1,2,9,2,3,0,4,0,0,0,0
2026-09-01T05:30:02+09:00,21,0,1,1,2,8,2,3,0,4,0,0,0,0
2026-09-01T05:40:02+09:00,22,0,1,1,2,8,3,3,0,4,0,0,0,0
2026-09-01T05:50:02+09:00,22,0,1,1,2,8,3,3,0,4,0,0,0,0
2026-09-01T06:00:02+09:00,25,0,1,1,2,8,3,5,0,4,1,0,0,0
2026-09-01T06:10:02+09:00,22,0,1,1,2,8,3,3,0,4,0,0,0,0
2026-09-01T06:20:02+09:00,21,0,0,1,2,8,3,3,0,4,0,0,0,0
2026-09-01T06:30:02+09:00,21,0,0,1,2,8,3,3,0,4,0,0,0,0
2026-09-01T06:40:02+09:00,19,0,0,1,2,6,3,3,0,4,0,0,0,0
2026-09-01T06:50:02+09:00,17,0,0,1,2,4,3,3,0,4,0,0,0,0
2026-09-01T07:00:02+09:00,17,0,0,1,2,4,3,3,0,4,0,0,0,0
2026-09-01T07:15:01+09:00,0,,,,,,,,,,,,,
2026-09-01T07:25:01+09:00,18,0,0,1,2,4,3,4,0,4,0,0,0,0
2026-09-01T07:35:01+09:00,18,0,0,1,2,4,3,4,0,4,0,0,0,0
2026-09-01T07:45:01+09:00,18,0,0,1,2,4,2,5,0,4,0,0,0,0
2026-09-01T07:55:01+09:00,20,0,0,1,2,4,2,3,2,5,0,1,0,0
2026-09-01T08:05:01+09:00,21,0,0,1,2,4,2,3,0,6,1,2,0,0
2026-09-01T08:15:01+09:00,24,0,0,1,2,4,2,4,0,10,1,0,0,0
2026-09-01T08:25:01+09:00,29,0,0,1,2,4,2,7,0,13,0,0,0,0
2026-09-01T08:35:01+09:00,56,0,0,1,2,4,2,14,3,29,1,0,0,0
2026-09-01T08:45:01+09:00,75,0,0,3,4,4,2,15,1,41,3,2,0,0
2026-09-01T08:55:01+09:00,115,0,1,3,6,4,2,23,0,70,2,3,0,1
2026-09-01T09:05:01+09:00,132,0,3,5,3,4,2,24,0,83,2,6,0,0
2026-09-01T09:15:01+09:00,136,0,3,5,7,4,2,28,0,81,1,5,0,0
2026-09-01T09:25:01+09:00,148,2,4,5,3,4,5,37,0,80,3,4,0,1
2026-09-01T09:35:01+09:00,154,3,4,6,3,7,7,34,1,84,0,4,0,1
2026-09-01T09:45:01+09:00,161,8,4,8,3,7,8,36,0,82,0,3,0,2
2026-09-01T09:55:01+09:00,171,8,4,9,3,9,8,35,0,87,3,4,0,1
2026-09-01T10:05:01+09:00,173,11,5,10,3,11,7,34,0,86,2,4,0,0
2026-09-01T10:15:01+09:00,169,13,4,11,3,12,7,32,0,83,0,4,0,0
2026-09-01T10:25:01+09:00,179,13,6,10,5,12,7,31,0,87,0,4,2,2
2026-09-01T10:35:01+09:00,188,13,4,10,7,11,6,39,0,92,0,4,2,0
2026-09-01T10:45:01+09:00,192,14,5,12,7,11,6,37,0,94,1,4,1,0
2026-09-01T10:55:01+09:00,196,15,5,11,8,11,6,36,0,94,0,7,3,0
2026-09-01T11:05:01+09:00,199,15,7,9,8,12,8,35,0,95,0,8,1,1
2026-09-01T11:15:01+09:00,200,13,7,8,8,11,6,36,0,99,1,8,1,2
2026-09-01T11:25:01+09:00,200,13,5,9,8,11,7,38,0,96,3,8,1,1
2026-09-01T11:35:01+09:00,191,16,5,8,9,10,9,41,0,83,2,6,0,2
2026-09-01T11:45:01+09:00,177,12,3,10,7,8,11,35,0,63,3,8,11,6
2026-09-01T11:55:01+09:00,183,15,3,10,4,8,12,43,1,58,2,7,16,4
2026-09-01T12:05:01+09:00,194,17,2,10,4,12,13,43,0,62,4,8,16,3
2026-09-01T12:15:01+09:00,202,24,2,10,3,14,12,48,0,52,4,6,15,12
2026-09-01T12:25:01+09:00,224,24,2,12,2,15,10,56,0,65,8,6,14,10
2026-09-01T12:35:01+09:00,229,23,2,12,2,16,13,46,0,85,5,4,8,13
2026-09-01T12:45:01+09:00,227,25,3,11,4,15,14,43,0,84,2,5,16,5
2026-09-01T12:55:01+09:00,224,25,3,9,8,15,14,46,0,82,1,4,14,3
2026-09-01T13:05:01+09:00,234,22,4,9,5,20,18,45,1,85,1,6,16,2
2026-09-01T13:15:01+09:00,242,22,3,10,3,21,19,49,0,89,2,6,16,2
2026-09-01T13:25:01+09:00,239,26,2,9,2,20,18,52,1,88,0,7,13,1
2026-09-01T13:35:01+09:00,249,25,2,9,3,19,17,53,0,100,0,7,11,3
2026-09-01T13:45:01+09:00,256,22,2,10,3,19,17,56,3,102,0,7,13,2
2026-09-01T13:55:01+09:00,258,21,2,9,3,20,18,55,2,103,1,8,13,3
2026-09-01T14:05:01+09:00,255,21,2,10,2,19,18,53,0,108,2,8,8,4
2026-09-01T14:15:01+09:00,256,21,2,9,3,20,21,53,1,109,1,8,7,1
2026-09-01T14:25:01+09:00,253,22,2,9,4,20,19,53,1,108,1,8,5,1
2026-09-01T14:35:01+09:00,249,22,2,9,3,19,17,51,1,109,0,10,4,2
2026-09-01T14:45:01+09:00,247,22,2,11,4,18,19,46,0,108,0,12,4,1
2026-09-01T14:55:01+09:00,247,25,2,13,5,20,16,48,0,105,0,8,4,1
2026-09-01T15:05:01+09:00,253,20,4,14,5,20,18,51,0,103,1,8,9,0
2026-09-01T15:15:01+09:00,256,20,4,13,9,19,16,54,0,107,1,9,3,1
2026-09-01T15:25:01+09:00,250,20,4,14,4,20,14,54,0,108,0,9,3,0
2026-09-01T15:35:01+09:00,250,22,5,13,4,19,14,55,1,103,1,8,3,2
2026-09-01T15:45:01+09:00,237,20,6,10,6,19,10,57,1,96,0,7,3,2
2026-09-01T15:55:01+09:00,236,20,4,9,6,19,11,57,1,96,0,7,5,1
2026-09-01T16:05:01+09:00,225,19,4,9,3,19,14,54,0,93,0,8,2,0
2026-09-01T16:15:01+09:00,233,19,3,9,2,20,12,56,0,95,2,10,4,1
2026-09-01T16:25:01+09:00,234,18,5,8,4,20,11,47,1,97,4,9,6,4
2026-09-01T16:35:01+09:00,226,19,3,9,4,20,11,49,0,97,0,7,6,1
2026-09-01T16:45:01+09:00,208,20,3,7,4,15,9,43,2,93,1,5,6,0
2026-09-01T16:55:01+09:00,214,17,3,7,3,16,9,44,3,91,3,4,11,3
2026-09-01T17:05:01+09:00,200,26,1,7,2,14,10,46,0,87,1,5,1,0
2026-09-01T17:15:01+09:00,194,25,1,5,3,15,11,46,3,76,3,5,1,0
2026-09-01T17:25:01+09:00,176,25,0,6,7,15,4,43,1,70,0,5,0,0
2026-09-01T17:35:01+09:00,164,23,0,7,2,15,2,43,0,62,0,9,0,1
2026-09-01T17:45:01+09:00,155,23,0,5,2,15,5,32,8,56,2,5,0,2
2026-09-01T17:55:01+09:00,143,23,0,7,2,15,5,26,2,53,2,5,0,3
2026-09-01T18:05:01+09:00,137,26,0,7,2,15,6,18,0,53,1,8,0,1
2026-09-01T18:15:01+09:00,113,26,0,5,2,15,6,13,0,43,0,3,0,0
2026-09-01T18:25:01+09:00,110,26,0,4,2,17,6,8,0,44,0,3,0,0
2026-09-01T18:35:01+09:00,104,19,0,4,2,17,5,9,2,40,0,3,0,3
2026-09-01T18:45:01+09:00,102,19,1,4,2,18,6,8,2,34,4,1,0,3
2026-09-01T18:55:01+09:00,95,17,1,3,2,18,5,10,1,34,2,2,0,0
2026-09-01T19:05:01+09:00,85,17,0,3,2,16,5,7,1,33,0,1,0,0
2026-09-01T19:15:01+09:00,81,17,0,3,2,15,5,6,1,30,0,2,0,0
2026-09-01T19:25:01+09:00,79,16,0,2,2,14,8,6,3,27,0,1,0,0
2026-09-01T19:35:01+09:00,69,15,0,1,2,11,8,6,1,24,0,1,0,0
2026-09-01T19:45:01+09:00,67,15,0,1,2,11,7,5,2,22,0,1,0,1
2026-09-01T19:55:01+09:00,60,10,0,1,6,10,9,7,2,13,1,1,0,0
2026-09-01T20:05:01+09:00,43,2,0,1,4,9,8,6,1,10,0,1,0,1
2026-09-01T20:15:01+09:00,36,1,0,1,2,6,8,7,1,8,0,1,0,1
2026-09-01T20:25:01+09:00,30,1,0,1,2,6,4,7,1,7,0,1,0,0
2026-09-01T20:35:01+09:00,29,0,0,1,2,6,5,5,1,7,0,1,0,1
2026-09-01T20:45:01+09:00,28,0,0,1,2,6,5,5,0,7,0,1,1,0
2026-09-01T20:55:01+09:00,30,0,0,1,2,8,5,5,0,7,0,1,1,0
2026-09-01T21:05:01+09:00,31,0,0,1,2,9,6,5,0,7,0,1,0,0
2026-09-01T21:15:01+09:00,32,0,0,1,2,9,8,4,0,7,0,1,0,0
2026-09-01T21:25:01+09:00,31,0,0,2,2,9,6,4,0,7,0,1,0,0
2026-09-01T21:35:01+09:00,31,0,0,2,2,9,5,4,0,7,0,1,0,1
2026-09-01T21:45:01+09:00,31,0,0,1,2,9,6,5,0,7,0,1,0,0
2026-09-01T21:55:01+09:00,31,0,0,1,2,9,7,4,0,7,0,1,0,0
2026-09-01T22:05:01+09:00,33,0,0,1,2,9,7,4,0,7,0,2,0,1
2026-09-01T22:15:01+09:00,32,0,0,1,2,9,8,4,0,7,0,1,0,0
2026-09-01T22:25:01+09:00,33,0,0,1,2,9,8,5,0,7,0,1,0,0
2026-09-01T22:35:01+09:00,33,0,0,1,2,9,7,5,0,7,0,1,0,1
2026-09-01T22:45:01+09:00,33,0,0,1,2,9,7,5,0,7,0,1,0,1
2026-09-01T22:55:01+09:00,32,0,0,1,2,9,7,5,0,7,0,1,0,0
2026-09-01T23:05:01+09:00,32,0,0,1,2,9,7,5,0,7,0,1,0,0
2026-09-01T23:15:01+09:00,33,0,0,1,2,9,7,5,0,7,1,1,0,0
2026-09-01T23:25:01+09:00,33,0,0,1,2,8,7,5,0,7,1,2,0,0
2026-09-01T23:35:01+09:00,29,0,0,1,2,4,9,5,0,7,0,1,0,0
2026-09-01T23:45:01+09:00,29,0,0,1,2,4,10,5,0,7,0,0,0,0
2026-09-01T23:55:01+09:00,26,0,0,1,2,4,7,5,0,7,0,0,0,0
2026-09-02T00:05:01+09:00,23,0,0,1,2,4,4,5,0,7,0,0,0,0
2026-09-02T00:15:01+09:00,22,0,0,1,2,4,3,5,0,7,0,0,0,0
2026-09-02T00:25:01+09:00,24,0,0,1,2,4,4,5,0,8,0,0,0,0
2026-09-02T00:35:01+09:00,23,0,0,1,2,4,4,4,0,8,0,0,0,0
2026-09-02T00:45:01+09:00,22,0,0,1,2,4,4,4,0,7,0,0,0,0
2026-09-02T00:55:01+09:00,22,0,0,1,2,4,4,4,0,7,0,0,0,0
2026-09-02T01:05:01+09:00,22,0,0,1,2,4,4,4,0,7,0,0,0,0
2026-09-02T01:15:01+09:00,22,0,0,1,2,4,4,4,0,7,0,0,0,0
2026-09-02T01:25:01+09:00,22,0,0,1,2,4,4,4,0,7,0,0,0,0
2026-09-02T01:35:01+09:00,22,0,0,1,2,4,4,4,0,7,0,0,0,0
2026-09-02T01:45:01+09:00,22,0,0,1,2,4,4,4,0,7,0,0,0,0
2026-09-02T01:55:01+09:00,27,0,0,1,2,7,4,5,0,7,1,0,0,0
2026-09-02T02:05:01+09:00,27,0,0,1,2,7,4,5,0,7,1,0,0,0
2026-09-02T02:15:01+09:00,25,0,0,1,2,7,4,4,0,7,0,0,0,0
2026-09-02T02:25:01+09:00,25,0,0,1,2,7,4,4,0,7,0,0,0,0
2026-09-02T02:35:01+09:00,25,0,0,1,2,7,4,4,0,7,0,0,0,0
2026-09-02T02:45:01+09:00,24,0,0,1,2,6,4,4,0,7,0,0,0,0
2026-09-02T02:55:01+09:00,24,0,0,1,2,6,4,4,0,7,0,0,0,0
2026-09-02T03:05:01+09:00,24,0,0,1,2,6,4,4,0,7,0,0,0,0
2026-09-02T03:15:01+09:00,24,0,0,1,2,6,4,4,0,7,0,0,0,0
2026-09-02T03:25:01+09:00,25,0,0,1,2,6,4,5,0,7,0,0,0,0
2026-09-02T03:35:01+09:00,25,0,0,1,2,6,4,5,0,7,0,0,0,0
2026-09-02T03:45:01+09:00,24,0,0,1,2,6,3,5,0,7,0,0,0,0
2026-09-02T03:55:01+09:00,24,0,0,1,2,6,3,5,0,7,0,0,0,0
2026-09-02T04:05:01+09:00,23,0,0,1,2,5,3,5,0,7,0,0,0,0
2026-09-02T04:15:01+09:00,24,0,0,1,2,5,3,5,0,7,0,0,1,0
2026-09-02T04:25:01+09:00,24,0,0,1,2,5,3,5,0,7,0,0,1,0
2026-09-02T04:35:01+09:00,24,0,0,1,2,5,3,5,0,7,0,0,1,0
2026-09-02T04:45:01+09:00,24,0,0,1,2,5,3,5,0,7,0,0,1,0
2026-09-02T04:55:01+09:00,25,0,0,1,2,5,4,5,0,7,0,0,1,0
2026-09-02T05:05:01+09:00,25,0,0,1,2,5,4,5,0,7,0,0,1,0
2026-09-02T05:15:01+09:00,25,0,0,1,2,5,4,5,0,7,0,0,1,0
2026-09-02T05:25:01+09:00,27,1,0,1,1,6,4,6,0,7,0,0,1,0
2026-09-02T05:35:01+09:00,26,1,0,1,1,6,3,6,0,7,0,0,1,0
2026-09-02T05:45:01+09:00,26,1,0,1,1,6,3,6,0,7,0,0,1,0
2026-09-02T05:55:01+09:00,26,1,0,1,1,6,2,6,0,7,0,1,1,0
2026-09-02T06:05:01+09:00,26,1,0,1,1,6,3,5,0,7,0,1,1,0
2026-09-02T06:15:01+09:00,26,1,0,1,1,6,3,5,0,7,0,1,1,0
2026-09-02T06:25:01+09:00,28,1,0,1,1,6,2,5,0,7,0,4,1,0
2026-09-02T06:35:01+09:00,27,1,0,1,1,6,2,5,0,7,0,3,1,0
2026-09-02T06:45:01+09:00,27,1,0,1,1,6,2,5,0,7,0,3,1,0
2026-09-02T06:55:01+09:00,26,1,0,1,1,5,2,5,0,7,0,3,1,0
2026-09-02T07:05:01+09:00,25,1,0,1,1,5,1,5,0,7,0,3,1,0
2026-09-02T07:15:01+09:00,26,1,0,1,1,5,2,5,0,7,0,3,1,0
2026-09-02T07:25:01+09:00,27,1,0,1,1,5,2,6,0,7,0,3,1,0
2026-09-02T07:35:01+09:00,27,1,0,1,1,5,2,6,0,7,0,3,1,0
2026-09-02T07:45:01+09:00,29,1,0,1,1,5,3,7,0,7,0,3,1,0
2026-09-02T07:55:01+09:00,32,1,0,1,1,5,3,7,0,9,0,4,1,0
2026-09-02T08:05:01+09:00,34,1,0,1,1,5,2,6,0,11,0,6,1,0
2026-09-02T08:15:01+09:00,38,1,0,1,1,5,2,6,0,17,0,4,1,0
2026-09-02T08:25:01+09:00,48,1,0,1,1,5,2,8,0,25,0,4,1,0
2026-09-02T08:35:01+09:00,67,1,0,1,1,5,2,15,1,35,0,5,1,0
2026-09-02T08:45:01+09:00,85,1,0,2,1,5,4,15,0,50,1,5,1,0
2026-09-02T08:55:01+09:00,118,1,0,2,1,5,3,18,0,79,1,7,1,0
2026-09-02T09:05:01+09:00,133,1,0,5,2,5,2,20,0,89,0,8,1,0
2026-09-02T09:15:01+09:00,132,1,0,4,2,5,2,24,0,86,0,7,1,0
2026-09-02T09:25:01+09:00,145,2,2,5,2,5,2,29,0,87,1,9,1,0
2026-09-02T09:35:01+09:00,155,3,2,5,2,5,3,28,1,95,1,9,1,0
2026-09-02T09:45:01+09:00,161,4,3,5,2,5,0,31,1,99,0,9,1,1
2026-09-02T09:55:01+09:00,164,6,3,4,3,7,0,29,0,100,2,9,1,0
2026-09-02T10:05:01+09:00,169,3,3,4,2,8,0,28,0,105,2,9,5,0
2026-09-02T10:15:01+09:00,168,2,2,4,3,8,1,29,0,103,0,9,6,1
2026-09-02T10:25:01+09:00,182,2,3,4,4,8,0,30,0,103,11,9,6,2
2026-09-02T10:35:01+09:00,186,2,4,4,4,8,0,33,0,103,12,9,5,2
2026-09-02T10:45:01+09:00,194,3,5,4,3,8,0,37,0,104,13,9,6,2
2026-09-02T10:55:01+09:00,199,3,5,4,3,9,0,38,0,101,14,12,8,2
2026-09-02T11:05:01+09:00,200,3,6,3,4,9,1,36,0,104,14,13,7,0
2026-09-02T11:15:01+09:00,199,2,5,3,4,9,2,37,0,104,14,13,6,0
2026-09-02T11:25:01+09:00,0,,,,,,,,,,,,,
2026-09-03T14:05:01+09:00,0,,,,,,,,,,,,,
2026-09-04T15:45:01+09:00,0,,,,,,,,,,,,,
2026-09-05T23:25:01+09:00,0,,,,,,,,,,,,,
2026-09-07T10:25:01+09:00,0,,,,,,,,,,,,,
2026-09-08T12:40:01+09:00,0,,,,,,,,,,,,,
2026-09-09T12:15:01+09:00,0,,,,,,,,,,,,,
2026-09-09T16:05:02+09:00,0,,,,,,,,,,,,,
2026-09-10T16:15:01+09:00,0,,,,,,,,,,,,,
2026-09-11T16:25:01+09:00,0,,,,,,,,,,,,,
2026-09-12T22:45:01+09:00,0,,,,,,,,,,,,,
2026-09-14T06:05:01+09:00,0,,,,,,,,,,,,,
2026-09-15T02:45:02+09:00,0,,,,,,,,,,,,,
2026-09-16T00:40:01+09:00,0,,,,,,,,,,,,,
2026-09-16T21:50:01+09:00,0,,,,,,,,,,,,,
2026-09-17T20:45:02+09:00,0,,,,,,,,,,,,,
2026-09-18T18:15:01+09:00,0,,,,,,,,,,,,,
2026-09-19T22:00:01+09:00,0,,,,,,,,,,,,,
2026-09-21T02:55:01+09:00,0,,,,,,,,,,,,,
2026-09-22T09:50:02+09:00,0,,,,,,,,,,,,,
2026-09-22T12:19:27+09:00,0,,,,,,,,,,,,,
2026-09-22T12:29:27+09:00,136,26,5,1,8,32,21,11,0,9,4,14,4,1
2026-09-22T12:39:27+09:00,135,28,4,2,8,32,21,10,0,9,4,13,3,1
2026-09-22T12:49:27+09:00,141,27,3,2,8,32,25,13,1,9,4,14,3,0
2026-09-22T12:59:27+09:00,142,27,3,2,8,32,27,12,0,9,4,14,3,1
2026-09-22T13:13:52+09:00,0,,,,,,,,,,,,,
2026-09-22T13:23:52+09:00,149,27,3,5,9,32,29,11,0,10,7,13,3,0
2026-09-22T13:33:52+09:00,154,35,3,2,8,32,31,14,0,9,4,13,3,0
2026-09-22T13:43:52+09:00,152,30,3,2,8,32,32,11,0,10,7,14,3,0
2026-09-22T13:53:52+09:00,150,30,3,2,8,32,31,11,0,9,6,15,3,0
2026-09-22T14:03:52+09:00,153,30,3,2,8,32,32,11,0,9,4,19,3,0
2026-09-22T14:13:52+09:00,156,31,3,2,8,34,32,11,0,9,4,19,3,0
2026-09-22T14:23:52+09:00,166,30,3,3,8,37,30,14,0,9,4,25,3,0
2026-09-22T14:33:52+09:00,168,30,4,2,11,37,29,14,0,9,5,23,3,1
2026-09-22T14:43:52+09:00,163,28,4,3,11,37,30,12,0,9,4,22,3,0
2026-09-22T14:53:52+09:00,156,26,4,2,8,37,29,11,0,9,6,21,3,0
2026-09-22T15:03:52+09:00,157,26,4,3,9,37,30,11,0,9,4,21,3,0
2026-09-22T15:13:52+09:00,146,18,4,2,8,35,29,11,0,9,5,22,3,0
2026-09-22T15:23:52+09:00,163,32,4,2,8,35,28,12,0,10,5,24,3,0
2026-09-22T15:33:52+09:00,165,31,4,2,8,35,29,13,0,9,6,25,3,0
2026-09-22T15:43:52+09:00,160,31,4,2,8,35,24,17,0,9,2,25,3,0
2026-09-22T15:53:52+09:00,158,31,4,2,8,35,25,14,0,9,0,25,3,2
2026-09-22T16:03:52+09:00,143,31,4,2,8,35,13,12,0,9,0,24,3,2
2026-09-22T16:13:52+09:00,152,30,4,2,8,35,25,12,0,9,1,23,3,0
2026-09-22T16:23:52+09:00,155,31,5,2,8,35,26,12,0,9,1,23,3,0
2026-09-22T16:33:52+09:00,155,32,5,2,8,35,26,11,0,9,2,23,2,0
2026-09-22T16:43:52+09:00,153,31,5,2,8,35,25,11,1,9,0,23,3,0
2026-09-22T16:53:52+09:00,154,31,5,2,8,36,25,11,1,9,0,23,3,0
2026-09-22T17:03:52+09:00,155,31,5,2,7,36,25,12,1,9,0,24,3,0
2026-09-22T17:13:52+09:00,155,29,5,2,8,36,25,12,1,9,0,25,3,0
2026-09-22T17:23:52+09:00,168,26,5,2,14,37,27,14,1,10,2,25,4,1
2026-09-22T17:29:16+09:00,0,,,,,,,,,,,,,
2026-09-22T17:39:16+09:00,147,22,4,2,8,37,18,13,0,10,2,26,5,0
2026-09-22T17:49:16+09:00,143,27,4,2,8,37,15,11,0,9,0,25,4,1
2026-09-22T17:59:16+09:00,145,25,5,2,8,37,18,11,0,9,0,26,3,1
2026-09-22T18:09:16+09:00,142,25,5,2,8,36,15,12,2,9,0,26,2,0
2026-09-22T18:19:16+09:00,138,25,5,2,8,36,15,11,0,9,0,25,2,0
2026-09-22T18:30:01+09:00,0,,,,,,,,,,,,,
2026-09-22T18:30:19+09:00,0,,,,,,,,,,,,,
2026-09-22T18:40:24+09:00,0,,,,,,,,,,,,,
2026-09-22T18:50:28+09:00,0,,,,,,,,,,,,,
2026-09-22T19:00:31+09:00,0,,,,,,,,,,,,,
2026-09-22T19:10:36+09:00,0,,,,,,,,,,,,,
2026-09-22T19:20:43+09:00,0,,,,,,,,,,,,,
2026-09-22T19:30:48+09:00,0,,,,,,,,,,,,,
2026-09-22T19:40:57+09:00,0,,,,,,,,,,,,,
2026-09-22T19:51:00+09:00,133,18,4,3,9,39,17,11,0,9,4,16,2,1
2026-09-22T20:01:06+09:00,119,18,4,2,9,38,9,13,0,9,2,13,2,0
2026-09-22T20:11:13+09:00,111,7,4,2,8,37,8,21,0,9,0,13,2,0
2026-09-22T20:21:17+09:00,104,6,4,2,8,34,7,18,1,9,0,13,2,0
2026-09-22T20:31:24+09:00,97,6,4,2,8,34,8,11,0,9,0,13,2,0
2026-09-22T20:41:27+09:00,97,6,4,2,8,34,8,11,0,9,0,13,2,0
2026-09-22T20:51:31+09:00,97,6,4,2,8,34,8,11,0,9,0,13,2,0
2026-09-22T21:01:34+09:00,96,6,4,2,8,34,7,11,0,9,0,13,2,0
2026-09-22T21:11:37+09:00,95,6,4,2,8,34,6,11,0,9,0,13,2,0
2026-09-22T21:21:43+09:00,96,6,4,3,8,34,6,11,0,9,0,13,2,0
2026-09-22T21:31:47+09:00,96,6,4,2,8,34,6,11,0,9,0,13,2,1
2026-09-22T21:41:52+09:00,96,6,4,2,8,34,6,11,0,9,0,13,2,1
2026-09-22T21:52:01+09:00,95,6,4,2,8,34,6,11,0,9,0,13,2,0
2026-09-22T22:02:05+09:00,95,6,4,2,8,34,6,11,0,9,0,13,2,0
2026-09-22T22:12:10+09:00,94,6,4,2,8,33,6,11,0,9,0,13,2,0
2026-09-22T22:22:15+09:00,95,6,4,2,8,34,6,11,0,9,0,13,2,0
2026-09-22T22:32:24+09:00,95,6,4,2,8,34,6,11,0,9,0,13,2,0
2026-09-22T22:42:28+09:00,97,6,4,2,8,34,7,11,0,9,0,14,2,0
2026-09-22T22:52:32+09:00,97,6,4,2,8,34,7,11,0,9,0,14,2,0
2026-09-22T23:02:37+09:00,95,6,4,2,8,34,6,11,0,9,0,13,2,0
2026-09-22T23:12:45+09:00,95,6,4,2,8,34,6,11,0,9,0,13,2,0
2026-09-22T23:22:52+09:00,99,6,4,2,8,34,8,11,0,9,2,13,2,0
2026-09-22T23:32:58+09:00,98,6,4,2,8,34,7,11,0,9,2,13,2,0
2026-09-22T23:43:03+09:00,89,6,4,2,8,28,6,11,0,9,0,13,2,0
2026-09-22T23:53:08+09:00,90,6,4,2,8,30,6,11,0,9,0,12,2,0
2026-09-22T23:53:26+09:00,90,6,4,2,8,30,6,11,0,9,0,12,2,0
2026-09-23T00:03:29+09:00,91,6,4,2,8,30,6,11,0,9,0,13,2,0
2026-09-23T00:13:34+09:00,92,6,4,2,8,30,7,11,0,9,0,13,2,0
2026-09-23T00:23:38+09:00,93,6,4,2,8,31,7,11,0,9,0,13,2,0
2026-09-23T00:33:43+09:00,93,6,4,2,8,31,6,11,0,9,1,13,2,0
2026-09-23T00:43:49+09:00,94,6,4,2,8,33,6,11,0,9,0,13,2,0
2026-09-23T00:53:54+09:00,95,6,4,2,8,34,6,10,0,9,1,13,2,0
2026-09-23T01:03:58+09:00,96,6,4,2,8,34,6,11,0,9,1,13,2,0
2026-09-23T01:14:01+09:00,95,6,4,2,8,34,6,11,0,9,0,13,2,0
2026-09-23T01:24:07+09:00,98,6,4,2,8,34,6,11,2,9,1,13,2,0
2026-09-23T01:34:12+09:00,98,6,4,2,9,34,6,12,0,9,1,13,2,0
2026-09-23T01:44:18+09:00,96,6,4,2,8,34,6,12,0,9,0,13,2,0
2026-09-23T01:54:21+09:00,96,6,4,2,8,34,6,11,1,9,0,13,2,0
2026-09-23T02:04:24+09:00,95,6,4,2,8,34,6,11,0,9,0,13,2,0
2026-09-23T02:14:28+09:00,95,6,4,2,8,34,6,11,0,9,0,13,2,0
2026-09-23T02:24:31+09:00,95,6,4,2,8,34,6,11,0,9,0,13,2,0
2026-09-23T02:34:41+09:00,95,6,4,2,8,34,6,11,0,9,0,13,2,0
2026-09-23T02:44:43+09:00,95,6,4,2,8,34,6,11,0,9,0,13,2,0
2026-09-23T02:54:46+09:00,95,6,4,2,8,34,6,11,0,9,0,13,2,0
2026-09-23T03:04:50+09:00,95,6,4,2,8,34,6,11,0,9,0,13,2,0
2026-09-23T03:14:53+09:00,94,6,4,2,8,34,6,11,0,9,0,12,2,0
2026-09-23T03:24:56+09:00,94,6,4,2,8,33,6,11,0,9,0,13,2,0
2026-09-23T03:34:58+09:00,95,6,4,2,8,33,6,12,0,9,0,13,2,0
2026-09-23T03:45:01+09:00,94,6,4,2,8,32,6,12,0,9,0,13,2,0
2026-09-23T03:55:04+09:00,93,6,4,2,8,32,6,12,0,9,0,12,2,0
2026-09-23T04:05:07+09:00,94,6,4,2,8,32,6,12,0,9,0,13,2,0
2026-09-23T04:15:09+09:00,94,6,4,2,8,32,6,12,0,9,0,13,2,0
2026-09-23T04:25:12+09:00,94,6,4,2,8,32,6,12,0,9,0,13,2,0
2026-09-23T04:35:15+09:00,94,6,4,2,8,32,6,12,0,9,0,13,2,0
2026-09-23T04:45:17+09:00,94,6,4,2,8,32,6,12,0,9,0,13,2,0
2026-09-23T04:55:20+09:00,94,6,4,2,8,32,6,12,0,9,0,13,2,0
2026-09-23T05:05:23+09:00,93,6,3,2,8,32,6,12,0,9,0,13,2,0
2026-09-23T05:15:25+09:00,94,6,4,2,8,32,6,12,0,9,0,13,2,0
2026-09-23T05:15:53+09:00,94,6,4,2,8,32,6,12,0,9,0,13,2,0
2026-09-23T05:25:56+09:00,93,6,4,2,8,32,6,11,0,9,0,13,2,0
2026-09-23T05:35:59+09:00,93,6,4,2,8,32,6,11,0,9,0,13,2,0
2026-09-23T05:46:02+09:00,93,6,4,2,8,32,6,11,0,9,0,13,2,0
2026-09-23T05:56:05+09:00,93,6,4,2,8,32,6,11,0,9,0,13,2,0
2026-09-23T06:06:08+09:00,94,6,4,2,8,32,6,12,0,9,0,13,2,0
2026-09-23T06:16:11+09:00,93,6,4,2,8,32,6,12,0,9,0,12,2,0
2026-09-23T06:26:14+09:00,94,6,4,2,8,32,6,12,0,9,0,13,2,0
2026-09-23T06:36:16+09:00,92,6,4,2,8,31,6,11,0,9,0,13,2,0
2026-09-23T06:46:20+09:00,92,6,4,2,8,31,6,11,0,9,0,13,2,0
2026-09-23T06:56:23+09:00,92,6,4,2,8,31,6,11,0,9,0,13,2,0
2026-09-23T07:06:26+09:00,92,6,4,2,8,31,6,11,0,9,0,13,2,0
2026-09-23T07:16:29+09:00,93,6,4,2,8,31,6,12,0,9,0,13,2,0
2026-09-23T07:26:32+09:00,93,6,4,2,8,31,6,12,0,9,0,13,2,0
2026-09-23T07:36:34+09:00,94,6,4,2,8,31,7,12,0,9,0,13,2,0
2026-09-23T07:46:37+09:00,95,6,4,2,8,31,8,12,0,9,0,13,2,0
2026-09-23T07:56:40+09:00,96,6,4,2,8,31,7,12,0,9,0,15,2,0
2026-09-23T08:06:43+09:00,96,6,4,2,9,31,7,12,0,9,0,14,2,0
2026-09-23T08:16:46+09:00,94,6,4,2,8,31,6,12,0,9,0,14,2,0
2026-09-23T08:26:48+09:00,95,6,4,2,8,31,6,12,0,9,0,14,2,1
2026-09-23T08:36:51+09:00,91,6,4,2,8,31,4,12,0,9,0,13,2,0
2026-09-23T08:46:54+09:00,94,6,4,2,8,32,6,12,0,9,0,13,2,0
2026-09-23T08:56:57+09:00,95,6,4,2,10,32,6,12,0,9,0,12,2,0
2026-09-23T09:07:00+09:00,97,6,4,2,8,32,8,12,0,9,0,14,2,0
2026-09-23T09:17:03+09:00,106,6,4,2,8,32,16,12,0,9,0,15,2,0
2026-09-23T09:27:05+09:00,106,6,4,2,8,32,16,12,0,9,0,15,2,0
2026-09-23T09:37:08+09:00,105,6,4,2,8,32,15,12,0,9,0,15,2,0
2026-09-23T09:47:11+09:00,107,6,4,2,8,32,15,12,1,9,0,15,3,0
2026-09-23T09:57:13+09:00,106,6,4,2,8,32,15,12,0,9,0,15,3,0
2026-09-23T10:07:16+09:00,106,6,4,2,8,32,16,12,0,9,0,14,3,0
2026-09-23T10:17:19+09:00,101,6,4,2,9,32,17,4,0,9,0,15,3,0
2026-09-23T10:27:22+09:00,109,6,4,2,8,32,17,12,0,9,0,15,3,1
2026-09-23T10:37:24+09:00,113,6,4,2,8,32,22,12,0,9,0,15,3,0
2026-09-23T10:37:39+09:00,113,6,4,2,8,32,22,12,0,9,0,15,3,0
2026-09-23T10:47:42+09:00,114,6,4,2,8,32,23,12,0,9,0,15,3,0
2026-09-23T10:57:45+09:00,114,6,4,2,8,32,24,11,0,9,0,15,3,0
2026-09-23T11:07:47+09:00,122,6,4,2,10,32,24,12,0,9,4,16,3,0
2026-09-23T11:17:50+09:00,119,8,2,3,9,32,24,11,0,9,1,16,3,1
2026-09-23T11:27:54+09:00,123,6,4,2,8,33,28,11,0,9,1,15,3,3
2026-09-23T11:37:57+09:00,122,6,4,2,8,33,30,11,0,9,0,15,3,1
2026-09-23T11:48:01+09:00,123,6,4,2,8,33,30,12,0,9,0,16,3,0
2026-09-23T11:58:04+09:00,122,6,4,2,8,33,29,13,0,9,0,15,3,0
2026-09-23T12:08:07+09:00,122,6,4,2,8,33,29,12,0,9,0,16,3,0
2026-09-23T12:18:10+09:00,123,7,4,2,8,33,27,12,0,9,1,16,4,0
2026-09-23T12:28:12+09:00,125,7,4,2,11,33,25,12,0,9,2,15,3,2
2026-09-23T12:38:18+09:00,127,6,4,2,11,33,26,13,0,9,2,16,3,2
2026-09-23T12:48:20+09:00,122,6,4,2,8,33,26,15,0,9,0,16,3,0
2026-09-23T12:58:24+09:00,123,6,4,2,8,33,26,13,0,9,0,19,3,0
2026-09-23T13:08:27+09:00,134,8,4,2,9,35,32,12,0,9,0,19,4,0
2026-09-23T13:18:30+09:00,135,8,4,2,10,35,29,12,0,9,1,22,3,0
2026-09-23T13:20:01+09:00,0,,,,,,,,,,,,,
2026-09-23T13:28:33+09:00,133,7,4,2,10,35,28,12,0,9,1,22,3,0
2026-09-23T13:38:38+09:00,135,7,4,2,12,35,30,12,0,9,0,21,3,0
2026-09-23T13:48:42+09:00,132,6,4,2,10,34,31,12,0,9,0,21,3,0
2026-09-23T13:58:45+09:00,134,7,4,2,9,34,31,12,0,9,0,23,3,0
2026-09-23T14:08:50+09:00,141,5,7,2,12,34,34,12,0,9,0,22,4,0
2026-09-23T14:18:54+09:00,145,7,8,2,11,34,35,12,0,9,0,23,4,0
2026-09-23T14:28:59+09:00,142,7,8,2,10,34,34,12,0,9,0,21,4,1
2026-09-23T14:39:04+09:00,141,7,9,2,10,34,33,12,1,9,0,20,4,0
2026-09-23T14:49:07+09:00,144,7,9,2,9,35,35,12,0,9,1,21,4,0
2026-09-23T14:59:12+09:00,146,6,9,2,9,35,36,12,0,9,3,21,4,0
2026-09-23T15:09:15+09:00,145,6,5,2,8,35,36,11,0,9,4,24,5,0
2026-09-23T15:19:19+09:00,143,6,4,2,8,35,36,13,0,9,5,21,4,0
2026-09-23T15:29:22+09:00,142,6,4,2,9,35,34,12,0,9,5,21,5,0
2026-09-23T15:39:25+09:00,141,6,5,2,11,35,34,11,0,10,4,18,5,0
2026-09-23T15:49:28+09:00,143,7,5,2,10,35,35,11,0,10,5,19,4,0
2026-09-23T15:59:34+09:00,139,7,4,3,11,35,31,12,0,9,5,17,5,0
2026-09-23T15:59:48+09:00,139,7,4,3,11,35,31,12,0,9,5,17,5,0
2026-09-23T16:09:52+09:00,142,7,4,2,12,35,35,12,0,9,5,17,4,0
2026-09-23T16:19:55+09:00,136,6,4,2,11,35,35,11,0,9,1,18,4,0
2026-09-23T16:29:58+09:00,137,6,4,2,12,35,35,11,0,9,0,19,4,0
2026-09-23T16:40:01+09:00,137,6,4,4,10,35,34,11,0,9,1,19,4,0
2026-09-23T16:50:05+09:00,135,6,4,4,10,35,34,11,0,9,1,17,4,0
2026-09-23T17:00:08+09:00,132,6,4,2,10,35,34,11,0,9,0,17,4,0
2026-09-23T17:10:13+09:00,129,6,2,2,12,35,32,11,0,9,0,16,4,0
2026-09-23T17:20:16+09:00,132,6,4,2,10,35,30,13,0,9,0,19,4,0
2026-09-23T17:30:19+09:00,127,6,4,2,11,35,26,14,0,9,0,16,4,0
2026-09-23T17:40:22+09:00,130,6,4,2,12,35,18,18,1,9,1,20,4,0
2026-09-23T17:50:26+09:00,120,6,4,3,10,35,12,13,0,9,3,21,4,0
2026-09-23T18:00:30+09:00,116,6,4,2,10,35,12,12,0,9,2,20,4,0
2026-09-23T18:10:36+09:00,111,6,4,2,9,35,12,11,0,9,0,19,4,0
2026-09-23T18:20:40+09:00,109,6,4,2,9,35,11,11,0,9,1,17,4,0
2026-09-23T18:30:43+09:00,113,6,5,2,10,35,9,12,1,9,2,18,4,0
2026-09-23T18:40:46+09:00,112,6,4,2,13,35,9,12,0,9,2,17,3,0
2026-09-23T18:50:49+09:00,116,6,4,2,11,38,12,12,0,9,1,18,3,0
2026-09-23T19:00:57+09:00,109,6,4,2,9,37,11,11,0,9,1,16,3,0
2026-09-23T19:11:00+09:00,108,7,4,2,9,36,11,11,0,9,1,15,3,0
2026-09-23T19:21:03+09:00,109,7,4,2,9,36,12,11,0,10,0,15,3,0
2026-09-23T19:31:08+09:00,111,7,4,2,9,37,13,11,0,10,0,15,3,0
2026-09-23T19:41:11+09:00,111,7,4,2,9,38,12,11,0,10,0,15,3,0
2026-09-23T19:51:14+09:00,107,7,4,2,9,38,9,11,0,9,0,15,3,0
2026-09-23T20:01:17+09:00,107,7,4,2,9,36,10,11,0,9,0,16,3,0
2026-09-23T20:11:20+09:00,103,7,4,2,9,32,8,11,0,9,0,18,3,0
2026-09-23T20:21:23+09:00,103,7,4,2,9,32,8,11,0,9,0,18,3,0
2026-09-23T20:31:26+09:00,105,7,4,2,9,34,8,11,0,9,0,18,3,0
2026-09-23T20:41:28+09:00,103,7,4,2,9,34,8,11,0,9,0,16,3,0
2026-09-23T20:51:31+09:00,104,8,4,2,8,34,8,11,0,10,0,16,3,0
2026-09-23T21:01:37+09:00,104,8,4,2,8,34,8,11,0,9,0,17,3,0
2026-09-23T21:11:40+09:00,105,8,4,2,8,34,8,12,0,9,0,17,3,0
2026-09-23T21:21:44+09:00,103,8,4,2,8,34,7,12,0,9,0,16,3,0
2026-09-23T21:22:02+09:00,103,8,4,2,8,34,7,12,0,9,0,16,3,0
2026-09-23T21:32:06+09:00,102,8,4,2,8,34,7,11,0,9,0,16,3,0
2026-09-23T21:42:10+09:00,102,8,4,2,8,34,7,11,0,9,0,16,3,0
2026-09-23T21:52:15+09:00,102,8,4,2,8,34,7,11,0,9,0,16,3,0
2026-09-23T22:02:18+09:00,102,8,4,2,8,34,7,11,0,9,0,16,3,0
2026-09-23T22:12:24+09:00,102,8,4,2,8,34,7,11,0,9,0,16,3,0
2026-09-23T22:22:30+09:00,102,8,4,2,8,34,7,11,0,9,0,16,3,0
2026-09-23T22:32:33+09:00,102,8,4,2,8,34,7,11,0,9,0,16,3,0
2026-09-23T22:42:36+09:00,100,6,4,2,8,34,7,11,0,9,0,16,3,0
2026-09-23T22:52:40+09:00,99,6,4,2,8,34,7,10,0,9,0,16,3,0
2026-09-23T23:02:44+09:00,100,6,4,2,8,34,7,11,0,9,0,16,3,0
2026-09-23T23:12:56+09:00,100,6,4,2,8,34,7,11,0,9,0,16,3,0
2026-09-23T23:23:00+09:00,102,6,4,2,8,34,8,11,0,9,1,16,3,0
2026-09-23T23:33:06+09:00,102,6,4,2,8,33,9,11,0,9,1,16,3,0
2026-09-23T23:43:09+09:00,106,6,4,2,8,33,8,11,2,9,3,17,3,0
2026-09-23T23:53:14+09:00,100,6,4,2,8,32,7,11,1,9,1,16,3,0
2026-09-24T00:03:17+09:00,98,6,4,2,8,32,7,11,0,9,0,16,3,0
2026-09-24T00:13:17+09:00,98,6,4,2,8,32,7,11,0,9,0,16,3,0
2026-09-24T00:23:17+09:00,98,6,4,2,8,32,7,11,0,9,0,16,3,0
2026-09-24T00:33:17+09:00,100,6,4,2,8,32,7,11,0,9,1,16,3,1
2026-09-24T00:43:17+09:00,100,6,4,2,8,32,7,11,0,9,1,16,3,1
2026-09-24T00:53:17+09:00,98,6,4,2,8,32,7,11,0,9,0,16,3,0
2026-09-24T01:03:17+09:00,98,6,4,2,8,32,7,11,0,9,0,16,3,0
2026-09-24T01:13:17+09:00,97,6,4,2,8,32,7,11,0,9,0,15,3,0
2026-09-24T01:23:17+09:00,98,6,4,2,8,32,7,11,0,9,0,16,3,0
2026-09-24T01:33:17+09:00,100,6,4,2,8,32,7,11,0,9,2,16,3,0
2026-09-24T01:43:17+09:00,98,6,4,2,8,32,7,11,0,9,0,16,3,0
2026-09-24T01:50:40+09:00,98,6,4,2,8,32,7,11,0,9,0,16,3,0
2026-09-24T02:00:44+09:00,98,6,4,2,8,32,7,11,0,9,0,16,3,0
2026-09-24T02:10:48+09:00,98,6,4,2,8,32,7,11,0,9,0,16,3,0
2026-09-24T02:20:55+09:00,98,6,4,2,8,32,7,11,0,9,0,16,3,0
2026-09-24T02:30:58+09:00,97,6,4,2,9,32,4,11,0,9,1,16,3,0
2026-09-24T02:41:01+09:00,97,6,4,2,9,32,4,11,0,9,1,16,3,0
2026-09-24T02:51:04+09:00,94,6,4,1,8,32,4,11,0,9,0,16,3,0
2026-09-24T03:01:07+09:00,95,6,4,2,8,32,4,11,0,9,0,16,3,0
2026-09-24T03:11:10+09:00,95,6,4,2,8,32,4,11,0,9,0,16,3,0
2026-09-24T03:21:13+09:00,95,6,4,2,8,32,4,11,0,9,0,16,3,0
2026-09-24T03:31:15+09:00,95,5,4,2,8,32,4,12,0,9,0,16,3,0
2026-09-24T03:41:26+09:00,96,6,4,2,8,32,4,12,0,9,0,16,3,0
2026-09-24T03:51:29+09:00,96,6,4,2,8,32,4,12,0,9,0,16,3,0
2026-09-24T04:01:32+09:00,96,6,4,2,8,32,4,12,0,9,0,16,3,0
2026-09-24T04:11:35+09:00,96,6,4,2,8,32,4,12,0,9,0,16,3,0
2026-09-24T04:21:39+09:00,96,6,4,2,8,32,4,12,0,9,0,16,3,0
2026-09-24T04:31:42+09:00,96,6,4,2,8,32,4,12,0,9,0,16,3,0
2026-09-24T04:41:45+09:00,96,6,4,2,8,32,4,12,0,9,0,16,3,0
2026-09-24T04:51:48+09:00,96,6,4,2,8,32,4,12,0,9,0,16,3,0
2026-09-24T05:01:51+09:00,96,6,4,2,8,32,4,12,0,9,0,16,3,0
2026-09-24T05:11:53+09:00,96,6,4,2,8,32,4,12,0,9,0,16,3,0
2026-09-24T05:21:56+09:00,96,6,4,2,8,32,4,12,0,9,0,16,3,0
2026-09-24T05:31:58+09:00,96,6,4,2,8,32,4,12,0,9,0,16,3,0
2026-09-24T05:42:01+09:00,96,6,4,2,8,32,4,12,0,9,0,16,3,0
2026-09-24T05:52:04+09:00,96,6,4,2,8,32,4,12,0,9,0,16,3,0
2026-09-24T06:02:07+09:00,97,6,4,2,8,32,4,13,0,9,0,16,3,0
2026-09-24T06:12:10+09:00,97,6,4,2,8,32,4,13,0,9,0,16,3,0
2026-09-24T06:22:13+09:00,95,6,4,2,8,32,4,11,0,9,0,16,3,0
2026-09-24T06:32:15+09:00,95,6,4,2,8,32,4,11,0,9,0,16,3,0
2026-09-24T06:42:18+09:00,95,7,4,2,8,31,4,11,0,9,0,16,3,0
2026-09-24T06:52:20+09:00,94,6,4,2,8,31,4,11,0,9,0,16,3,0
2026-09-24T07:02:23+09:00,94,6,4,2,8,31,4,11,0,9,0,16,3,0
2026-09-24T07:12:26+09:00,94,6,4,2,8,31,4,11,0,9,0,15,3,1
2026-09-24T07:12:39+09:00,94,6,4,2,8,31,4,11,0,9,0,15,3,1
2026-09-24T07:22:41+09:00,96,6,4,2,8,31,4,11,0,9,1,16,3,1
2026-09-24T07:32:44+09:00,94,6,4,2,8,31,4,12,0,9,0,15,3,0
2026-09-24T07:42:47+09:00,96,6,4,2,8,31,4,13,0,9,0,16,3,0
2026-09-24T07:52:49+09:00,96,6,4,2,8,31,4,12,0,10,0,16,3,0
2026-09-24T08:02:52+09:00,98,6,4,2,8,31,4,12,0,12,0,16,3,0
2026-09-24T08:12:55+09:00,99,6,4,2,8,31,4,12,0,13,0,16,3,0
2026-09-24T08:22:57+09:00,104,6,4,2,8,31,4,12,3,13,0,18,3,0
2026-09-24T08:33:00+09:00,122,6,4,2,8,31,4,17,1,25,3,18,3,0
2026-09-24T08:43:03+09:00,140,6,4,3,8,31,4,20,1,40,0,20,3,0
2026-09-24T08:53:05+09:00,215,8,4,4,8,34,5,35,0,91,4,19,3,0
2026-09-24T09:03:08+09:00,262,7,5,4,8,35,11,40,1,126,3,19,3,0
2026-09-24T09:13:23+09:00,242,6,5,4,12,35,10,35,1,111,0,20,3,0
2026-09-24T09:23:26+09:00,236,6,5,4,9,35,10,41,0,105,0,18,3,0
2026-09-24T09:33:29+09:00,251,6,5,5,10,37,13,47,0,102,2,20,3,1
2026-09-24T09:43:32+09:00,254,6,5,5,8,37,16,48,1,103,1,19,4,1
2026-09-24T09:53:35+09:00,269,9,6,5,9,40,16,53,0,101,1,22,5,2
2026-09-24T10:03:38+09:00,270,15,6,5,11,40,17,50,0,101,1,20,4,0
2026-09-24T10:13:41+09:00,276,14,5,3,11,41,17,52,0,103,3,23,4,0
2026-09-24T10:23:44+09:00,279,15,5,4,10,42,16,49,0,106,2,26,4,0
2026-09-24T10:33:49+09:00,283,15,5,4,8,42,17,54,0,102,2,29,5,0
2026-09-24T10:43:52+09:00,284,14,5,4,8,43,19,53,2,100,3,27,5,1
2026-09-24T10:53:55+09:00,290,14,5,5,8,43,21,52,2,102,2,27,7,2
2026-09-24T11:03:58+09:00,285,9,5,5,8,43,21,55,1,104,1,26,6,1
2026-09-24T11:14:01+09:00,294,10,5,7,7,44,20,61,1,104,2,26,7,0
2026-09-24T11:24:04+09:00,304,10,5,8,7,44,19,66,1,105,1,28,7,3
2026-09-24T11:34:07+09:00,309,11,5,11,8,45,18,68,0,107,2,25,7,2
2026-09-24T11:44:15+09:00,310,15,5,10,8,48,19,73,3,79,3,22,21,4
2026-09-24T11:54:18+09:00,311,14,5,10,8,48,18,70,1,77,1,23,32,4
2026-09-24T12:04:24+09:00,310,13,8,9,7,46,19,66,0,75,6,25,34,2
2026-09-24T12:14:30+09:00,325,16,7,11,10,47,18,64,0,80,4,28,36,4
2026-09-24T12:24:35+09:00,333,13,11,11,11,47,12,68,0,86,2,32,35,5
2026-09-24T12:34:40+09:00,343,13,15,10,10,50,15,72,0,91,4,33,26,4
2026-09-24T12:44:45+09:00,351,10,13,9,15,52,19,71,0,102,4,30,21,5
2026-09-24T12:45:01+09:00,0,,,,,,,,,,,,,
2026-09-24T12:54:49+09:00,350,10,16,9,18,51,17,74,1,93,1,31,25,4
2026-09-24T13:04:52+09:00,353,10,12,10,27,55,20,62,0,88,1,28,21,19
2026-09-24T13:14:59+09:00,371,19,15,10,32,58,21,63,0,95,1,29,14,14
2026-09-24T13:25:03+09:00,372,22,16,10,28,58,21,65,0,97,1,28,15,11
2026-09-24T13:35:06+09:00,371,17,17,11,29,58,19,65,0,99,2,26,16,12
2026-09-24T13:45:11+09:00,378,26,17,12,28,58,19,68,0,102,2,28,15,3
2026-09-24T13:55:16+09:00,371,20,17,11,30,57,20,71,0,106,0,28,10,1
2026-09-24T14:05:19+09:00,377,14,15,10,31,60,23,74,2,105,3,27,12,1
2026-09-24T14:15:23+09:00,385,12,16,8,33,60,22,82,3,104,5,26,14,0
2026-09-24T14:25:31+09:00,390,9,16,8,28,64,23,85,3,104,3,26,20,1
2026-09-24T14:35:36+09:00,382,8,13,9,27,64,26,83,2,101,3,25,21,0
2026-09-24T14:35:54+09:00,389,11,14,9,28,64,26,84,0,107,3,24,19,0
2026-09-24T14:46:00+09:00,380,10,12,10,25,63,29,83,1,100,2,28,14,3
2026-09-24T14:56:05+09:00,387,11,13,10,26,63,29,83,0,105,1,29,13,4
2026-09-24T15:06:08+09:00,392,13,13,10,28,63,30,87,0,107,1,27,11,2
2026-09-24T15:16:12+09:00,386,12,15,11,22,62,26,85,0,106,2,27,15,3
2026-09-24T15:26:15+09:00,392,11,14,10,30,62,32,81,1,99,7,27,14,4
2026-09-24T15:36:19+09:00,393,14,14,10,28,63,32,83,0,102,3,25,17,2
2026-09-24T15:46:22+09:00,399,14,13,11,26,64,37,82,1,100,1,29,20,1
2026-09-24T15:56:26+09:00,390,13,9,10,27,66,39,82,2,99,3,22,13,5
2026-09-24T16:06:35+09:00,390,13,9,9,26,66,37,77,3,101,5,25,16,3
2026-09-24T16:16:41+09:00,380,11,10,9,25,67,38,70,2,92,10,24,21,1
2026-09-24T16:26:45+09:00,377,10,8,8,25,67,39,70,0,96,8,23,20,3
2026-09-24T16:36:48+09:00,373,10,8,8,24,69,40,69,1,91,8,21,23,1
2026-09-24T16:46:53+09:00,367,11,6,8,21,68,38,69,0,96,8,21,21,0
2026-09-24T16:56:56+09:00,358,11,6,8,25,67,36,71,1,95,11,19,8,0
2026-09-24T17:06:58+09:00,365,17,9,8,26,64,35,76,1,87,12,21,6,3
2026-09-24T17:17:02+09:00,371,16,20,10,25,62,36,81,1,80,11,22,5,2
2026-09-24T17:27:05+09:00,353,16,22,7,18,64,35,75,0,81,10,20,4,1
2026-09-24T17:37:09+09:00,320,14,23,8,16,64,10,72,2,72,9,23,4,3
2026-09-24T17:47:12+09:00,296,8,23,6,17,64,9,59,0,67,7,22,5,9
2026-09-24T17:57:15+09:00,265,9,22,6,19,64,9,46,2,60,3,20,3,2
2026-09-24T18:07:18+09:00,252,8,23,6,16,64,11,32,2,54,5,23,4,4
2026-09-24T18:17:21+09:00,235,8,21,7,16,63,12,21,3,50,5,25,3,1
2026-09-24T18:27:24+09:00,217,8,25,7,16,59,12,15,0,44,4,22,3,2
2026-09-24T18:37:27+09:00,217,7,25,8,16,59,10,13,0,43,7,21,3,5
2026-09-24T18:47:30+09:00,205,7,25,3,17,60,9,18,0,41,3,19,3,0
2026-09-24T18:57:36+09:00,195,7,28,2,12,60,9,16,0,35,3,18,3,2
2026-09-24T19:07:41+09:00,184,7,27,2,11,56,12,13,0,32,1,15,3,5
2026-09-24T19:17:44+09:00,179,7,22,3,10,52,12,16,1,31,6,16,3,0
2026-09-24T19:27:50+09:00,177,9,10,2,11,52,10,21,1,29,5,14,3,10
2026-09-24T19:37:54+09:00,161,7,8,2,10,51,8,17,4,25,5,15,3,6
2026-09-24T19:47:59+09:00,146,7,6,2,9,50,8,14,2,25,2,14,3,4
2026-09-24T19:58:05+09:00,128,7,6,2,9,45,5,14,0,21,2,13,3,1
2026-09-24T19:58:26+09:00,128,7,6,2,9,45,5,14,0,21,2,13,3,1
2026-09-24T20:08:29+09:00,127,7,6,2,9,44,8,13,0,21,0,13,3,1
2026-09-24T20:18:35+09:00,124,7,6,2,7,44,9,13,1,19,0,13,3,0
2026-09-24T20:28:43+09:00,121,8,5,2,7,44,8,13,0,18,0,15,1,0
2026-09-24T20:38:51+09:00,120,7,5,2,7,43,8,12,0,18,0,15,3,0
2026-09-24T20:48:55+09:00,125,7,4,2,7,43,8,15,0,18,0,16,5,0
2026-09-24T20:59:02+09:00,123,7,4,2,7,43,8,13,0,18,1,15,5,0
2026-09-24T21:09:06+09:00,120,7,4,2,7,43,8,12,0,17,2,15,3,0
2026-09-24T21:19:10+09:00,124,7,4,2,7,46,8,13,2,14,2,16,3,0
2026-09-24T21:29:14+09:00,120,6,5,2,7,48,6,14,1,13,1,14,3,0
2026-09-24T21:39:17+09:00,116,6,4,2,7,49,6,12,0,12,0,15,3,0
2026-09-24T21:49:20+09:00,116,6,4,2,7,49,6,12,0,12,0,15,3,0
2026-09-24T21:59:26+09:00,119,6,5,2,7,49,6,13,0,12,0,15,3,1
2026-09-24T22:09:29+09:00,117,6,4,2,7,46,6,13,0,12,1,16,3,1
2026-09-24T22:19:33+09:00,115,6,5,2,7,46,6,12,0,12,1,15,3,0
2026-09-24T22:29:36+09:00,108,6,5,2,7,40,6,12,0,12,0,15,3,0
2026-09-24T22:39:40+09:00,106,6,4,2,7,38,7,12,0,12,0,15,3,0
2026-09-24T22:49:43+09:00,106,6,4,2,7,38,6,12,0,12,0,15,4,0
2026-09-24T22:59:47+09:00,105,7,4,2,7,37,6,12,0,12,0,15,3,0
2026-09-24T23:09:50+09:00,104,7,5,2,7,36,6,12,0,12,0,14,3,0
2026-09-24T23:19:55+09:00,103,6,6,2,7,36,6,12,0,12,0,13,3,0
2026-09-24T23:30:01+09:00,103,6,6,2,7,36,6,12,0,12,0,13,3,0
2026-09-24T23:40:10+09:00,103,6,6,2,7,36,6,12,0,12,0,13,3,0
2026-09-24T23:50:20+09:00,103,6,6,2,7,36,6,12,0,12,0,13,3,0
2026-09-25T00:00:24+09:00,102,6,6,2,7,35,6,12,0,12,0,13,3,0
2026-09-25T00:10:31+09:00,102,6,6,2,7,35,6,12,0,12,0,13,3,0
2026-09-25T00:20:34+09:00,102,6,6,2,7,35,6,12,0,12,0,13,3,0
2026-09-25T00:30:40+09:00,102,6,6,2,7,35,6,12,0,12,0,13,3,0
2026-09-25T00:40:47+09:00,101,6,6,2,7,35,6,11,0,12,0,13,3,0
2026-09-25T00:50:53+09:00,100,6,6,2,7,35,6,10,0,12,0,13,3,0
2026-09-25T01:00:59+09:00,99,6,6,2,7,35,6,10,0,11,0,13,3,0
2026-09-25T01:11:06+09:00,100,6,6,2,7,35,6,10,0,12,0,13,3,0
2026-09-25T01:21:10+09:00,100,6,6,2,7,35,6,10,0,12,0,13,3,0
2026-09-25T01:21:27+09:00,100,6,6,2,7,35,6,10,0,12,0,13,3,0
2026-09-25T01:31:30+09:00,101,6,6,2,7,35,6,10,0,12,0,13,4,0
2026-09-25T01:41:33+09:00,101,6,6,2,7,35,6,10,0,12,0,13,4,0
2026-09-25T01:51:38+09:00,100,6,6,2,7,35,6,10,0,12,0,13,3,0
2026-09-25T02:01:45+09:00,100,6,6,2,7,35,6,10,0,12,0,13,3,0
2026-09-25T02:11:47+09:00,99,6,6,2,7,34,6,10,0,12,0,13,3,0
2026-09-25T02:21:50+09:00,100,6,6,2,7,34,6,11,0,12,0,13,3,0
2026-09-25T02:31:53+09:00,100,6,6,2,7,34,6,11,0,12,0,13,3,0
2026-09-25T02:41:56+09:00,99,6,6,2,7,34,6,10,0,12,0,13,3,0
2026-09-25T02:51:59+09:00,98,6,6,2,7,34,4,10,0,12,1,13,3,0
2026-09-25T03:02:02+09:00,97,6,6,2,7,34,3,10,0,12,1,13,3,0
2026-09-25T03:12:05+09:00,96,6,6,2,7,34,3,10,0,12,0,13,3,0
2026-09-25T03:22:08+09:00,96,6,6,2,7,34,3,10,0,12,0,13,3,0
2026-09-25T03:32:11+09:00,97,6,6,2,7,34,3,11,0,12,0,13,3,0
2026-09-25T03:42:14+09:00,97,6,6,2,7,34,3,11,0,12,0,13,3,0
2026-09-25T03:52:18+09:00,97,6,6,2,7,34,3,11,0,12,0,13,3,0
2026-09-25T04:02:20+09:00,98,6,6,2,7,34,3,11,0,13,0,13,3,0
2026-09-25T04:12:24+09:00,97,6,6,2,7,34,3,10,0,13,0,13,3,0
2026-09-25T04:22:27+09:00,96,6,6,2,7,34,3,10,0,12,0,13,3,0
2026-09-25T04:32:30+09:00,96,6,6,2,7,34,3,10,0,12,0,13,3,0
2026-09-25T04:42:32+09:00,98,6,6,2,7,34,3,11,0,12,0,13,4,0
2026-09-25T04:52:35+09:00,98,6,6,2,7,34,3,11,0,12,0,13,4,0
2026-09-25T05:02:38+09:00,96,6,6,2,6,34,3,11,0,12,0,13,3,0
2026-09-25T05:12:41+09:00,97,6,6,2,7,34,3,11,0,12,0,13,3,0
2026-09-25T05:22:44+09:00,97,6,6,2,7,34,3,11,0,12,0,13,3,0
2026-09-25T05:32:47+09:00,98,6,6,2,7,34,3,11,0,13,0,13,3,0
2026-09-25T05:42:49+09:00,98,6,6,2,7,34,3,11,0,13,0,13,3,0
2026-09-25T05:52:52+09:00,98,6,6,2,7,34,3,11,0,13,0,13,3,0
2026-09-25T06:02:55+09:00,98,6,6,2,7,34,3,11,0,13,0,13,3,0
2026-09-25T06:10:01+09:00,0,,,,,,,,,,,,,
2026-09-25T06:12:57+09:00,99,6,6,2,7,34,3,11,0,13,0,13,4,0
2026-09-25T06:23:00+09:00,99,6,6,2,7,34,3,11,0,13,0,13,4,0
2026-09-25T06:33:03+09:00,96,6,6,2,7,34,2,11,0,13,0,13,2,0
2026-09-25T06:43:06+09:00,96,6,6,2,7,33,3,11,0,13,0,13,2,0
2026-09-25T06:43:21+09:00,96,6,6,2,7,33,3,11,0,13,0,13,2,0
2026-09-25T06:53:24+09:00,96,6,6,2,7,33,3,11,0,13,0,13,2,0
2026-09-25T07:03:26+09:00,96,6,6,2,7,33,3,11,0,13,0,13,2,0
2026-09-25T07:13:29+09:00,96,6,6,2,7,33,3,11,0,13,0,13,2,0
2026-09-25T07:23:32+09:00,96,7,5,2,7,33,3,11,0,13,0,13,2,0
2026-09-25T07:33:35+09:00,97,6,6,2,7,33,3,12,0,13,0,13,2,0
2026-09-25T07:43:38+09:00,100,6,6,2,7,36,3,12,0,13,0,13,2,0
2026-09-25T07:53:41+09:00,103,6,6,2,7,37,3,11,0,16,0,13,2,0
2026-09-25T08:03:44+09:00,107,6,6,2,7,37,3,10,0,21,0,13,2,0
2026-09-25T08:13:47+09:00,112,6,6,2,7,37,3,11,0,24,0,13,3,0
2026-09-25T08:23:49+09:00,116,7,6,2,7,37,3,11,0,27,0,13,3,0
2026-09-25T08:33:52+09:00,124,7,6,2,7,37,3,15,0,32,0,13,2,0
2026-09-25T08:43:55+09:00,148,7,6,2,7,36,3,19,4,43,4,15,2,0
2026-09-25T08:53:58+09:00,204,7,6,4,10,36,7,25,1,81,2,21,4,0
2026-09-25T09:04:01+09:00,240,8,6,5,8,36,14,32,1,106,0,21,3,0
2026-09-25T09:14:03+09:00,250,9,6,5,10,36,19,33,2,105,0,21,4,0
2026-09-25T09:24:06+09:00,258,9,6,5,12,36,19,40,0,103,0,24,4,0
2026-09-25T09:34:09+09:00,274,7,7,6,11,36,26,37,1,107,2,31,3,0
2026-09-25T09:44:12+09:00,288,8,8,4,11,36,28,41,1,101,9,37,4,0
2026-09-25T09:54:15+09:00,311,7,8,4,11,37,35,44,11,99,16,35,4,0
2026-09-25T10:04:18+09:00,334,7,8,3,12,39,42,49,18,100,19,32,5,0
2026-09-25T10:14:20+09:00,344,7,8,5,14,40,45,43,20,106,16,33,7,0
2026-09-25T10:24:25+09:00,357,7,8,5,15,42,44,44,24,107,15,36,7,3
2026-09-25T10:34:27+09:00,379,7,8,5,16,47,49,56,10,121,14,36,5,5
2026-09-25T10:44:30+09:00,380,9,8,5,16,48,52,59,8,116,13,35,9,2
2026-09-25T10:54:33+09:00,374,8,10,4,14,51,53,64,1,114,10,34,11,0
2026-09-25T11:04:37+09:00,377,8,10,3,15,52,54,66,1,117,5,34,12,0
2026-09-25T11:14:40+09:00,375,7,11,4,17,51,53,67,0,115,2,35,12,1
2026-09-25T11:24:43+09:00,386,7,11,5,16,51,57,63,1,116,1,43,15,0
2026-09-25T11:34:49+09:00,386,7,12,6,15,51,56,68,2,113,5,36,15,0
2026-09-25T11:44:52+09:00,366,9,12,5,15,51,56,71,1,87,3,31,22,3
2026-09-25T11:54:55+09:00,374,12,11,7,16,49,52,79,0,78,3,30,27,10
2026-09-25T12:04:58+09:00,388,9,9,7,15,48,59,75,0,87,6,34,30,9
2026-09-25T12:05:14+09:00,386,9,9,7,15,46,59,75,0,87,6,34,30,9
2026-09-25T12:15:17+09:00,379,14,8,7,13,46,56,65,0,87,2,39,35,7
2026-09-25T12:25:21+09:00,373,15,10,7,12,47,56,58,0,85,2,37,35,9
2026-09-25T12:35:25+09:00,391,10,8,6,15,46,49,65,0,110,8,42,27,5
2026-09-25T12:45:29+09:00,373,14,7,7,15,46,38,68,0,93,8,44,28,5
2026-09-25T12:55:32+09:00,359,17,7,7,15,46,39,60,0,88,4,41,31,4
2026-09-25T13:05:35+09:00,368,21,7,6,16,45,43,59,0,98,1,40,31,1
2026-09-25T13:15:38+09:00,374,23,6,6,16,47,42,59,0,96,2,41,35,1
2026-09-25T13:25:40+09:00,377,23,6,7,15,48,40,68,0,99,2,40,26,3
2026-09-25T13:35:43+09:00,378,25,4,8,19,48,37,58,0,105,9,43,20,2
2026-09-25T13:45:46+09:00,373,28,4,9,16,48,37,57,0,105,11,44,12,2
2026-09-25T13:55:49+09:00,366,24,4,7,17,48,37,62,0,108,5,44,9,1
2026-09-25T14:05:51+09:00,359,23,4,7,17,49,35,56,0,111,3,44,10,0
2026-09-25T14:15:55+09:00,367,24,4,7,17,49,36,63,0,106,1,47,12,1
2026-09-25T14:25:58+09:00,368,21,6,6,20,49,40,54,0,115,1,44,11,1
2026-09-25T14:36:01+09:00,376,22,5,6,22,49,41,60,1,115,3,43,8,1
2026-09-25T14:46:04+09:00,366,13,6,7,24,48,43,67,1,109,1,35,9,3
2026-09-25T14:56:08+09:00,353,9,5,6,21,48,43,58,1,112,6,33,9,2
2026-09-25T15:06:14+09:00,365,8,7,6,24,48,41,59,3,121,2,35,10,1
2026-09-25T15:16:19+09:00,369,9,4,4,30,49,44,61,3,117,2,34,8,4
2026-09-25T15:26:23+09:00,359,7,4,4,28,50,42,63,2,113,2,34,9,1
2026-09-25T15:36:26+09:00,351,7,4,5,23,50,44,56,1,112,4,32,13,0
2026-09-25T15:46:29+09:00,346,9,5,6,20,48,44,50,1,110,7,35,11,0
2026-09-25T15:56:35+09:00,340,8,5,5,18,48,43,49,0,113,7,35,8,1
2026-09-25T16:06:38+09:00,340,8,4,8,20,51,36,51,2,114,2,36,8,0
2026-09-25T16:16:41+09:00,344,7,4,7,23,51,36,55,0,116,3,33,9,0
2026-09-25T16:26:44+09:00,336,9,4,7,17,47,34,61,2,107,6,33,8,1
2026-09-25T16:36:47+09:00,318,8,4,7,16,47,39,51,2,103,0,31,8,2
2026-09-25T16:46:50+09:00,313,8,4,7,18,42,38,52,1,97,5,31,7,3
2026-09-25T16:56:53+09:00,313,10,6,9,14,42,37,55,1,101,2,27,7,2
2026-09-25T17:06:55+09:00,312,11,7,7,13,42,37,57,2,93,3,31,4,5
2026-09-25T17:16:58+09:00,296,11,7,8,15,42,38,53,3,89,1,22,4,3
2026-09-25T17:27:01+09:00,276,8,7,6,15,42,40,45,2,79,5,20,4,3
2026-09-25T17:27:17+09:00,276,8,7,6,15,42,40,45,2,79,5,20,4,3
2026-09-25T17:37:20+09:00,260,8,7,6,13,43,37,46,4,74,0,18,4,0
2026-09-25T17:47:23+09:00,247,8,7,7,12,42,36,36,4,67,2,18,4,4
2026-09-25T17:57:26+09:00,224,9,7,6,12,43,35,29,5,55,0,17,4,2
2026-09-25T18:07:32+09:00,209,7,7,7,11,43,33,27,1,51,0,17,4,1
2026-09-25T18:17:35+09:00,205,8,8,6,12,43,27,27,2,48,2,17,4,1
2026-09-25T18:27:38+09:00,191,8,7,6,11,43,25,24,2,45,1,14,4,1
2026-09-25T18:37:41+09:00,175,7,7,6,11,41,17,19,1,44,0,19,3,0
2026-09-25T18:47:44+09:00,174,7,7,6,10,40,13,15,7,43,4,16,3,3
2026-09-25T18:57:48+09:00,165,7,9,6,9,39,13,15,2,40,1,18,3,3
2026-09-25T19:07:53+09:00,159,7,7,6,9,39,11,15,0,34,7,19,4,1
2026-09-25T19:17:55+09:00,158,7,7,6,9,39,12,14,0,34,6,19,5,0
2026-09-25T19:27:58+09:00,145,7,7,6,9,38,10,9,0,33,2,19,5,0
2026-09-25T19:38:03+09:00,144,7,7,4,9,38,10,11,2,32,2,18,4,0
2026-09-25T19:48:07+09:00,140,7,4,6,9,38,9,11,1,32,1,17,3,2
2026-09-25T19:58:11+09:00,127,7,4,4,9,37,8,11,0,26,0,18,3,0
2026-09-25T20:08:14+09:00,123,7,4,2,9,37,8,11,0,24,0,18,3,0
2026-09-25T20:18:19+09:00,122,7,4,2,9,35,10,11,0,24,0,17,3,0
2026-09-25T20:28:27+09:00,125,7,4,2,9,35,11,10,0,25,1,17,4,0
2026-09-25T20:38:31+09:00,129,8,4,2,9,35,11,12,0,24,0,20,3,1
2026-09-25T20:48:36+09:00,130,8,4,2,13,35,11,12,0,24,1,16,3,1
2026-09-25T20:58:42+09:00,122,7,4,2,9,34,11,13,0,20,0,16,3,3
2026-09-25T21:08:45+09:00,123,7,4,2,9,34,11,13,0,19,0,16,4,4
2026-09-25T21:18:54+09:00,119,7,4,2,9,34,11,10,1,17,0,16,4,4
2026-09-25T21:28:59+09:00,113,7,4,2,9,34,11,10,0,16,0,14,4,2
2026-09-25T21:39:05+09:00,114,7,4,2,9,34,9,11,1,15,1,14,4,3
2026-09-27T15:28:01+09:00,0,,,,,,,,,,,,,
2026-09-27T15:33:48+09:00,116,21,4,6,8,29,5,11,0,10,0,20,2,0
2026-09-27T15:43:53+09:00,116,17,5,6,10,29,6,11,0,10,0,20,2,0
2026-09-27T15:53:53+09:00,117,18,4,7,10,29,6,11,0,10,0,20,2,0
2026-09-27T16:07:24+09:00,117,18,4,7,10,29,6,11,0,10,0,20,2,0
2026-09-27T16:17:27+09:00,119,21,4,5,9,30,6,11,1,10,0,19,3,0
2026-09-27T16:27:30+09:00,118,20,4,8,9,30,6,10,0,10,1,16,3,1
2026-09-27T16:37:36+09:00,121,22,4,8,10,30,6,13,0,10,2,14,2,0
2026-09-27T16:47:40+09:00,118,22,4,8,9,30,6,12,0,10,0,15,2,0
2026-09-27T16:57:43+09:00,116,22,4,9,9,30,6,9,0,10,1,14,2,0
2026-09-27T17:07:48+09:00,117,23,4,9,9,30,6,9,0,10,1,14,2,0
2026-09-27T17:17:53+09:00,117,21,4,9,9,30,6,9,0,10,1,14,3,1
2026-09-27T17:27:56+09:00,117,23,4,9,9,30,6,9,0,10,0,14,3,0
2026-09-27T17:37:59+09:00,111,15,5,5,12,30,6,9,0,10,0,17,2,0
2026-09-27T17:48:01+09:00,106,13,4,3,9,32,6,9,0,10,0,18,2,0
2026-09-27T17:58:05+09:00,105,12,4,3,9,32,6,9,0,10,0,18,2,0
2026-09-27T18:08:08+09:00,105,12,4,3,9,32,6,9,0,10,0,18,2,0
2026-09-27T18:18:10+09:00,112,12,4,3,10,32,6,9,0,10,5,18,3,0
2026-09-27T18:28:13+09:00,112,12,4,4,10,32,6,9,0,10,4,18,3,0
2026-09-27T18:38:16+09:00,112,13,4,3,12,32,6,9,0,10,3,18,2,0
2026-09-27T18:48:18+09:00,115,16,4,3,9,32,6,9,0,10,3,21,2,0
2026-09-27T18:58:23+09:00,117,15,4,3,8,32,6,9,0,10,5,23,2,0
2026-09-27T19:08:32+09:00,114,15,4,3,8,32,6,9,0,10,6,19,2,0
2026-09-27T19:18:38+09:00,111,15,4,3,8,32,6,9,0,10,1,20,3,0
2026-09-27T19:28:42+09:00,110,15,4,3,8,32,6,9,0,10,0,20,3,0
2026-09-27T19:38:45+09:00,110,15,4,3,8,32,6,9,0,10,1,20,2,0
2026-09-27T19:48:48+09:00,115,16,4,3,9,33,6,9,0,8,1,24,2,0
2026-09-27T19:58:51+09:00,122,10,5,5,11,33,6,13,0,10,5,22,2,0
2026-09-27T20:08:59+09:00,113,6,4,4,9,33,6,16,0,10,3,20,2,0
2026-09-27T20:19:02+09:00,110,7,4,3,8,31,7,17,0,10,0,20,3,0
2026-09-27T20:29:05+09:00,108,7,4,2,8,31,7,18,0,8,0,20,3,0
2026-09-27T20:39:08+09:00,104,7,4,2,8,31,7,14,1,8,0,20,2,0
2026-09-27T20:49:12+09:00,102,7,4,2,8,31,7,12,1,8,0,20,2,0
2026-09-27T20:59:16+09:00,106,7,4,3,8,31,9,10,3,8,1,20,2,0
2026-09-27T20:59:37+09:00,106,7,4,3,8,31,9,10,3,8,1,20,2,0
2026-09-27T21:09:40+09:00,105,7,4,3,8,31,8,9,5,8,0,20,2,0
2026-09-27T21:19:43+09:00,104,7,4,3,8,31,7,9,2,8,3,20,2,0
2026-09-27T21:29:48+09:00,103,7,4,7,8,31,7,10,0,8,2,16,3,0
2026-09-27T21:39:51+09:00,101,7,4,3,8,31,8,10,0,8,4,16,2,0
2026-09-27T21:49:54+09:00,98,7,4,3,8,31,8,9,0,8,2,16,2,0
2026-09-27T21:59:57+09:00,97,7,4,3,8,31,9,9,0,8,0,16,2,0
2026-09-27T22:10:02+09:00,96,7,4,3,8,31,8,9,0,8,0,16,2,0
2026-09-27T22:20:06+09:00,96,7,4,3,8,31,7,9,0,9,0,16,2,0
2026-09-27T22:30:10+09:00,97,7,4,3,8,31,7,9,0,9,0,16,3,0
2026-09-27T22:40:15+09:00,98,7,4,3,8,31,8,9,0,9,0,16,2,1
2026-09-27T22:50:21+09:00,98,7,4,3,8,31,8,9,0,9,0,16,2,1
2026-09-27T23:00:24+09:00,97,7,4,3,8,31,9,9,0,9,0,15,2,0
2026-09-27T23:10:29+09:00,98,7,4,3,8,31,8,9,0,9,1,16,2,0
2026-09-27T23:20:32+09:00,96,7,4,3,8,31,7,9,0,9,0,15,3,0
2026-09-27T23:30:36+09:00,98,7,4,3,8,31,10,9,0,9,0,14,3,0
2026-09-27T23:40:41+09:00,94,7,4,3,8,31,7,9,0,9,0,14,2,0
2026-09-27T23:50:45+09:00,94,7,4,3,8,31,7,9,0,9,0,14,2,0
2026-09-28T00:00:49+09:00,94,7,4,3,8,31,7,9,0,9,0,14,2,0
2026-09-28T00:10:52+09:00,93,7,4,3,8,31,6,9,0,9,0,14,2,0
2026-09-28T00:20:55+09:00,94,7,4,3,8,31,6,9,0,9,0,14,3,0
2026-09-28T00:30:59+09:00,93,7,4,3,8,31,5,9,0,9,0,14,3,0
2026-09-28T00:41:01+09:00,91,7,4,3,7,31,5,9,0,9,0,14,2,0
2026-09-28T00:51:04+09:00,92,7,4,3,8,31,5,9,0,9,0,14,2,0
2026-09-28T01:01:07+09:00,92,7,4,3,8,31,5,9,0,9,0,14,2,0
2026-09-28T01:11:10+09:00,92,7,4,3,8,31,5,9,0,9,0,14,2,0
2026-09-28T01:21:13+09:00,92,7,4,3,8,31,5,9,0,9,0,14,2,0
2026-09-28T01:31:16+09:00,93,8,4,3,8,31,5,9,0,9,0,13,3,0
2026-09-28T01:41:19+09:00,93,7,4,3,8,31,5,9,0,9,0,14,3,0
2026-09-28T01:51:22+09:00,92,7,4,3,8,31,5,9,0,9,0,14,2,0
2026-09-28T02:01:25+09:00,92,7,4,3,8,31,5,9,0,9,0,14,2,0
2026-09-28T02:11:28+09:00,92,7,4,3,8,31,3,9,0,10,1,14,2,0
2026-09-28T02:21:31+09:00,91,7,4,3,8,31,3,9,0,10,0,14,2,0
2026-09-28T02:21:47+09:00,91,7,4,3,8,31,3,9,0,10,0,14,2,0
2026-09-28T02:31:49+09:00,90,7,4,3,8,31,2,9,0,10,0,14,2,0
2026-09-28T02:41:52+09:00,90,7,4,3,8,31,2,9,0,10,0,14,2,0
2026-09-28T02:51:54+09:00,90,7,4,3,8,31,2,9,0,10,0,14,2,0
2026-09-28T03:01:57+09:00,90,7,4,3,8,31,2,9,0,10,0,14,2,0
2026-09-28T03:12:00+09:00,90,7,4,3,8,31,2,9,0,10,0,14,2,0
2026-09-28T03:22:03+09:00,91,7,4,3,8,31,2,10,0,10,0,14,2,0
2026-09-28T03:32:05+09:00,90,7,4,3,7,31,2,10,0,10,0,14,2,0
2026-09-28T03:42:08+09:00,91,7,4,3,8,31,2,10,0,10,0,14,2,0
2026-09-28T03:52:11+09:00,91,7,4,3,8,31,2,10,0,10,0,14,2,0
2026-09-28T04:02:13+09:00,91,7,4,3,8,31,2,10,0,10,0,14,2,0
2026-09-28T04:12:16+09:00,91,7,4,3,8,31,2,10,0,10,0,14,2,0
2026-09-28T04:22:19+09:00,91,7,4,3,8,31,2,10,0,10,0,14,2,0
2026-09-28T04:32:21+09:00,91,7,4,3,8,31,2,10,0,10,0,14,2,0
2026-09-28T04:42:24+09:00,91,7,4,3,8,31,2,10,0,10,0,14,2,0
2026-09-28T04:52:27+09:00,91,7,4,3,8,31,2,10,0,10,0,14,2,0
2026-09-28T05:02:29+09:00,91,7,4,3,8,31,2,10,0,10,0,14,2,0
2026-09-28T05:12:32+09:00,91,7,4,3,8,31,2,10,0,10,0,14,2,0
2026-09-28T05:22:35+09:00,91,7,4,3,8,31,2,10,0,10,0,14,2,0
2026-09-28T05:32:38+09:00,91,7,4,3,8,31,2,10,0,10,0,14,2,0
2026-09-28T05:42:40+09:00,93,7,4,3,8,31,2,12,0,10,0,14,2,0
2026-09-28T05:52:43+09:00,90,7,4,3,7,31,2,10,0,10,0,14,2,0
2026-09-28T06:02:46+09:00,91,7,4,3,8,31,2,10,0,10,0,14,2,0
2026-09-28T06:12:48+09:00,92,7,4,3,8,31,2,10,0,10,0,14,3,0
2026-09-28T06:22:51+09:00,91,7,4,3,8,31,2,10,0,10,0,14,2,0
2026-09-28T06:32:54+09:00,92,7,4,3,8,31,3,10,0,10,0,14,2,0
2026-09-28T06:42:56+09:00,92,7,4,3,8,30,3,10,0,10,0,14,3,0
2026-09-28T06:52:59+09:00,92,7,4,3,8,30,3,10,0,10,0,14,3,0
2026-09-28T07:03:01+09:00,92,7,4,3,8,30,4,10,0,10,0,14,2,0
2026-09-28T07:13:04+09:00,90,7,4,3,8,30,4,10,0,8,0,14,2,0
2026-09-28T07:23:07+09:00,92,7,4,3,8,30,4,10,0,10,0,14,2,0
2026-09-28T07:33:09+09:00,93,7,4,3,8,30,4,11,0,10,0,14,2,0
2026-09-28T07:43:12+09:00,93,7,4,3,8,30,4,11,0,10,0,14,2,0
2026-09-28T07:43:30+09:00,93,7,4,3,8,30,4,11,0,10,0,14,2,0
2026-09-28T07:53:33+09:00,99,7,4,3,8,30,5,12,0,14,0,14,2,0
2026-09-28T08:03:35+09:00,103,7,4,3,8,30,5,11,0,19,0,14,2,0
2026-09-28T08:13:38+09:00,110,7,5,3,8,30,4,11,0,24,1,14,3,0
2026-09-28T08:23:41+09:00,119,7,6,3,8,30,5,11,0,32,0,14,3,0
2026-09-28T08:33:43+09:00,121,7,6,3,8,30,5,12,0,33,1,14,2,0
2026-09-28T08:43:46+09:00,141,7,6,5,8,30,5,19,0,42,1,15,3,0
2026-09-28T08:53:49+09:00,189,8,6,5,8,30,6,31,0,74,2,15,4,0
2026-09-28T09:03:52+09:00,223,7,8,7,8,30,6,33,0,107,0,15,2,0
2026-09-28T09:13:55+09:00,223,9,12,6,8,30,7,26,0,104,2,16,3,0
2026-09-28T09:23:57+09:00,228,10,11,5,10,30,6,38,0,99,0,16,3,0
2026-09-28T09:34:00+09:00,225,7,8,5,11,30,6,39,0,101,0,16,2,0
2026-09-28T09:44:03+09:00,232,7,8,5,11,32,6,44,0,100,0,16,3,0
2026-09-28T09:54:05+09:00,241,11,10,6,13,32,6,45,0,99,0,16,3,0
2026-09-28T10:04:08+09:00,249,9,10,6,16,35,6,47,0,100,0,16,4,0
2026-09-28T10:14:11+09:00,256,9,10,6,20,36,6,46,0,103,0,16,4,0
2026-09-28T10:24:14+09:00,263,9,10,5,19,36,8,49,1,104,2,16,4,0
2026-09-28T10:34:17+09:00,280,11,10,6,26,37,8,61,0,100,0,16,4,1
2026-09-28T10:44:20+09:00,283,8,11,7,26,35,15,56,1,101,2,16,4,1
2026-09-28T10:54:23+09:00,283,8,11,7,29,34,21,47,0,100,1,17,8,0
2026-09-28T11:04:29+09:00,283,9,12,6,35,33,22,45,0,100,0,16,4,1
2026-09-28T11:14:32+09:00,293,12,10,8,31,33,22,47,1,103,0,16,9,1
2026-09-28T11:24:34+09:00,288,8,10,8,33,33,24,47,0,103,0,16,6,0
2026-09-28T11:34:37+09:00,294,8,10,8,40,33,26,45,0,100,0,16,8,0
2026-09-28T11:44:40+09:00,292,9,10,8,42,33,25,40,0,81,3,16,24,1
2026-09-28T11:54:43+09:00,296,9,10,7,40,33,25,44,0,78,3,16,28,3
2026-09-28T12:04:45+09:00,306,9,12,6,41,33,27,49,0,77,2,16,30,4
2026-09-28T12:14:48+09:00,333,11,11,8,40,33,28,58,0,78,2,18,37,9
2026-09-28T12:24:51+09:00,343,11,12,8,36,38,26,58,0,88,3,16,43,4
2026-09-28T12:34:58+09:00,336,11,13,6,33,38,28,68,0,91,0,16,26,6
2026-09-28T12:45:01+09:00,333,11,14,7,37,38,32,64,0,83,0,16,29,2
2026-09-28T12:55:05+09:00,357,10,16,8,49,37,33,66,0,93,0,16,27,2
2026-09-28T13:05:08+09:00,357,12,22,9,44,37,35,70,0,88,3,16,19,2
2026-09-28T13:05:27+09:00,352,12,23,8,40,38,34,69,0,95,0,16,13,4
2026-09-28T13:15:31+09:00,358,12,23,7,40,38,32,73,1,98,3,17,14,0
2026-09-28T13:25:34+09:00,376,14,24,8,35,40,30,82,1,103,10,17,10,2
2026-09-28T13:35:36+09:00,403,14,26,8,40,40,30,74,1,119,12,23,13,3
2026-09-28T13:45:39+09:00,386,13,23,7,45,39,28,71,2,117,9,18,10,4
2026-09-28T13:55:42+09:00,377,15,24,7,44,39,28,67,1,117,4,16,12,3
2026-09-28T14:05:47+09:00,376,13,24,8,42,39,28,69,5,109,3,18,15,3
2026-09-28T14:15:57+09:00,379,13,27,8,40,42,28,72,3,109,2,16,16,3
2026-09-28T14:26:01+09:00,368,19,12,9,39,43,30,70,6,103,4,17,15,1
2026-09-28T14:36:06+09:00,366,14,12,10,37,44,27,75,20,88,4,18,15,2
2026-09-28T14:46:08+09:00,372,15,10,10,39,44,29,77,19,92,3,17,16,1
2026-09-28T14:57:20+09:00,366,14,10,8,38,44,27,79,19,89,2,18,15,3
2026-09-28T15:07:23+09:00,366,14,10,9,38,44,28,98,5,86,1,17,16,0
2026-09-28T15:17:27+09:00,377,13,10,9,38,44,31,91,14,92,3,18,13,1
2026-09-28T15:25:01+09:00,0,,,,,,,,,,,,,
2026-09-28T15:35:01+09:00,0,,,,,,,,,,,,,
2026-09-28T15:45:01+09:00,0,,,,,,,,,,,,,
2026-09-28T15:55:01+09:00,0,,,,,,,,,,,,,
2026-09-28T16:05:01+09:00,0,,,,,,,,,,,,,
2026-09-28T21:10:02+09:00,75,1,3,2,3,14,6,6,0,26,1,8,4,1
2026-09-28T21:20:02+09:00,189,4,3,6,34,5,22,35,0,47,4,4,23,2
2026-09-28T21:30:01+09:00,42,5,0,2,3,8,3,7,0,7,0,6,0,1
2026-09-28T21:40:01+09:00,40,4,0,3,3,8,3,5,0,6,0,6,0,2
2026-09-28T21:50:02+09:00,35,4,0,2,3,6,3,4,0,5,0,6,0,2
2026-09-28T22:00:01+09:00,32,4,0,2,3,6,3,5,0,5,0,4,0,0
2026-09-28T22:10:01+09:00,29,4,0,2,3,4,3,4,0,5,0,4,0,0
2026-09-28T22:20:01+09:00,28,4,0,2,3,4,2,4,0,5,0,4,0,0
2026-09-28T22:30:01+09:00,29,4,0,2,3,4,3,4,0,5,0,4,0,0
2026-09-28T22:40:01+09:00,29,4,0,2,3,4,3,4,0,5,0,4,0,0
2026-09-28T22:50:02+09:00,29,5,0,2,3,4,2,4,0,5,0,4,0,0
2026-09-28T23:00:02+09:00,31,4,0,3,4,4,2,4,0,5,1,4,0,0
2026-09-28T23:10:02+09:00,29,4,0,3,4,4,2,4,0,5,1,2,0,0
2026-09-28T23:20:01+09:00,28,4,0,3,3,4,2,4,0,5,1,2,0,0
2026-09-28T23:30:02+09:00,28,4,0,3,3,4,2,4,0,5,1,2,0,0
2026-09-28T23:40:02+09:00,26,4,0,2,3,4,2,4,0,5,0,2,0,0
2026-09-28T23:50:01+09:00,26,4,0,2,3,4,2,4,0,5,0,2,0,0
2026-09-29T00:00:01+09:00,26,4,0,2,3,4,2,4,0,5,0,2,0,0
2026-09-29T00:10:02+09:00,26,4,0,2,3,4,2,4,0,5,0,2,0,0
2026-09-29T00:20:01+09:00,25,4,0,2,3,4,1,4,0,5,0,2,0,0
2026-09-29T00:30:02+09:00,27,4,0,2,3,4,3,4,0,5,0,2,0,0
2026-09-29T00:40:01+09:00,27,4,0,2,3,4,3,4,0,5,0,2,0,0
2026-09-29T00:50:01+09:00,30,4,0,2,3,5,5,4,0,5,0,2,0,0
2026-09-29T01:00:01+09:00,29,4,0,2,4,5,1,5,0,5,0,3,0,0
2026-09-29T01:10:01+09:00,27,4,0,2,3,5,0,6,0,5,0,2,0,0
2026-09-29T01:20:01+09:00,26,4,0,2,3,5,0,4,0,5,1,2,0,0
2026-09-29T01:30:02+09:00,24,4,0,2,3,4,0,4,0,5,0,2,0,0
2026-09-29T01:40:02+09:00,24,4,0,2,3,4,0,4,0,5,0,2,0,0
2026-09-29T01:50:02+09:00,25,4,0,2,3,4,0,4,1,5,0,2,0,0
2026-09-29T02:00:01+09:00,26,4,0,2,3,4,0,4,0,5,0,2,0,2
2026-09-29T02:10:02+09:00,25,5,0,2,3,4,0,4,0,5,0,2,0,0
2026-09-29T02:20:01+09:00,24,4,0,2,3,4,0,4,0,5,0,2,0,0
2026-09-29T02:30:01+09:00,24,4,0,2,3,4,0,4,0,5,0,2,0,0
2026-09-29T02:40:01+09:00,24,4,0,2,3,4,0,4,0,5,0,2,0,0
2026-09-29T02:50:01+09:00,24,4,0,2,3,4,0,4,0,5,0,2,0,0
2026-09-29T03:00:02+09:00,24,4,0,2,3,4,0,4,0,5,0,2,0,0
2026-09-29T03:10:01+09:00,24,4,0,2,3,4,0,4,0,5,0,2,0,0
2026-09-29T03:20:01+09:00,24,4,0,2,3,4,0,4,0,5,0,2,0,0
2026-09-29T03:30:01+09:00,24,4,0,2,3,4,0,4,0,5,0,2,0,0
2026-09-29T03:40:01+09:00,24,4,0,2,3,4,0,4,0,5,0,2,0,0
2026-09-29T03:50:01+09:00,24,4,0,2,3,4,0,4,0,5,0,2,0,0
2026-09-29T04:00:01+09:00,24,4,0,2,3,4,0,4,0,5,0,2,0,0
2026-09-29T04:10:01+09:00,24,4,0,2,3,4,0,4,0,5,0,2,0,0
2026-09-29T04:20:02+09:00,24,4,0,2,3,4,0,4,0,5,0,2,0,0
2026-09-29T04:30:02+09:00,25,4,0,2,4,4,0,4,0,5,0,2,0,0
2026-09-29T04:40:02+09:00,25,4,0,2,4,4,0,4,0,5,0,2,0,0
2026-09-29T04:50:02+09:00,25,4,0,2,4,4,0,4,0,5,0,2,0,0
2026-09-29T05:00:01+09:00,25,4,0,2,4,4,0,4,0,5,0,2,0,0
2026-09-29T05:10:01+09:00,25,4,0,2,4,4,0,4,0,5,0,2,0,0
2026-09-29T05:20:01+09:00,27,4,0,2,4,4,0,4,0,5,0,4,0,0
2026-09-29T05:30:01+09:00,27,4,0,2,4,4,0,4,0,5,0,4,0,0
2026-09-29T05:40:01+09:00,28,4,0,2,4,4,0,5,0,5,0,4,0,0
2026-09-29T05:50:02+09:00,27,4,0,2,4,4,0,4,0,5,0,4,0,0
2026-09-29T06:00:02+09:00,27,4,0,2,4,4,0,4,0,5,0,4,0,0
2026-09-29T06:10:02+09:00,27,4,0,2,4,4,0,4,0,5,0,4,0,0
2026-09-29T06:20:02+09:00,27,4,0,2,4,4,0,4,0,5,0,4,0,0
2026-09-29T06:30:01+09:00,27,4,0,2,4,4,0,4,0,5,0,4,0,0
2026-09-29T06:40:01+09:00,28,4,0,2,4,4,0,4,0,5,1,4,0,0
2026-09-29T06:55:01+09:00,28,4,0,2,4,4,0,4,0,5,1,4,0,0
2026-09-29T07:05:01+09:00,29,4,0,2,4,4,0,5,0,5,1,4,0,0
2026-09-29T07:15:01+09:00,28,4,0,2,4,4,0,4,0,5,1,4,0,0
2026-09-29T07:25:01+09:00,29,4,0,2,4,4,0,4,0,5,2,4,0,0
2026-09-29T07:35:02+09:00,30,4,0,2,4,4,0,4,0,6,2,4,0,0
2026-09-29T07:45:01+09:00,29,4,0,2,4,4,0,5,0,5,1,4,0,0
2026-09-29T07:55:01+09:00,34,4,0,2,4,4,0,5,0,10,1,4,0,0
2026-09-29T08:05:01+09:00,35,4,0,2,4,4,0,5,0,11,1,4,0,0
2026-09-29T08:15:01+09:00,44,4,0,2,4,4,0,6,0,19,1,4,0,0
2026-09-29T08:25:02+09:00,45,4,0,2,4,4,0,5,0,20,1,4,1,0
2026-09-29T08:35:01+09:00,54,4,0,2,4,4,0,6,1,27,1,4,1,0
2026-09-29T08:45:01+09:00,88,4,0,3,4,4,0,12,0,47,2,10,2,0
2026-09-29T08:55:01+09:00,121,4,0,4,4,4,0,17,0,79,3,5,1,0
2026-09-29T09:05:02+09:00,134,4,1,4,5,4,0,19,0,90,3,4,0,0
2026-09-29T09:15:02+09:00,140,4,1,5,7,4,0,20,3,89,1,6,0,0
2026-09-29T09:25:01+09:00,149,6,1,4,8,4,0,25,0,93,2,6,0,0
2026-09-29T09:35:01+09:00,161,7,3,4,8,6,1,26,1,95,4,6,0,0
2026-09-29T09:45:01+09:00,168,7,6,4,9,6,1,28,0,99,1,7,0,0
2026-09-29T09:55:02+09:00,180,9,6,6,15,6,1,30,0,99,2,6,0,0
2026-09-29T10:05:02+09:00,206,11,4,8,31,7,1,30,2,104,1,6,1,0
2026-09-29T10:15:01+09:00,205,10,4,10,30,5,1,27,0,102,3,6,7,0
2026-09-29T10:25:01+09:00,208,11,4,8,32,4,1,28,2,103,2,6,7,0
2026-09-29T10:35:01+09:00,211,13,4,8,38,4,1,26,0,103,2,7,5,0
2026-09-29T10:45:02+09:00,220,11,5,7,39,4,1,30,1,109,2,9,2,0
2026-09-29T10:55:01+09:00,247,11,4,7,39,4,3,30,1,110,2,27,7,2
2026-09-29T11:05:02+09:00,264,11,4,6,39,4,1,29,1,109,2,50,8,0
2026-09-29T11:15:01+09:00,270,11,4,7,40,6,0,33,0,105,5,47,12,0
2026-09-29T11:25:01+09:00,259,13,5,7,40,9,0,36,2,99,12,22,14,0
2026-09-29T11:35:02+09:00,264,15,6,7,41,9,1,47,0,93,10,16,19,0
2026-09-29T11:45:02+09:00,260,12,5,9,34,11,7,44,1,78,9,15,35,0
2026-09-29T11:55:01+09:00,266,16,4,6,34,11,7,42,0,83,15,13,34,1
2026-09-29T12:05:01+09:00,257,11,5,5,40,11,5,50,0,80,15,10,24,1
2026-09-29T12:15:01+09:00,262,11,5,4,44,11,6,49,1,72,12,14,30,3
2026-09-29T12:25:01+09:00,243,15,4,8,34,10,5,42,1,64,12,15,30,3
2026-09-29T12:35:01+09:00,251,13,5,10,28,10,5,43,3,76,10,17,28,3
2026-09-29T12:45:02+09:00,261,11,7,9,30,10,14,43,5,74,10,16,30,2
2026-09-29T12:55:02+09:00,291,11,8,9,30,13,22,46,0,85,13,15,32,7
2026-09-29T13:05:01+09:00,307,12,5,10,39,13,29,45,0,106,10,18,15,5
2026-09-29T13:15:01+09:00,289,7,6,9,38,12,30,45,0,98,12,15,14,3
2026-09-29T13:25:01+09:00,301,10,5,10,38,13,30,52,0,99,17,18,7,2
2026-09-29T13:35:01+09:00,312,8,5,9,37,10,34,53,1,113,12,19,11,0
2026-09-29T13:45:01+09:00,306,7,5,10,40,10,28,53,3,112,10,18,8,2
2026-09-29T13:55:01+09:00,315,8,7,9,51,10,29,52,2,114,7,16,9,1
2026-09-29T14:05:01+09:00,320,7,9,9,54,10,30,45,0,116,7,20,12,1
2026-09-29T14:15:01+09:00,322,8,8,9,51,11,31,50,0,101,10,19,23,1
2026-09-29T14:25:01+09:00,325,7,7,9,56,8,29,47,0,102,14,17,28,1
2026-09-29T14:35:01+09:00,320,9,7,9,53,8,30,47,0,100,12,19,24,2
2026-09-29T14:45:02+09:00,325,11,4,10,51,8,35,52,0,100,13,19,20,2
2026-09-29T14:55:02+09:00,325,11,4,9,51,8,36,50,2,101,11,19,18,5
2026-09-29T15:05:01+09:00,314,12,7,12,47,8,33,46,2,100,10,21,13,3
2026-09-29T15:15:01+09:00,304,8,6,10,50,8,32,44,1,101,10,20,12,2
2026-09-29T15:25:02+09:00,299,5,9,10,47,8,31,48,0,100,12,20,7,2
2026-09-29T15:35:02+09:00,297,9,5,6,46,9,31,56,1,98,11,19,5,1
2026-09-29T15:45:01+09:00,301,9,5,6,44,9,34,54,2,110,9,16,3,0
2026-09-29T15:55:02+09:00,295,6,5,7,45,9,33,49,2,102,9,18,6,4
2026-09-29T16:05:01+09:00,288,5,4,7,41,12,34,49,0,103,10,18,3,2
2026-09-29T16:15:01+09:00,286,6,4,6,37,15,37,44,0,104,15,17,1,0
2026-09-29T16:25:01+09:00,275,5,3,7,26,17,36,48,0,99,13,17,3,1
2026-09-29T16:35:01+09:00,280,5,3,8,12,18,37,59,1,101,14,19,2,1
2026-09-29T16:45:02+09:00,275,7,7,5,8,17,38,58,1,98,15,19,2,0
2026-09-29T16:55:02+09:00,265,6,2,6,5,18,38,47,1,101,15,19,6,1
2026-09-29T17:05:01+09:00,257,5,4,4,4,22,38,41,1,97,15,23,0,3
2026-09-29T17:15:01+09:00,239,5,2,3,4,23,35,45,0,82,16,24,0,0
2026-09-29T17:25:01+09:00,231,5,2,4,5,26,37,39,1,78,12,22,0,0
2026-09-29T17:35:02+09:00,215,5,2,3,4,26,34,33,3,71,12,17,0,5
2026-09-29T17:45:01+09:00,203,5,2,3,5,25,34,31,5,63,12,18,0,0
2026-09-29T17:55:01+09:00,192,5,2,5,6,26,33,21,0,60,13,18,0,3
2026-09-29T18:05:01+09:00,177,6,2,4,7,25,32,19,2,54,10,14,0,2
2026-09-29T18:15:01+09:00,173,5,2,4,8,28,31,17,1,51,10,14,0,2
2026-09-29T18:25:01+09:00,155,5,2,3,10,26,29,12,0,44,10,13,0,1
2026-09-29T18:35:02+09:00,139,5,2,3,7,22,27,9,0,41,9,12,0,2
2026-09-29T18:45:01+09:00,138,6,2,4,8,22,27,7,2,32,11,15,0,2
2026-09-29T18:55:01+09:00,118,5,2,3,5,23,8,11,3,29,11,15,0,3
2026-09-29T19:10:01+09:00,112,5,1,2,3,24,9,11,2,26,13,14,0,2
2026-09-29T19:20:02+09:00,86,5,1,2,3,24,5,6,0,24,3,13,0,0
2026-09-29T19:30:02+09:00,86,5,2,2,4,26,8,6,0,19,1,13,0,0
2026-09-29T19:40:02+09:00,84,5,2,2,3,26,9,7,0,15,1,14,0,0
2026-09-29T19:50:02+09:00,95,5,1,2,3,26,6,10,3,15,9,14,0,1
2026-09-29T20:00:02+09:00,87,6,1,2,3,26,8,3,2,15,7,14,0,0
2026-09-29T20:10:02+09:00,79,5,1,2,3,27,8,3,0,15,2,13,0,0
2026-09-29T20:20:02+09:00,78,5,1,2,3,27,5,4,0,12,6,13,0,0
2026-09-29T20:30:01+09:00,71,5,1,2,3,21,5,3,2,11,6,12,0,0
2026-09-29T20:40:01+09:00,66,2,1,2,3,21,5,3,1,11,7,10,0,0
2026-09-29T20:50:02+09:00,67,2,1,2,3,22,5,3,1,11,7,10,0,0
2026-09-29T21:00:02+09:00,58,2,1,2,3,19,5,3,0,9,6,8,0,0
2026-09-29T21:10:01+09:00,58,2,1,2,3,19,6,8,2,7,0,8,0,0
2026-09-29T21:20:02+09:00,54,2,1,3,3,20,5,5,0,6,1,8,0,0
2026-09-29T21:30:02+09:00,50,2,1,2,3,21,5,3,0,6,1,6,0,0
2026-09-29T21:40:02+09:00,52,2,1,2,3,19,5,4,0,5,2,6,0,3
2026-09-29T21:50:02+09:00,49,2,1,2,2,19,5,5,0,4,2,6,0,1
2026-09-29T22:00:02+09:00,47,2,1,2,3,19,5,4,0,4,1,6,0,0
2026-09-29T22:10:01+09:00,45,2,1,2,3,19,5,3,0,4,0,6,0,0
2026-09-29T22:20:01+09:00,46,2,1,2,3,20,5,3,0,4,0,6,0,0
2026-09-29T22:30:02+09:00,45,2,1,3,2,19,4,4,0,4,0,6,0,0
2026-09-29T22:40:02+09:00,45,2,1,2,2,19,4,5,0,4,0,6,0,0
2026-09-29T22:50:02+09:00,43,2,1,2,2,19,3,4,0,4,0,6,0,0
2026-09-29T23:00:01+09:00,44,2,2,3,2,18,3,4,0,4,0,6,0,0
2026-09-29T23:10:01+09:00,44,2,2,2,2,18,3,5,0,4,0,6,0,0
2026-09-29T23:20:01+09:00,39,2,1,2,2,14,3,5,0,4,0,6,0,0
2026-09-29T23:30:01+09:00,38,2,1,2,2,14,3,4,0,4,0,6,0,0
2026-09-29T23:40:01+09:00,33,2,1,2,2,10,4,4,0,4,0,4,0,0
2026-09-29T23:50:01+09:00,32,2,1,2,2,10,3,4,0,4,0,4,0,0
2026-09-30T00:00:02+09:00,32,2,1,2,2,10,3,4,0,4,0,4,0,0
2026-09-30T00:10:02+09:00,31,2,1,1,2,10,3,4,0,4,0,4,0,0
2026-09-30T00:20:02+09:00,31,2,1,1,2,10,3,4,0,4,0,4,0,0
2026-09-30T00:30:02+09:00,31,2,1,1,2,10,3,4,0,4,0,4,0,0
2026-09-30T00:40:01+09:00,31,2,1,1,2,10,3,4,0,4,0,4,0,0
2026-09-30T00:50:01+09:00,32,2,1,1,2,10,4,4,0,4,0,4,0,0
2026-09-30T01:00:02+09:00,32,2,1,1,2,10,4,4,0,4,0,4,0,0
2026-09-30T01:10:01+09:00,31,2,1,1,2,10,3,4,0,4,0,4,0,0
2026-09-30T01:20:01+09:00,31,2,1,1,2,10,3,4,0,4,0,4,0,0
2026-09-30T01:30:01+09:00,30,2,1,1,2,10,3,3,0,4,0,4,0,0
2026-09-30T01:40:01+09:00,30,2,1,1,2,10,3,3,0,4,0,4,0,0
2026-09-30T01:50:01+09:00,30,2,1,1,2,10,3,3,0,4,0,4,0,0
2026-09-30T02:00:02+09:00,30,2,1,1,2,10,3,3,0,4,0,4,0,0
2026-09-30T02:10:01+09:00,30,2,1,1,2,10,3,3,0,4,0,4,0,0
2026-09-30T02:20:01+09:00,30,2,1,1,2,10,3,3,0,4,0,4,0,0
2026-09-30T02:30:01+09:00,30,2,1,1,2,10,3,3,0,4,0,4,0,0
2026-09-30T02:40:01+09:00,27,2,1,1,2,10,0,3,0,4,0,4,0,0
2026-09-30T02:50:01+09:00,27,2,1,1,2,10,0,3,0,4,0,4,0,0
